x_m,m_exponent,h_m
0.0,0,0.004
0.0022727272727272726,0,0.004
0.004545454545454545,0,0.004
0.006818181818181818,0,0.004
0.00909090909090909,0,0.004
0.011363636363636364,0,0.004
0.013636363636363636,0,0.004
0.015909090909090907,0,0.004
0.01818181818181818,0,0.004
0.020454545454545454,0,0.004
0.022727272727272728,0,0.004
0.024999999999999998,0,0.004
0.02727272727272727,0,0.004
0.029545454545454545,0,0.004
0.031818181818181815,0,0.004
0.03409090909090909,0,0.004
0.03636363636363636,0,0.004
0.038636363636363635,0,0.004
0.04090909090909091,0,0.004
0.04318181818181818,0,0.004
0.045454545454545456,0,0.004
0.04772727272727272,0,0.004
0.049999999999999996,0,0.004
0.05227272727272727,0,0.004
0.05454545454545454,0,0.004
0.056818181818181816,0,0.004
0.05909090909090909,0,0.004
0.06136363636363636,0,0.004
0.06363636363636363,0,0.004
0.0659090909090909,0,0.004
0.06818181818181818,0,0.004
0.07045454545454545,0,0.004
0.07272727272727272,0,0.004
0.075,0,0.004
0.07727272727272727,0,0.004
0.07954545454545454,0,0.004
0.08181818181818182,0,0.004
0.08409090909090909,0,0.004
0.08636363636363636,0,0.004
0.08863636363636364,0,0.004
0.09090909090909091,0,0.004
0.09318181818181817,0,0.004
0.09545454545454544,0,0.004
0.09772727272727272,0,0.004
0.09999999999999999,0,0.004
0.10227272727272727,0,0.004
0.10454545454545454,0,0.004
0.10681818181818181,0,0.004
0.10909090909090909,0,0.004
0.11136363636363636,0,0.004
0.11363636363636363,0,0.004
0.1159090909090909,0,0.004
0.11818181818181818,0,0.004
0.12045454545454545,0,0.004
0.12272727272727273,0,0.004
0.125,0,0.004
0.12727272727272726,0,0.004
0.12954545454545455,0,0.004
0.1318181818181818,0,0.004
0.1340909090909091,0,0.004
0.13636363636363635,0,0.004
0.13863636363636364,0,0.004
0.1409090909090909,0,0.004
0.1431818181818182,0,0.004
0.14545454545454545,0,0.004
0.1477272727272727,0,0.004
0.15,0,0.004
0.15227272727272725,0,0.004
0.15454545454545454,0,0.004
0.1568181818181818,0,0.004
0.1590909090909091,0,0.004
0.16136363636363635,0,0.004
0.16363636363636364,0,0.004
0.1659090909090909,0,0.004
0.16818181818181818,0,0.004
0.17045454545454544,0,0.004
0.17272727272727273,0,0.004
0.175,0,0.004
0.17727272727272728,0,0.004
0.17954545454545454,0,0.004
0.18181818181818182,0,0.004
0.18409090909090908,0,0.004
0.18636363636363634,0,0.004
0.18863636363636363,0,0.004
0.1909090909090909,0,0.004
0.19318181818181818,0,0.004
0.19545454545454544,0,0.004
0.19772727272727272,0,0.004
0.19999999999999998,0,0.004
0.20227272727272727,0,0.004
0.20454545454545453,0,0.004
0.20681818181818182,0,0.004
0.20909090909090908,0,0.004
0.21136363636363636,0,0.004
0.21363636363636362,0,0.004
0.2159090909090909,0,0.004
0.21818181818181817,0,0.004
0.22045454545454543,0,0.004
0.22272727272727272,0,0.004
0.22499999999999998,0,0.004
0.22727272727272727,0,0.004
0.22954545454545452,0,0.004
0.2318181818181818,0,0.004
0.23409090909090907,0,0.004
0.23636363636363636,0,0.004
0.23863636363636362,0,0.004
0.2409090909090909,0,0.004
0.24318181818181817,0,0.004
0.24545454545454545,0,0.004
0.2477272727272727,0,0.004
0.25,0,0.004
0.25227272727272726,0,0.004
0.2545454545454545,0,0.004
0.2568181818181818,0,0.004
0.2590909090909091,0,0.004
0.26136363636363635,0,0.004
0.2636363636363636,0,0.004
0.2659090909090909,0,0.004
0.2681818181818182,0,0.004
0.27045454545454545,0,0.004
0.2727272727272727,0,0.004
0.27499999999999997,0,0.004
0.2772727272727273,0,0.004
0.27954545454545454,0,0.004
0.2818181818181818,0,0.004
0.28409090909090906,0,0.004
0.2863636363636364,0,0.004
0.28863636363636364,0,0.004
0.2909090909090909,0,0.004
0.29318181818181815,0,0.004
0.2954545454545454,0,0.004
0.29772727272727273,0,0.004
0.3,0,0.004
0.30227272727272725,0,0.004
0.3045454545454545,0,0.004
0.3068181818181818,0,0.004
0.3090909090909091,0,0.004
0.31136363636363634,0,0.004
0.3136363636363636,0,0.004
0.3159090909090909,0,0.004
0.3181818181818182,0,0.004
0.32045454545454544,0,0.004
0.3227272727272727,0,0.004
0.325,0,0.004
0.32727272727272727,0,0.004
0.32954545454545453,0,0.004
0.3318181818181818,0,0.004
0.33409090909090905,0,0.004
0.33636363636363636,0,0.004
0.3386363636363636,0,0.004
0.3409090909090909,0,0.004
0.34318181818181814,0,0.004
0.34545454545454546,0,0.004
0.3477272727272727,0,0.004
0.35,0,0.004
0.35227272727272724,0,0.004
0.35454545454545455,0,0.004
0.3568181818181818,0,0.004
0.35909090909090907,0,0.004
0.36136363636363633,0,0.004
0.36363636363636365,0,0.004
0.3659090909090909,0,0.004
0.36818181818181817,0,0.004
0.3704545454545454,0,0.004
0.3727272727272727,0,0.004
0.375,0,0.004
0.37727272727272726,0,0.004
0.3795454545454545,0,0.004
0.3818181818181818,0,0.004
0.3840909090909091,0,0.004
0.38636363636363635,0,0.004
0.3886363636363636,0,0.004
0.3909090909090909,0,0.004
0.3931818181818182,0,0.004
0.39545454545454545,0,0.004
0.3977272727272727,0,0.004
0.39999999999999997,0,0.004
0.4022727272727272,0,0.004
0.40454545454545454,0,0.004
0.4068181818181818,0,0.004
0.40909090909090906,0,0.004
0.4113636363636363,0,0.004
0.41363636363636364,0,0.004
0.4159090909090909,0,0.004
0.41818181818181815,0,0.004
0.4204545454545454,0,0.004
0.42272727272727273,0,0.004
0.425,0,0.004
0.42727272727272725,0,0.004
0.4295454545454545,0,0.004
0.4318181818181818,0,0.004
0.4340909090909091,0,0.004
0.43636363636363634,0,0.004
0.4386363636363636,0,0.004
0.44090909090909086,0,0.004
0.4431818181818182,0,0.004
0.44545454545454544,0,0.004
0.4477272727272727,0,0.004
0.44999999999999996,0,0.004
0.45227272727272727,0,0.004
0.45454545454545453,0,0.004
0.4568181818181818,0,0.004
0.45909090909090905,0,0.004
0.46136363636363636,0,0.004
0.4636363636363636,0,0.004
0.4659090909090909,0,0.004
0.46818181818181814,0,0.004
0.47045454545454546,0,0.004
0.4727272727272727,0,0.004
0.475,0,0.004
0.47727272727272724,0,0.004
0.4795454545454545,0,0.004
0.4818181818181818,0,0.004
0.48409090909090907,0,0.004
0.48636363636363633,0,0.004
0.4886363636363636,0,0.004
0.4909090909090909,0,0.004
0.49318181818181817,0,0.004
0.4954545454545454,0,0.004
0.4977272727272727,0,0.004
0.5,0,0.004
0.0,2,4e-08
0.0022727272727272726,2,8.264462809917355e-08
0.004545454545454545,2,3.305785123966942e-07
0.006818181818181818,2,7.43801652892562e-07
0.00909090909090909,2,1.3223140495867768e-06
0.011363636363636364,2,2.066115702479339e-06
0.013636363636363636,2,2.975206611570248e-06
0.015909090909090907,2,4.049586776859503e-06
0.01818181818181818,2,5.289256198347107e-06
0.020454545454545454,2,6.694214876033058e-06
0.022727272727272728,2,8.264462809917356e-06
0.024999999999999998,2,9.999999999999999e-06
0.02727272727272727,2,1.1900826446280991e-05
0.029545454545454545,2,1.396694214876033e-05
0.031818181818181815,2,1.619834710743801e-05
0.03409090909090909,2,1.8595041322314047e-05
0.03636363636363636,2,2.115702479338843e-05
0.038636363636363635,2,2.3884297520661157e-05
0.04090909090909091,2,2.6776859504132234e-05
0.04318181818181818,2,2.9834710743801652e-05
0.045454545454545456,2,3.305785123966942e-05
0.04772727272727272,2,3.644628099173553e-05
0.049999999999999996,2,3.9999999999999996e-05
0.05227272727272727,2,4.37190082644628e-05
0.05454545454545454,2,4.7603305785123966e-05
0.056818181818181816,2,5.165289256198347e-05
0.05909090909090909,2,5.586776859504132e-05
0.06136363636363636,2,6.0247933884297525e-05
0.06363636363636363,2,6.479338842975204e-05
0.0659090909090909,2,6.950413223140495e-05
0.06818181818181818,2,7.438016528925619e-05
0.07045454545454545,2,7.942148760330578e-05
0.07272727272727272,2,8.462809917355372e-05
0.075,2,8.999999999999999e-05
0.07727272727272727,2,9.553719008264463e-05
0.07954545454545454,2,0.0001012396694214876
0.08181818181818182,2,0.00010710743801652893
0.08409090909090909,2,0.0001131404958677686
0.08636363636363636,2,0.00011933884297520661
0.08863636363636364,2,0.000125702479338843
0.09090909090909091,2,0.0001322314049586777
0.09318181818181817,2,0.00013892561983471071
0.09545454545454544,2,0.00014578512396694213
0.09772727272727272,2,0.00015280991735537188
0.09999999999999999,2,0.00015999999999999999
0.10227272727272727,2,0.00016735537190082643
0.10454545454545454,2,0.0001748760330578512
0.10681818181818181,2,0.00018256198347107436
0.10909090909090909,2,0.00019041322314049586
0.11136363636363636,2,0.00019842975206611568
0.11363636363636363,2,0.00020661157024793388
0.1159090909090909,2,0.0002149586776859504
0.11818181818181818,2,0.0002234710743801653
0.12045454545454545,2,0.00023214876033057853
0.12272727272727273,2,0.0002409917355371901
0.125,2,0.00025
0.12727272727272726,2,0.00025917355371900817
0.12954545454545455,2,0.0002685123966942149
0.1318181818181818,2,0.0002780165289256198
0.1340909090909091,2,0.00028768595041322315
0.13636363636363635,2,0.00029752066115702476
0.13863636363636364,2,0.00030752066115702484
0.1409090909090909,2,0.0003176859504132231
0.1431818181818182,2,0.0003280165289256199
0.14545454545454545,2,0.00033851239669421487
0.1477272727272727,2,0.0003491735537190082
0.15,2,0.00035999999999999997
0.15227272727272725,2,0.00037099173553719
0.15454545454545454,2,0.0003821487603305785
0.1568181818181818,2,0.0003934710743801652
0.1590909090909091,2,0.0004049586776859504
0.16136363636363635,2,0.00041661157024793383
0.16363636363636364,2,0.00042842975206611574
0.1659090909090909,2,0.0004404132231404958
0.16818181818181818,2,0.0004525619834710744
0.17045454545454544,2,0.0004648760330578512
0.17272727272727273,2,0.00047735537190082643
0.175,2,0.00049
0.17727272727272728,2,0.000502809917355372
0.17954545454545454,2,0.0005157851239669421
0.18181818181818182,2,0.0005289256198347108
0.18409090909090908,2,0.0005422314049586776
0.18636363636363634,2,0.0005557024793388429
0.18863636363636363,2,0.0005693388429752065
0.1909090909090909,2,0.0005831404958677685
0.19318181818181818,2,0.0005971074380165289
0.19545454545454544,2,0.0006112396694214875
0.19772727272727272,2,0.0006255371900826446
0.19999999999999998,2,0.0006399999999999999
0.20227272727272727,2,0.0006546280991735537
0.20454545454545453,2,0.0006694214876033057
0.20681818181818182,2,0.0006843801652892562
0.20909090909090908,2,0.0006995041322314049
0.21136363636363636,2,0.000714793388429752
0.21363636363636362,2,0.0007302479338842974
0.2159090909090909,2,0.0007458677685950413
0.21818181818181817,2,0.0007616528925619834
0.22045454545454543,2,0.0007776033057851239
0.22272727272727272,2,0.0007937190082644627
0.22499999999999998,2,0.0008099999999999998
0.22727272727272727,2,0.0008264462809917355
0.22954545454545452,2,0.0008430578512396693
0.2318181818181818,2,0.0008598347107438016
0.23409090909090907,2,0.0008767768595041322
0.23636363636363636,2,0.0008938842975206612
0.23863636363636362,2,0.0009111570247933884
0.2409090909090909,2,0.0009285950413223141
0.24318181818181817,2,0.0009461983471074379
0.24545454545454545,2,0.0009639669421487604
0.2477272727272727,2,0.000981900826446281
0.25,2,0.001
0.25227272727272726,2,0.0010182644628099174
0.2545454545454545,2,0.0010366942148760327
0.2568181818181818,2,0.0010552892561983467
0.2590909090909091,2,0.0010740495867768596
0.26136363636363635,2,0.00109297520661157
0.2636363636363636,2,0.0011120661157024792
0.2659090909090909,2,0.0011313223140495866
0.2681818181818182,2,0.0011507438016528926
0.27045454545454545,2,0.0011703305785123966
0.2727272727272727,2,0.001190082644628099
0.27499999999999997,2,0.0012099999999999997
0.2772727272727273,2,0.0012300826446280993
0.27954545454545454,2,0.0012503305785123966
0.2818181818181818,2,0.0012707438016528925
0.28409090909090906,2,0.0012913223140495864
0.2863636363636364,2,0.0013120661157024797
0.28863636363636364,2,0.0013329752066115704
0.2909090909090909,2,0.0013540495867768595
0.29318181818181815,2,0.0013752892561983469
0.2954545454545454,2,0.0013966942148760327
0.29772727272727273,2,0.0014182644628099176
0.3,2,0.0014399999999999999
0.30227272727272725,2,0.0014619008264462807
0.3045454545454545,2,0.00148396694214876
0.3068181818181818,2,0.001506198347107438
0.3090909090909091,2,0.001528595041322314
0.31136363636363634,2,0.001551157024793388
0.3136363636363636,2,0.0015738842975206609
0.3159090909090909,2,0.0015967768595041324
0.3181818181818182,2,0.0016198347107438016
0.32045454545454544,2,0.0016430578512396693
0.3227272727272727,2,0.0016664462809917353
0.325,2,0.00169
0.32727272727272727,2,0.001713719008264463
0.32954545454545453,2,0.001737603305785124
0.3318181818181818,2,0.0017616528925619831
0.33409090909090905,2,0.001785867768595041
0.33636363636363636,2,0.0018102479338842977
0.3386363636363636,2,0.001834793388429752
0.3409090909090909,2,0.0018595041322314048
0.34318181818181814,2,0.0018843801652892558
0.34545454545454546,2,0.0019094214876033057
0.3477272727272727,2,0.0019346280991735536
0.35,2,0.00196
0.35227272727272724,2,0.0019855371900826444
0.35454545454545455,2,0.002011239669421488
0.3568181818181818,2,0.002037107438016529
0.35909090909090907,2,0.0020631404958677685
0.36136363636363633,2,0.002089338842975206
0.36363636363636365,2,0.002115702479338843
0.3659090909090909,2,0.0021422314049586774
0.36818181818181817,2,0.0021689256198347104
0.3704545454545454,2,0.0021957851239669418
0.3727272727272727,2,0.0022228099173553714
0.375,2,0.0022500000000000003
0.37727272727272726,2,0.002277355371900826
0.3795454545454545,2,0.0023048760330578507
0.3818181818181818,2,0.002332561983471074
0.3840909090909091,2,0.0023604132231404957
0.38636363636363635,2,0.0023884297520661156
0.3886363636363636,2,0.0024166115702479334
0.3909090909090909,2,0.00244495867768595
0.3931818181818182,2,0.0024734710743801657
0.39545454545454545,2,0.0025021487603305785
0.3977272727272727,2,0.00253099173553719
0.39999999999999997,2,0.0025599999999999998
0.4022727272727272,2,0.002589173553719008
0.40454545454545454,2,0.0026185123966942147
0.4068181818181818,2,0.0026480165289256194
0.40909090909090906,2,0.002677685950413223
0.4113636363636363,2,0.0027075206611570242
0.41363636363636364,2,0.0027375206611570248
0.4159090909090909,2,0.002767685950413223
0.41818181818181815,2,0.0027980165289256194
0.4204545454545454,2,0.0028285123966942144
0.42272727272727273,2,0.002859173553719008
0.425,2,0.0028899999999999998
0.42727272727272725,2,0.0029209917355371897
0.4295454545454545,2,0.002952148760330578
0.4318181818181818,2,0.0029834710743801653
0.4340909090909091,2,0.0030149586776859506
0.43636363636363634,2,0.003046611570247934
0.4386363636363636,2,0.0030784297520661153
0.44090909090909086,2,0.0031104132231404955
0.4431818181818182,2,0.0031425619834710744
0.44545454545454544,2,0.003174876033057851
0.4477272727272727,2,0.003207355371900826
0.44999999999999996,2,0.0032399999999999994
0.45227272727272727,2,0.003272809917355372
0.45454545454545453,2,0.003305785123966942
0.4568181818181818,2,0.0033389256198347104
0.45909090909090905,2,0.003372231404958677
0.46136363636363636,2,0.003405702479338843
0.4636363636363636,2,0.0034393388429752062
0.4659090909090909,2,0.0034731404958677683
0.46818181818181814,2,0.0035071074380165286
0.47045454545454546,2,0.0035412396694214877
0.4727272727272727,2,0.0035755371900826447
0.475,2,0.00361
0.47727272727272724,2,0.0036446280991735535
0.4795454545454545,2,0.003679421487603305
0.4818181818181818,2,0.0037143801652892564
0.48409090909090907,2,0.0037495041322314045
0.48636363636363633,2,0.0037847933884297517
0.4886363636363636,2,0.003820247933884297
0.4909090909090909,2,0.0038558677685950416
0.49318181818181817,2,0.0038916528925619833
0.4954545454545454,2,0.003927603305785124
0.4977272727272727,2,0.003963719008264462
0.5,2,0.004
0.0,3,4e-08
0.0022727272727272726,3,4e-08
0.004545454545454545,3,4e-08
0.006818181818181818,3,4e-08
0.00909090909090909,3,4e-08
0.011363636363636364,3,4.6957175056348616e-08
0.013636363636363636,3,8.11419984973704e-08
0.015909090909090907,3,1.2885048835462055e-07
0.01818181818181818,3,1.923365890308039e-07
0.020454545454545454,3,2.738542449286251e-07
0.022727272727272728,3,3.7565740045078893e-07
0.024999999999999998,3,4.999999999999999e-07
0.02727272727272727,3,6.491359879789631e-07
0.029545454545454545,3,8.253193087903831e-07
0.031818181818181815,3,1.0308039068369644e-06
0.03409090909090909,3,1.267843726521412e-06
0.03636363636363636,3,1.5386927122464311e-06
0.038636363636363635,3,1.8456048084147256e-06
0.04090909090909091,3,2.190833959429001e-06
0.04318181818181818,3,2.5766341096919607e-06
0.045454545454545456,3,3.0052592036063115e-06
0.04772727272727272,3,3.478963185574755e-06
0.049999999999999996,3,3.999999999999999e-06
0.05227272727272727,3,4.5706235912847475e-06
0.05454545454545454,3,5.193087903831705e-06
0.056818181818181816,3,5.869646882043576e-06
0.05909090909090909,3,6.602554470323065e-06
0.06136363636363636,3,7.394064613072877e-06
0.06363636363636363,3,8.246431254695715e-06
0.0659090909090909,3,9.161908339594287e-06
0.06818181818181818,3,1.0142749812171296e-05
0.07045454545454545,3,1.1191209616829452e-05
0.07272727272727272,3,1.2309541697971449e-05
0.075,3,1.3499999999999998e-05
0.07727272727272727,3,1.4764838467317805e-05
0.07954545454545454,3,1.610631104432757e-05
0.08181818181818182,3,1.7526671675432007e-05
0.08409090909090909,3,1.902817430503381e-05
0.08636363636363636,3,2.0613072877535685e-05
0.08863636363636364,3,2.228362133734035e-05
0.09090909090909091,3,2.404207362885049e-05
0.09318181818181817,3,2.5890683696468812e-05
0.09545454545454544,3,2.783170548459804e-05
0.09772727272727272,3,2.9867392937640864e-05
0.09999999999999999,3,3.199999999999999e-05
0.10227272727272727,3,3.423178061607813e-05
0.10454545454545454,3,3.656498873027798e-05
0.10681818181818181,3,3.9001878287002244e-05
0.10909090909090909,3,4.154470323065364e-05
0.11136363636363636,3,4.4195717505634855e-05
0.11363636363636363,3,4.6957175056348606e-05
0.1159090909090909,3,4.983132982719759e-05
0.11818181818181818,3,5.282043576258452e-05
0.12045454545454545,3,5.5926746806912094e-05
0.12272727272727273,3,5.915251690458302e-05
0.125,3,6.25e-05
0.12727272727272726,3,6.597145003756572e-05
0.12954545454545455,3,6.956912096168296e-05
0.1318181818181818,3,7.32952667167543e-05
0.1340909090909091,3,7.715214124718258e-05
0.13636363636363635,3,8.114199849737037e-05
0.13863636363636364,3,8.526709241172051e-05
0.1409090909090909,3,8.952967693463561e-05
0.1431818181818182,3,9.393200601051843e-05
0.14545454545454545,3,9.847633358377159e-05
0.1477272727272727,3,0.00010316491359879785
0.15,3,0.00010799999999999998
0.15227272727272725,3,0.00011298384673178058
0.15454545454545454,3,0.00011811870773854244
0.1568181818181818,3,0.00012340683696468818
0.1590909090909091,3,0.00012885048835462056
0.16136363636363635,3,0.00013445191585274225
0.16363636363636364,3,0.00014021337340345606
0.1659090909090909,3,0.00014613711495116449
0.16818181818181818,3,0.00015222539444027049
0.17045454545454544,3,0.00015848046581517654
0.17272727272727273,3,0.00016490458302028548
0.175,3,0.00017149999999999997
0.17727272727272728,3,0.0001782689706987228
0.17954545454545454,3,0.00018521374906085646
0.18181818181818182,3,0.00019233658903080393
0.18409090909090908,3,0.00019963974455296766
0.18636363636363634,3,0.0002071254695717505
0.18863636363636363,3,0.00021479601803155518
0.1909090909090909,3,0.0002226536438767843
0.19318181818181818,3,0.0002307006010518407
0.19545454545454544,3,0.0002389391435011269
0.19772727272727272,3,0.0002473715251690458
0.19999999999999998,3,0.00025599999999999993
0.20227272727272727,3,0.00026482682193839215
0.20454545454545453,3,0.00027385424492862504
0.20681818181818182,3,0.0002830845229151014
0.20909090909090908,3,0.00029251990984222384
0.21136363636363636,3,0.0003021626596543952
0.21363636363636362,3,0.00031201502629601795
0.2159090909090909,3,0.0003220792637114951
0.21818181818181817,3,0.00033235762584522913
0.22045454545454543,3,0.0003428523666416227
0.22272727272727272,3,0.00035356574004507884
0.22499999999999998,3,0.00036449999999999997
0.22727272727272727,3,0.00037565740045078885
0.22954545454545452,3,0.00038704019534184807
0.2318181818181818,3,0.0003986506386175807
0.23409090909090907,3,0.0004104909842223891
0.23636363636363636,3,0.00042256348610067614
0.23863636363636362,3,0.0004348703981968444
0.2409090909090909,3,0.00044741397445529675
0.24318181818181817,3,0.00046019646882043566
0.24545454545454545,3,0.00047322013523666415
0.2477272727272727,3,0.0004864872276483846
0.25,3,0.0005
0.25227272727272726,3,0.0005137607062359128
0.2545454545454545,3,0.0005277716003005258
0.2568181818181818,3,0.0005420349361382416
0.2590909090909091,3,0.0005565529676934636
0.26136363636363635,3,0.0005713279489105935
0.2636363636363636,3,0.0005863621337340344
0.2659090909090909,3,0.000601657776108189
0.2681818181818182,3,0.0006172171299774606
0.27045454545454545,3,0.0006330424492862509
0.2727272727272727,3,0.000649135987978963
0.27499999999999997,3,0.0006654999999999998
0.2772727272727273,3,0.0006821367392937641
0.27954545454545454,3,0.0006990484598046581
0.2818181818181818,3,0.0007162374154770849
0.28409090909090906,3,0.0007337058602554468
0.2863636363636364,3,0.0007514560480841474
0.28863636363636364,3,0.0007694902329075884
0.2909090909090909,3,0.0007878106686701727
0.29318181818181815,3,0.0008064196093163033
0.2954545454545454,3,0.0008253193087903828
0.29772727272727273,3,0.0008445120210368145
0.3,3,0.0008639999999999999
0.30227272727272725,3,0.0008837854996243424
0.3045454545454545,3,0.0009038707738542447
0.3068181818181818,3,0.0009242580766341097
0.3090909090909091,3,0.0009449496619083395
0.31136363636363634,3,0.0009659477836213372
0.3136363636363636,3,0.0009872546957175054
0.3159090909090909,3,0.0010088726521412473
0.3181818181818182,3,0.0010308039068369645
0.32045454545454544,3,0.0010530507137490605
0.3227272727272727,3,0.001075615326821938
0.325,3,0.0010985
0.32727272727272727,3,0.0011217069872276485
0.32954545454545453,3,0.001145238542449286
0.3318181818181818,3,0.0011690969196093159
0.33409090909090905,3,0.0011932843726521407
0.33636363636363636,3,0.0012178031555221639
0.3386363636363636,3,0.0012426555221637864
0.3409090909090909,3,0.0012678437265214123
0.34318181818181814,3,0.0012933700225394437
0.34545454545454546,3,0.0013192366641622839
0.3477272727272727,3,0.0013454459053343349
0.35,3,0.0013719999999999997
0.35227272727272724,3,0.001398901202103681
0.35454545454545455,3,0.0014261517655897824
0.3568181818181818,3,0.0014537539444027048
0.35909090909090907,3,0.0014817099924868517
0.36136363636363633,3,0.0015100221637866264
0.36363636363636365,3,0.0015386927122464315
0.3659090909090909,3,0.0015677238918106687
0.36818181818181817,3,0.0015971179564237413
0.3704545454545454,3,0.0016268771600300522
0.3727272727272727,3,0.001657003756574004
0.375,3,0.0016875
0.37727272727272726,3,0.0017183681442524414
0.3795454545454545,3,0.001749610443275732
0.3818181818181818,3,0.0017812291510142745
0.3840909090909091,3,0.0018132265214124718
0.38636363636363635,3,0.0018456048084147256
0.3886363636363636,3,0.0018783662659654391
0.3909090909090909,3,0.0019115131480090153
0.3931818181818182,3,0.0019450477084898574
0.39545454545454545,3,0.0019789722013523665
0.3977272727272727,3,0.002013288880540947
0.39999999999999997,3,0.0020479999999999995
0.4022727272727272,3,0.002083107813673929
0.40454545454545454,3,0.002118614575507137
0.4068181818181818,3,0.0021545225394440266
0.40909090909090906,3,0.0021908339594290003
0.4113636363636363,3,0.0022275510894064605
0.41363636363636364,3,0.0022646761833208114
0.4159090909090909,3,0.0023022114951164532
0.41818181818181815,3,0.0023401592787377907
0.4204545454545454,3,0.0023785217881292257
0.42272727272727273,3,0.0024173012772351616
0.425,3,0.0024565
0.42727272727272725,3,0.0024961202103681436
0.4295454545454545,3,0.002536164162283996
0.4318181818181818,3,0.0025766341096919608
0.4340909090909091,3,0.0026175323065364387
0.43636363636363634,3,0.002658861006761833
0.4386363636363636,3,0.0027006224643125465
0.44090909090909086,3,0.0027428189331329816
0.4431818181818182,3,0.002785452667167543
0.44545454545454544,3,0.0028285259203606307
0.4477272727272727,3,0.0028720409466566487
0.44999999999999996,3,0.0029159999999999998
0.45227272727272727,3,0.0029604053343350867
0.45454545454545453,3,0.0030052592036063108
0.4568181818181818,3,0.003050563861758076
0.45909090909090905,3,0.0030963215627347845
0.46136363636363636,3,0.003142534560480841
0.4636363636363636,3,0.0031892051089406456
0.4659090909090909,3,0.0032363354620586022
0.46818181818181814,3,0.0032839278737791127
0.47045454545454546,3,0.0033319845980465815
0.4727272727272727,3,0.003380507888805409
0.475,3,0.0034294999999999994
0.47727272727272724,3,0.003478963185574755
0.4795454545454545,3,0.0035288996994740788
0.4818181818181818,3,0.003579311795642374
0.48409090909090907,3,0.0036302017280240417
0.48636363636363633,3,0.0036815717505634853
0.4886363636363636,3,0.003733424117205108
0.4909090909090909,3,0.003785761081893313
0.49318181818181817,3,0.003838584898572502
0.4954545454545454,3,0.0038918978211870767
0.4977272727272727,3,0.003945702103681442
0.5,3,0.004
0.0,4,4e-08
0.0022727272727272726,4,4e-08
0.004545454545454545,4,4e-08
0.006818181818181818,4,4e-08
0.00909090909090909,4,4e-08
0.011363636363636364,4,4e-08
0.013636363636363636,4,4e-08
0.015909090909090907,4,4e-08
0.01818181818181818,4,4e-08
0.020454545454545454,4,4e-08
0.022727272727272728,4,4e-08
0.024999999999999998,4,4e-08
0.02727272727272727,4,4e-08
0.029545454545454545,4,4.876886824670445e-08
0.031818181818181815,4,6.559661225326135e-08
0.03409090909090909,4,8.644389044464174e-08
0.03636363636363636,4,1.1190492452701315e-07
0.038636363636363635,4,1.4261491701386516e-07
0.04090909090909091,4,1.7925005122600916e-07
0.04318181818181818,4,2.2252749129157844e-07
0.045454545454545456,4,2.732053821460283e-07
0.04772727272727272,4,3.3208284953213564e-07
0.049999999999999996,4,3.999999999999999e-07
0.05227272727272727,4,4.778379209070418e-07
0.05454545454545454,4,5.665186804180041e-07
0.056818181818181816,4,6.670053275049517e-07
0.05909090909090909,4,7.803018919472712e-07
0.06136363636363636,4,9.074533843316713e-07
0.06363636363636363,4,1.0495457960521816e-06
0.0659090909090909,4,1.207706099310156e-06
0.06818181818181818,4,1.3831022471142679e-06
0.07045454545454545,4,1.576943173280513e-06
0.07272727272727272,4,1.7904787924322104e-06
0.075,4,2.0249999999999997e-06
0.07727272727272727,4,2.2818386722218426e-06
0.07954545454545454,4,2.562367666143023e-06
0.08181818181818182,4,2.8680008196161466e-06
0.08409090909090909,4,3.2001929513011404e-06
0.08636363636363636,4,3.560439860665255e-06
0.08863636363636364,4,3.950278327983061e-06
0.09090909090909091,4,4.371286114336453e-06
0.09318181818181817,4,4.825081961614642e-06
0.09545454545454544,4,5.31332559251417e-06
0.09772727272727272,4,5.837717710538895e-06
0.09999999999999999,4,6.399999999999998e-06
0.10227272727272727,4,7.00195512601598e-06
0.10454545454545454,4,7.645406734512668e-06
0.10681818181818181,4,8.332219452223208e-06
0.10909090909090909,4,9.064298886688065e-06
0.11136363636363636,4,9.843591626255035e-06
0.11363636363636363,4,1.0672085240079227e-05
0.1159090909090909,4,1.1551808278123079e-05
0.11818181818181818,4,1.2484830271156339e-05
0.12045454545454545,4,1.3473261730756095e-05
0.12272727272727273,4,1.451925414930674e-05
0.125,4,1.5625e-05
0.12727272727272726,4,1.6792732736834906e-05
0.12954545454545455,4,1.8024726794617852e-05
0.1318181818181818,4,1.9323297588962497e-05
0.1340909090909091,4,2.0690801516289873e-05
0.13636363636363635,4,2.2129635953828286e-05
0.13863636363636364,4,2.364223925961342e-05
0.1409090909090909,4,2.523109077248821e-05
0.1431818181818182,4,2.6898710812103004e-05
0.14545454545454545,4,2.8647660678915367e-05
0.1477272727272727,4,3.0480542654190273e-05
0.15,4,3.2399999999999995e-05
0.15227272727272725,4,3.440871695922408e-05
0.15454545454545454,4,3.650941875554948e-05
0.1568181818181818,4,3.870487159347037e-05
0.1590909090909091,4,4.0997882658288365e-05
0.16136363636363635,4,4.3391300116112265e-05
0.16363636363636364,4,4.5888013113858346e-05
0.1659090909090909,4,4.849095177925003e-05
0.16818181818181818,4,5.1203087220818246e-05
0.17045454545454544,4,5.402743152790108e-05
0.17272727272727273,4,5.696703777064408e-05
0.175,4,6.002499999999999e-05
0.17727272727272728,4,6.320445324772898e-05
0.17954545454545454,4,6.650857352639846e-05
0.18181818181818182,4,6.994057782938324e-05
0.18409090909090908,4,7.350372413086536e-05
0.18636363636363634,4,7.720131138583427e-05
0.18863636363636363,4,8.103667953008673e-05
0.1909090909090909,4,8.501320948022672e-05
0.19318181818181818,4,8.913432313366573e-05
0.19545454545454544,4,9.340348336862232e-05
0.19772727272727272,4,9.782419404412265e-05
0.19999999999999998,4,0.00010239999999999997
0.20227272727272727,4,0.000107134487056895
0.20454545454545453,4,0.00011203128201625568
0.20681818181818182,4,0.00011709405266033741
0.20909090909090908,4,0.0001223265077522027
0.21136363636363636,4,0.00012773239703572163
0.21363636363636362,4,0.00013331551123557133
0.2159090909090909,4,0.00013907968205723652
0.21818181818181817,4,0.00014502878218700905
0.22045454545454543,4,0.0001511667252919882
0.22272727272727272,4,0.00015749746602008056
0.22499999999999998,4,0.00016402499999999993
0.22727272727272727,4,0.00017075336384126763
0.22954545454545452,4,0.0001776866351342121
0.2318181818181818,4,0.00018482893244996926
0.23409090909090907,4,0.00019218441534048214
0.23636363636363636,4,0.00019975728433850143
0.23863636363636362,4,0.0002075517809575848
0.2409090909090909,4,0.00021557218769209752
0.24318181818181817,4,0.00022382282801721188
0.24545454545454545,4,0.00023230806638890785
0.2477272727272727,4,0.00024103230824397239
0.25,4,0.00025
0.25227272727272726,4,0.0002592156290553924
0.2545454545454545,4,0.0002686837237893585
0.2568181818181818,4,0.00027840885356191506
0.2590909090909091,4,0.00028839562871388563
0.26136363636363635,4,0.00029864870056690114
0.2636363636363636,4,0.00030917276142339994
0.2659090909090909,4,0.00031997254456662776
0.2681818181818182,4,0.00033105282426063796
0.27045454545454545,4,0.00034241841575029025
0.2727272727272727,4,0.00035407417526125257
0.27499999999999997,4,0.00036602499999999986
0.2772727272727273,4,0.0003782758281538147
0.27954545454545454,4,0.0003908316388907861
0.2818181818181818,4,0.00040369745235981135
0.28409090909090906,4,0.00041687832969059473
0.2863636363636364,4,0.00043037937299364806
0.28863636363636364,4,0.0004442057253602896
0.2909090909090909,4,0.00045836257086264586
0.29318181818181815,4,0.00047285513455365055
0.2954545454545454,4,0.00048768868246704437
0.29772727272727273,4,0.0005028685216173759
0.3,4,0.0005183999999999999
0.30227272727272725,4,0.0005342885065910797
0.3045454545454545,4,0.0005505394713475853
0.3068181818181818,4,0.0005671583652072946
0.3090909090909091,4,0.0005841507000887917
0.31136363636363634,4,0.000601522028891469
0.3136363636363636,4,0.000619277945495526
0.3159090909090909,4,0.0006374240847619698
0.3181818181818182,4,0.0006559661225326138
0.32045454545454544,4,0.0006749097756300797
0.3227272727272727,4,0.0006942608018577962
0.325,4,0.0007140250000000002
0.32727272727272727,4,0.0007342082098217335
0.32954545454545453,4,0.0007548163120688476
0.3318181818181818,4,0.0007758552284680005
0.33409090909090905,4,0.0007973309217266575
0.33636363636363636,4,0.0008192493955330919
0.3386363636363636,4,0.0008416166945563826
0.3409090909090909,4,0.0008644389044464173
0.34318181818181814,4,0.0008877221518338907
0.34545454545454546,4,0.0009114726043303053
0.3477272727272727,4,0.0009356964705279692
0.35,4,0.0009603999999999998
0.35227272727272724,4,0.0009855894833003208
0.35454545454545455,4,0.0010112712519636637
0.3568181818181818,4,0.0010374516785055666
0.35909090909090907,4,0.0010641371764223753
0.36136363636363633,4,0.0010913342001912434
0.36363636363636365,4,0.001119049245270132
0.3659090909090909,4,0.0011472888480978075
0.36818181818181817,4,0.0011760595860938457
0.3704545454545454,4,0.0012053680776586296
0.3727272727272727,4,0.0012352209821733483
0.375,4,0.001265625
0.37727272727272726,4,0.0012965868724813877
0.3795454545454545,4,0.001328113381941124
0.3818181818181818,4,0.0013602113516836276
0.3840909090909091,4,0.001392887645994126
0.38636363636363635,4,0.0014261491701386517
0.3886363636363636,4,0.001460002870364046
0.3909090909090909,4,0.0014944557338979572
0.3931818181818182,4,0.0015295147889488423
0.39545454545454545,4,0.0015651871047059624
0.3977272727272727,4,0.001601479791339389
0.39999999999999997,4,0.0016383999999999995
0.4022727272727272,4,0.0016759549228194787
0.40454545454545454,4,0.00171415179291032
0.4068181818181818,4,0.0017529978843658217
0.40909090909090906,4,0.001792500512260091
0.4113636363636363,4,0.0018326670326480423
0.41363636363636364,4,0.0018735048425653985
0.4159090909090909,4,0.0019150213800286863
0.41818181818181815,4,0.001957224124035243
0.4204545454545454,4,0.0020001205945632122
0.42272727272727273,4,0.002043718352571546
0.425,4,0.0020880249999999994
0.42727272727272725,4,0.002133048179769141
0.4295454545454545,4,0.002178795575780342
0.4318181818181818,4,0.0022252749129157844
0.4340909090909091,4,0.0022724939570384537
0.43636363636363634,4,0.0023204605149921447
0.4386363636363636,4,0.0023691824346014603
0.44090909090909086,4,0.002418667604671811
0.4431818181818182,4,0.002468923954989413
0.44545454545454544,4,0.002519959456321289
0.4477272727272727,4,0.0025717821204152714
0.44999999999999996,4,0.002624399999999999
0.45227272727272727,4,0.002677821188784919
0.45454545454545453,4,0.002732053821460282
0.4568181818181818,4,0.0027871060736971514
0.45909090909090905,4,0.0028429861621473936
0.46136363636363636,4,0.0028997023444436855
0.4636363636363636,4,0.002957262919199508
0.4659090909090909,4,0.003015676226009152
0.46818181818181814,4,0.0030749506454477143
0.47045454545454546,4,0.003135094599071102
0.4727272727272727,4,0.003196116549416023
0.475,4,0.0032580249999999995
0.47727272727272724,4,0.003320828495321357
0.4795454545454545,4,0.0033845356208592296
0.4818181818181818,4,0.0034491550030735603
0.48409090909090907,4,0.003514695309405095
0.48636363636363633,4,0.00358116524827539
0.4886363636363636,4,0.00364857356908681
0.4909090909090909,4,0.0037169290622225256
0.49318181818181817,4,0.0037862405590465124
0.4954545454545454,4,0.003856516931903558
0.4977272727272727,4,0.003927767094119253
0.5,4,0.004
