0.9662162162162162, 0.18389261744966445
0.9898648648648648, 0.17181208053691277
1.0168918918918919, 0.1557046979865772
1.0439189189189189, 0.14161073825503356
1.0709459459459458, 0.1268456375838926
1.0912162162162162, 0.11543624161073826
1.1114864864864864, 0.10402684563758391
1.1283783783783783, 0.09463087248322148
1.179054054054054, 0.08926174496644296
1.2533783783783783, 0.08255033557046981
1.2871621621621623, 0.07919463087248324
1.3243243243243243, 0.0731543624161074
1.3614864864864864, 0.06577181208053692
1.4087837837837838, 0.057718120805369144
1.4527027027027026, 0.04966442953020134
1.4932432432432432, 0.03892617449664429
1.5304054054054053, 0.028859060402684572
1.570945945945946, 0.018120805369127524
1.6114864864864864, 0.006711409395973145
1.6655405405405406, -0.0013422818791946345
1.7128378378378377, -0.009395973154362414
1.7567567567567568, -0.01677852348993289
1.7736486486486487, -0.018791946308724827
1.8175675675675675, -0.01610738255033556
1.875, -0.01409395973154362
1.9358108108108107, -0.011409395973154352
1.9966216216216217, -0.002013422818791938
2.043918918918919, 0.004697986577181207
2.0945945945945947, 0.012080536912751683
2.1790540540540544, 0.009395973154362414
2.256756756756757, 0.007382550335570476
