a,D_LCDM,D_visc_k0_k=0.050000hMpc,D_visc_k1_k=0.240000hMpc,D_visc_k2_k=0.430000hMpc,D_visc_k3_k=0.620000hMpc,D_visc_k4_k=0.810000hMpc,D_visc_k5_k=1.000000hMpc
5.00000000e-03,7.97027620e-05,8.98864554e-05,7.22392773e-04,7.79240250e-03,2.18353299e-04,1.14448501e-07,1.57837420e-11
1.00000000e-02,1.05407889e-02,1.14227070e-02,2.21544218e-02,-7.27610034e+00,-2.09066706e+00,-5.82255986e-03,-2.95099025e-06
1.50000000e-02,1.80042353e-02,1.92034757e-02,4.87894940e-02,-9.30762908e+00,-5.46148237e+01,-1.46932094e+00,-4.37131374e-03
2.00000000e-02,2.48613330e-02,2.62584097e-02,6.25648193e-02,-2.77517515e+00,-1.36674304e+02,-3.67859146e+01,-6.71320764e-01
2.50000000e-02,3.15111499e-02,3.30570665e-02,7.30677939e-02,-8.33108577e-01,-7.24777247e+01,-1.62648465e+02,-1.87482095e+01
3.00000000e-02,3.80688150e-02,3.97359030e-02,8.23050483e-02,-2.47313509e-01,-2.14161516e+01,-1.86510593e+02,-1.32470244e+02
3.50000000e-02,4.45784929e-02,4.63482923e-02,9.08936233e-02,-2.22078271e-02,-6.45061616e+00,-8.42636536e+01,-2.98615041e+02
4.00000000e-02,5.10603499e-02,5.29193066e-02,9.90843230e-02,8.32444688e-02,-2.15100979e+00,-2.50166401e+01,-2.65146981e+02
4.50000000e-02,5.75247455e-02,5.94622933e-02,1.07000597e-01,1.40973098e-01,-7.08621231e-01,-6.90785442e+00,-1.19824266e+02
5.00000000e-02,6.39774698e-02,6.59850330e-02,1.14712115e-01,1.76822612e-01,-1.43432151e-01,-1.86887186e+00,-3.72966767e+01
5.50000000e-02,7.04219667e-02,7.24923822e-02,1.22262350e-01,2.01507077e-01,1.09415683e-01,-3.43962069e-01,-1.01128166e+01
6.00000000e-02,7.68603808e-02,7.89875357e-02,1.29680544e-01,2.19988886e-01,2.36049290e-01,1.77752294e-01,-2.51357380e+00
6.50000000e-02,8.32940926e-02,8.54726826e-02,1.36987523e-01,2.34777755e-01,3.06082889e-01,3.79660187e-01,-3.63951200e-01
7.00000000e-02,8.97240094e-02,9.19493703e-02,1.44198783e-01,2.47236937e-01,3.48454547e-01,4.67639551e-01,2.94193126e-01
7.50000000e-02,9.61507332e-02,9.84187185e-02,1.51326259e-01,2.58152106e-01,3.76297084e-01,5.10766893e-01,5.17072008e-01
8.00000000e-02,1.02574661e-01,1.04881551e-01,1.58379397e-01,2.67999275e-01,3.96025254e-01,5.34618978e-01,6.01334704e-01
8.50000000e-02,1.08996047e-01,1.11338479e-01,1.65365838e-01,2.77079476e-01,4.10973855e-01,5.49523082e-01,6.37341126e-01
9.00000000e-02,1.15415044e-01,1.17789959e-01,1.72291875e-01,2.85590301e-01,4.22971743e-01,5.59976198e-01,6.55076267e-01
9.50000000e-02,1.21831731e-01,1.24236326e-01,1.79162764e-01,2.93665768e-01,4.33069554e-01,5.68070198e-01,6.65332937e-01
1.00000000e-01,1.28246128e-01,1.30677827e-01,1.85982954e-01,3.01399449e-01,4.41895962e-01,5.74836512e-01,6.72295828e-01
1.05000000e-01,1.34658212e-01,1.37114635e-01,1.92756247e-01,3.08858401e-01,4.49841010e-01,5.80810835e-01,6.77700460e-01
1.10000000e-01,1.41067926e-01,1.43546863e-01,1.99485918e-01,3.16091817e-01,4.57154663e-01,5.86284802e-01,6.82311962e-01
1.15000000e-01,1.47475181e-01,1.49974576e-01,2.06174814e-01,3.23136558e-01,4.64001894e-01,5.91424206e-01,6.86487121e-01
1.20000000e-01,1.53879869e-01,1.56397800e-01,2.12825420e-01,3.30020780e-01,4.70494538e-01,5.96327200e-01,6.90401298e-01
1.25000000e-01,1.60281857e-01,1.62816525e-01,2.19439921e-01,3.36766374e-01,4.76710304e-01,6.01054183e-01,6.94145156e-01
1.30000000e-01,1.66680998e-01,1.69230712e-01,2.26020243e-01,3.43390632e-01,4.82704436e-01,6.05643733e-01,6.97767988e-01
1.35000000e-01,1.73077127e-01,1.75640297e-01,2.32568092e-01,3.49907419e-01,4.88517059e-01,6.10121402e-01,7.01298009e-01
1.40000000e-01,1.79470067e-01,1.82045190e-01,2.39084986e-01,3.56327999e-01,4.94177899e-01,6.14504731e-01,7.04752257e-01
1.45000000e-01,1.85859627e-01,1.88445283e-01,2.45572274e-01,3.62661638e-01,4.99709400e-01,6.18806182e-01,7.08141610e-01
1.50000000e-01,1.92245604e-01,1.94840449e-01,2.52031162e-01,3.68916043e-01,5.05128807e-01,6.23034914e-01,7.11473419e-01
1.55000000e-01,1.98627787e-01,2.01230544e-01,2.58462728e-01,3.75097693e-01,5.10449594e-01,6.27197876e-01,7.14752938e-01
1.60000000e-01,2.05005952e-01,2.07615408e-01,2.64867936e-01,3.81212082e-01,5.15682453e-01,6.31300497e-01,7.17984122e-01
1.65000000e-01,2.11379866e-01,2.13994868e-01,2.71247649e-01,3.87263913e-01,5.20835995e-01,6.35347136e-01,7.21170090e-01
1.70000000e-01,2.17749290e-01,2.20368737e-01,2.77602641e-01,3.93257239e-01,5.25917249e-01,6.39341380e-01,7.24313398e-01
1.75000000e-01,2.24113972e-01,2.26736814e-01,2.83933602e-01,3.99195581e-01,5.30932031e-01,6.43286240e-01,7.27416206e-01
1.80000000e-01,2.30473654e-01,2.33098890e-01,2.90241153e-01,4.05082016e-01,5.35885205e-01,6.47184295e-01,7.30480387e-01
1.85000000e-01,2.36828072e-01,2.39454742e-01,2.96525845e-01,4.10919249e-01,5.40780889e-01,6.51037786e-01,7.33507597e-01
1.90000000e-01,2.43176952e-01,2.45804138e-01,3.02788171e-01,4.16709668e-01,5.45622600e-01,6.54848684e-01,7.36499319e-01
1.95000000e-01,2.49520013e-01,2.52146836e-01,3.09028569e-01,4.22455395e-01,5.50413374e-01,6.58618746e-01,7.39456895e-01
2.00000000e-01,2.55856967e-01,2.58482584e-01,3.15247426e-01,4.28158323e-01,5.55155852e-01,6.62349552e-01,7.42381552e-01
2.05000000e-01,2.62187522e-01,2.64811123e-01,3.21445083e-01,4.33820142e-01,5.59852351e-01,6.66042530e-01,7.45274418e-01
2.10000000e-01,2.68511376e-01,2.71132185e-01,3.27621840e-01,4.39442374e-01,5.64504916e-01,6.69698982e-01,7.48136536e-01
2.15000000e-01,2.74828223e-01,2.77445493e-01,3.33777957e-01,4.45026387e-01,5.69115363e-01,6.73320101e-01,7.50968872e-01
2.20000000e-01,2.81137750e-01,2.83750763e-01,3.39913658e-01,4.50573417e-01,5.73685316e-01,6.76906986e-01,7.53772326e-01
2.25000000e-01,2.87439638e-01,2.90047705e-01,3.46029136e-01,4.56084583e-01,5.78216236e-01,6.80460649e-01,7.56547736e-01
2.30000000e-01,2.93733565e-01,2.96336020e-01,3.52124550e-01,4.61560900e-01,5.82709437e-01,6.83982031e-01,7.59295888e-01
2.35000000e-01,3.00019201e-01,3.02615405e-01,3.58200032e-01,4.67003289e-01,5.87166115e-01,6.87472005e-01,7.62017517e-01
2.40000000e-01,3.06296213e-01,3.08885548e-01,3.64255690e-01,4.72412590e-01,5.91587354e-01,6.90931385e-01,7.64713312e-01
2.45000000e-01,3.12564260e-01,3.15146135e-01,3.70291603e-01,4.77789565e-01,5.95974146e-01,6.94360928e-01,7.67383922e-01
2.50000000e-01,3.18823001e-01,3.21396842e-01,3.76307830e-01,4.83134913e-01,6.00327397e-01,6.97761346e-01,7.70029956e-01
2.55000000e-01,3.25072088e-01,3.27637343e-01,3.82304408e-01,4.88449267e-01,6.04647940e-01,7.01133302e-01,7.72651988e-01
2.60000000e-01,3.31311169e-01,3.33867306e-01,3.88281354e-01,4.93733209e-01,6.08936542e-01,7.04477420e-01,7.75250560e-01
2.65000000e-01,3.37539889e-01,3.40086394e-01,3.94238666e-01,4.98987269e-01,6.13193908e-01,7.07794284e-01,7.77826181e-01
2.70000000e-01,3.43757888e-01,3.46294268e-01,4.00176327e-01,5.04211930e-01,6.17420690e-01,7.11084446e-01,7.80379335e-01
2.75000000e-01,3.49964805e-01,3.52490581e-01,4.06094300e-01,5.09407634e-01,6.21617493e-01,7.14348421e-01,7.82910478e-01
2.80000000e-01,3.56160275e-01,3.58674986e-01,4.11992538e-01,5.14574784e-01,6.25784876e-01,7.17586697e-01,7.85420039e-01
2.85000000e-01,3.62343929e-01,3.64847131e-01,4.17870975e-01,5.19713748e-01,6.29923358e-01,7.20799733e-01,7.87908429e-01
2.90000000e-01,3.68515397e-01,3.71006661e-01,4.23729535e-01,5.24824862e-01,6.34033421e-01,7.23987963e-01,7.90376032e-01
2.95000000e-01,3.74674306e-01,3.77153218e-01,4.29568129e-01,5.29908430e-01,6.38115513e-01,7.27151794e-01,7.92823215e-01
3.00000000e-01,3.80820282e-01,3.83286442e-01,4.35386657e-01,5.34964731e-01,6.42170053e-01,7.30291613e-01,7.95250326e-01
3.05000000e-01,3.86952947e-01,3.89405971e-01,4.41185009e-01,5.39994015e-01,6.46197429e-01,7.33407784e-01,7.97657694e-01
3.10000000e-01,3.93071924e-01,3.95511441e-01,4.46963063e-01,5.44996513e-01,6.50198003e-01,7.36500652e-01,8.00045632e-01
3.15000000e-01,3.99176835e-01,4.01602484e-01,4.52720692e-01,5.49972429e-01,6.54172115e-01,7.39570543e-01,8.02414438e-01
3.20000000e-01,4.05267298e-01,4.07678736e-01,4.58457757e-01,5.54921952e-01,6.58120079e-01,7.42617767e-01,8.04764395e-01
3.25000000e-01,4.11342933e-01,4.13739827e-01,4.64174113e-01,5.59845247e-01,6.62042191e-01,7.45642615e-01,8.07095771e-01
3.30000000e-01,4.17403359e-01,4.19785388e-01,4.69869608e-01,5.64742466e-01,6.65938726e-01,7.48645365e-01,8.09408822e-01
3.35000000e-01,4.23448196e-01,4.25815050e-01,4.75544084e-01,5.69613742e-01,6.69809943e-01,7.51626279e-01,8.11703791e-01
3.40000000e-01,4.29477061e-01,4.31828444e-01,4.81197377e-01,5.74459195e-01,6.73656083e-01,7.54585608e-01,8.13980913e-01
3.45000000e-01,4.35489576e-01,4.37825200e-01,4.86829316e-01,5.79278931e-01,6.77477370e-01,7.57523587e-01,8.16240406e-01
3.50000000e-01,4.41485360e-01,4.43804950e-01,4.92439729e-01,5.84073042e-01,6.81274017e-01,7.60440441e-01,8.18482484e-01
3.55000000e-01,4.47464035e-01,4.49767326e-01,4.98028437e-01,5.88841610e-01,6.85046222e-01,7.63336384e-01,8.20707347e-01
3.60000000e-01,4.53425223e-01,4.55711961e-01,5.03595257e-01,5.93584704e-01,6.88794169e-01,7.66211619e-01,8.22915188e-01
3.65000000e-01,4.59368549e-01,4.61638488e-01,5.09140006e-01,5.98302385e-01,6.92518033e-01,7.69066340e-01,8.25106191e-01
3.70000000e-01,4.65293638e-01,4.67546545e-01,5.14662495e-01,6.02994705e-01,6.96217977e-01,7.71900730e-01,8.27280533e-01
3.75000000e-01,4.71200121e-01,4.73435769e-01,5.20162533e-01,6.07661705e-01,6.99894155e-01,7.74714965e-01,8.29438382e-01
3.80000000e-01,4.77087626e-01,4.79305800e-01,5.25639930e-01,6.12303420e-01,7.03546710e-01,7.77509213e-01,8.31579900e-01
3.85000000e-01,4.82955787e-01,4.85156280e-01,5.31094492e-01,6.16919879e-01,7.07175777e-01,7.80283633e-01,8.33705242e-01
3.90000000e-01,4.88804241e-01,4.90986855e-01,5.36526023e-01,6.21511103e-01,7.10781485e-01,7.83038377e-01,8.35814556e-01
3.95000000e-01,4.94632628e-01,4.96797173e-01,5.41934331e-01,6.26077106e-01,7.14363952e-01,7.85773593e-01,8.37907986e-01
4.00000000e-01,5.00440589e-01,5.02586886e-01,5.47319218e-01,6.30617900e-01,7.17923293e-01,7.88489419e-01,8.39985668e-01
4.05000000e-01,5.06227772e-01,5.08355648e-01,5.52680491e-01,6.35133489e-01,7.21459614e-01,7.91185989e-01,8.42047735e-01
4.10000000e-01,5.11993828e-01,5.14103117e-01,5.58017953e-01,6.39623876e-01,7.24973017e-01,7.93863432e-01,8.44094314e-01
4.15000000e-01,5.17738410e-01,5.19828958e-01,5.63331412e-01,6.44089056e-01,7.28463596e-01,7.96521871e-01,8.46125528e-01
4.20000000e-01,5.23461179e-01,5.25532835e-01,5.68620675e-01,6.48529025e-01,7.31931443e-01,7.99161425e-01,8.48141494e-01
4.25000000e-01,5.29161797e-01,5.31214422e-01,5.73885549e-01,6.52943773e-01,7.35376644e-01,8.01782209e-01,8.50142329e-01
4.30000000e-01,5.34839934e-01,5.36873394e-01,5.79125846e-01,6.57333290e-01,7.38799282e-01,8.04384332e-01,8.52128141e-01
4.35000000e-01,5.40495262e-01,5.42509431e-01,5.84341377e-01,6.61697561e-01,7.42199434e-01,8.06967900e-01,8.54099039e-01
4.40000000e-01,5.46127462e-01,5.48122220e-01,5.89531958e-01,6.66036572e-01,7.45577177e-01,8.09533018e-01,8.56055126e-01
4.45000000e-01,5.51736217e-01,5.53711452e-01,5.94697405e-01,6.70350307e-01,7.48932581e-01,8.12079783e-01,8.57996503e-01
4.50000000e-01,5.57321217e-01,5.59276823e-01,5.99837537e-01,6.74638748e-01,7.52265717e-01,8.14608294e-01,8.59923268e-01
4.55000000e-01,5.62882158e-01,5.64818038e-01,6.04952179e-01,6.78901876e-01,7.55576652e-01,8.17118644e-01,8.61835517e-01
4.60000000e-01,5.68418743e-01,5.70334803e-01,6.10041156e-01,6.83139673e-01,7.58865450e-01,8.19610925e-01,8.63733342e-01
4.65000000e-01,5.73930679e-01,5.75826834e-01,6.15104298e-01,6.87352121e-01,7.62132174e-01,8.22085225e-01,8.65616834e-01
4.70000000e-01,5.79417681e-01,5.81293851e-01,6.20141438e-01,6.91539201e-01,7.65376886e-01,8.24541632e-01,8.67486082e-01
4.75000000e-01,5.84879470e-01,5.86735582e-01,6.25152414e-01,6.95700894e-01,7.68599645e-01,8.26980231e-01,8.69341172e-01
4.80000000e-01,5.90315773e-01,5.92151760e-01,6.30137066e-01,6.99837183e-01,7.71800511e-01,8.29401106e-01,8.71182189e-01
4.85000000e-01,5.95726325e-01,5.97542124e-01,6.35095240e-01,7.03948051e-01,7.74979541e-01,8.31804338e-01,8.73009216e-01
4.90000000e-01,6.01110868e-01,6.02906424e-01,6.40026787e-01,7.08033483e-01,7.78136792e-01,8.34190008e-01,8.74822334e-01
4.95000000e-01,6.06469151e-01,6.08244412e-01,6.44931560e-01,7.12093464e-01,7.81272322e-01,8.36558196e-01,8.76621625e-01
5.00000000e-01,6.11800927e-01,6.13555850e-01,6.49809420e-01,7.16127981e-01,7.84386185e-01,8.38908979e-01,8.78407166e-01
5.05000000e-01,6.17105962e-01,6.18840505e-01,6.54660230e-01,7.20137023e-01,7.87478439e-01,8.41242436e-01,8.80179036e-01
5.10000000e-01,6.22384025e-01,6.24098155e-01,6.59483859e-01,7.24120580e-01,7.90549138e-01,8.43558642e-01,8.81937312e-01
5.15000000e-01,6.27634893e-01,6.29328580e-01,6.64280182e-01,7.28078645e-01,7.93598340e-01,8.45857674e-01,8.83682069e-01
5.20000000e-01,6.32858353e-01,6.34531572e-01,6.69049078e-01,7.32011212e-01,7.96626100e-01,8.48139607e-01,8.85413382e-01
5.25000000e-01,6.38054196e-01,6.39706929e-01,6.73790431e-01,7.35918278e-01,7.99632475e-01,8.50404515e-01,8.87131326e-01
5.30000000e-01,6.43222224e-01,6.44854455e-01,6.78504132e-01,7.39799842e-01,8.02617522e-01,8.52652475e-01,8.88835974e-01
5.35000000e-01,6.48362245e-01,6.49973963e-01,6.83190077e-01,7.43655905e-01,8.05581299e-01,8.54883559e-01,8.90527399e-01
5.40000000e-01,6.53474076e-01,6.55065275e-01,6.87848166e-01,7.47486472e-01,8.08523863e-01,8.57097842e-01,8.92205674e-01
5.45000000e-01,6.58557539e-01,6.60128218e-01,6.92478307e-01,7.51291549e-01,8.11445276e-01,8.59295398e-01,8.93870870e-01
5.50000000e-01,6.63612466e-01,6.65162629e-01,6.97080412e-01,7.55071145e-01,8.14345595e-01,8.61476301e-01,8.95523059e-01
5.55000000e-01,6.68638697e-01,6.70168350e-01,7.01654398e-01,7.58825273e-01,8.17224884e-01,8.63640625e-01,8.97162313e-01
5.60000000e-01,6.73636080e-01,6.75145233e-01,7.06200189e-01,7.62553947e-01,8.20083202e-01,8.65788445e-01,8.98788703e-01
5.65000000e-01,6.78604470e-01,6.80093138e-01,7.10717716e-01,7.66257187e-01,8.22920614e-01,8.67919834e-01,9.00402298e-01
5.70000000e-01,6.83543729e-01,6.85011931e-01,7.15206914e-01,7.69935012e-01,8.25737185e-01,8.70034868e-01,9.02003171e-01
5.75000000e-01,6.88453728e-01,6.89901488e-01,7.19667723e-01,7.73587447e-01,8.28532978e-01,8.72133622e-01,9.03591391e-01
5.80000000e-01,6.93334347e-01,6.94761689e-01,7.24100091e-01,7.77214519e-01,8.31308062e-01,8.74216170e-01,9.05167029e-01
5.85000000e-01,6.98185471e-01,6.99592425e-01,7.28503970e-01,7.80816259e-01,8.34062504e-01,8.76282589e-01,9.06730155e-01
5.90000000e-01,7.03006995e-01,7.04393595e-01,7.32879320e-01,7.84392699e-01,8.36796374e-01,8.78332954e-01,9.08280840e-01
5.95000000e-01,7.07798821e-01,7.09165102e-01,7.37226103e-01,7.87943876e-01,8.39509743e-01,8.80367342e-01,9.09819154e-01
6.00000000e-01,7.12560859e-01,7.13906861e-01,7.41544291e-01,7.91469829e-01,8.42202682e-01,8.82385830e-01,9.11345167e-01
6.05000000e-01,7.17293025e-01,7.18618791e-01,7.45833859e-01,7.94970602e-01,8.44875265e-01,8.84388496e-01,9.12858950e-01
6.10000000e-01,7.21995244e-01,7.23300820e-01,7.50094788e-01,7.98446241e-01,8.47527567e-01,8.86375418e-01,9.14360573e-01
6.15000000e-01,7.26667449e-01,7.27952883e-01,7.54327066e-01,8.01896793e-01,8.50159666e-01,8.88346674e-01,9.15850108e-01
6.20000000e-01,7.31309579e-01,7.32574923e-01,7.58530686e-01,8.05322313e-01,8.52771637e-01,8.90302343e-01,9.17327625e-01
6.25000000e-01,7.35921582e-01,7.37166889e-01,7.62705645e-01,8.08722854e-01,8.55363562e-01,8.92242506e-01,9.18793194e-01
6.30000000e-01,7.40503411e-01,7.41728739e-01,7.66851948e-01,8.12098477e-01,8.57935521e-01,8.94167241e-01,9.20246888e-01
6.35000000e-01,7.45055028e-01,7.46260436e-01,7.70969603e-01,8.15449241e-01,8.60487596e-01,8.96076632e-01,9.21688777e-01
6.40000000e-01,7.49576401e-01,7.50761952e-01,7.75058625e-01,8.18775212e-01,8.63019871e-01,8.97970758e-01,9.23118933e-01
6.45000000e-01,7.54067506e-01,7.55233263e-01,7.79119035e-01,8.22076457e-01,8.65532432e-01,8.99849702e-01,9.24537427e-01
6.50000000e-01,7.58528325e-01,7.59674356e-01,7.83150856e-01,8.25353048e-01,8.68025364e-01,9.01713546e-01,9.25944331e-01
6.55000000e-01,7.62958848e-01,7.64085221e-01,7.87154120e-01,8.28605057e-01,8.70498756e-01,9.03562375e-01,9.27339718e-01
6.60000000e-01,7.67359069e-01,7.68465856e-01,7.91128862e-01,8.31832561e-01,8.72952697e-01,9.05396271e-01,9.28723659e-01
6.65000000e-01,7.71728992e-01,7.72816265e-01,7.95075122e-01,8.35035640e-01,8.75387279e-01,9.07215319e-01,9.30096227e-01
6.70000000e-01,7.76068625e-01,7.77136460e-01,7.98992945e-01,8.38214376e-01,8.77802593e-01,9.09019604e-01,9.31457494e-01
6.75000000e-01,7.80377983e-01,7.81426457e-01,8.02882382e-01,8.41368853e-01,8.80198733e-01,9.10809212e-01,9.32807533e-01
6.80000000e-01,7.84657087e-01,7.85686280e-01,8.06743486e-01,8.44499160e-01,8.82575793e-01,9.12584229e-01,9.34146418e-01
6.85000000e-01,7.88905966e-01,7.89915957e-01,8.10576318e-01,8.47605386e-01,8.84933871e-01,9.14344742e-01,9.35474220e-01
6.90000000e-01,7.93124652e-01,7.94115524e-01,8.14380941e-01,8.50687625e-01,8.87273063e-01,9.16090837e-01,9.36791014e-01
6.95000000e-01,7.97313184e-01,7.98285022e-01,8.18157425e-01,8.53745973e-01,8.89593469e-01,9.17822603e-01,9.38096873e-01
7.00000000e-01,8.01471608e-01,8.02424497e-01,8.21905840e-01,8.56780526e-01,8.91895187e-01,9.19540127e-01,9.39391870e-01
7.05000000e-01,8.05599974e-01,8.06534001e-01,8.25626265e-01,8.59791386e-01,8.94178318e-01,9.21243498e-01,9.40676079e-01
7.10000000e-01,8.09698337e-01,8.10613591e-01,8.29318781e-01,8.62778655e-01,8.96442966e-01,9.22932806e-01,9.41949574e-01
7.15000000e-01,8.13766760e-01,8.14663331e-01,8.32983472e-01,8.65742439e-01,8.98689233e-01,9.24608140e-01,9.43212429e-01
7.20000000e-01,8.17805308e-01,8.18683287e-01,8.36620427e-01,8.68682844e-01,9.00917223e-01,9.26269590e-01,9.44464719e-01
7.25000000e-01,8.21814054e-01,8.22673533e-01,8.40229741e-01,8.71599980e-01,9.03127042e-01,9.27917246e-01,9.45706516e-01
7.30000000e-01,8.25793073e-01,8.26634146e-01,8.43811508e-01,8.74493959e-01,9.05318795e-01,9.29551200e-01,9.46937897e-01
7.35000000e-01,8.29742447e-01,8.30565209e-01,8.47365829e-01,8.77364895e-01,9.07492590e-01,9.31171541e-01,9.48158934e-01
7.40000000e-01,8.33662261e-01,8.34466808e-01,8.50892809e-01,8.80212902e-01,9.09648536e-01,9.32778363e-01,9.49369703e-01
7.45000000e-01,8.37552607e-01,8.38339035e-01,8.54392553e-01,8.83038098e-01,9.11786740e-01,9.34371756e-01,9.50570278e-01
7.50000000e-01,8.41413579e-01,8.42181985e-01,8.57865172e-01,8.85840603e-01,9.13907313e-01,9.35951812e-01,9.51760734e-01
7.55000000e-01,8.45245275e-01,8.45995760e-01,8.61310781e-01,8.88620537e-01,9.16010365e-01,9.37518625e-01,9.52941145e-01
7.60000000e-01,8.49047800e-01,8.49780462e-01,8.64729494e-01,8.91378024e-01,9.18096008e-01,9.39072286e-01,9.54111585e-01
7.65000000e-01,8.52821260e-01,8.53536199e-01,8.68121433e-01,8.94113187e-01,9.20164353e-01,9.40612888e-01,9.55272130e-01
7.70000000e-01,8.56565767e-01,8.57263084e-01,8.71486720e-01,8.96826153e-01,9.22215513e-01,9.42140525e-01,9.56422854e-01
7.75000000e-01,8.60281434e-01,8.60961231e-01,8.74825479e-01,8.99517049e-01,9.24249601e-01,9.43655289e-01,9.57563832e-01
7.80000000e-01,8.63968381e-01,8.64630760e-01,8.78137838e-01,9.02186003e-01,9.26266732e-01,9.45157273e-01,9.58695137e-01
7.85000000e-01,8.67626730e-01,8.68271794e-01,8.81423929e-01,9.04833146e-01,9.28267019e-01,9.46646573e-01,9.59816846e-01
7.90000000e-01,8.71256605e-01,8.71884457e-01,8.84683884e-01,9.07458609e-01,9.30250577e-01,9.48123279e-01,9.60929031e-01
7.95000000e-01,8.74858135e-01,8.75468879e-01,8.87917837e-01,9.10062525e-01,9.32217521e-01,9.49587488e-01,9.62031768e-01
8.00000000e-01,8.78431451e-01,8.79025192e-01,8.91125927e-01,9.12645027e-01,9.34167968e-01,9.51039291e-01,9.63125130e-01
8.05000000e-01,8.81976689e-01,8.82553530e-01,8.94308293e-01,9.15206251e-01,9.36102033e-01,9.52478783e-01,9.64209193e-01
8.10000000e-01,8.85493984e-01,8.86054032e-01,8.97465078e-01,9.17746332e-01,9.38019833e-01,9.53906058e-01,9.65284028e-01
8.15000000e-01,8.88983478e-01,8.89526837e-01,9.00596423e-01,9.20265407e-01,9.39921485e-01,9.55321209e-01,9.66349712e-01
8.20000000e-01,8.92445313e-01,8.92972089e-01,9.03702475e-01,9.22763615e-01,9.41807105e-01,9.56724331e-01,9.67406317e-01
8.25000000e-01,8.95879634e-01,8.96389933e-01,9.06783382e-01,9.25241092e-01,9.43676811e-01,9.58115515e-01,9.68453917e-01
8.30000000e-01,8.99286589e-01,8.99780517e-01,9.09839292e-01,9.27697979e-01,9.45530721e-01,9.59494858e-01,9.69492585e-01
8.35000000e-01,9.02666327e-01,9.03143991e-01,9.12870355e-01,9.30134417e-01,9.47368951e-01,9.60862450e-01,9.70522395e-01
8.40000000e-01,9.06019001e-01,9.06480506e-01,9.15876724e-01,9.32550544e-01,9.49191619e-01,9.62218387e-01,9.71543419e-01
8.45000000e-01,9.09344765e-01,9.09790218e-01,9.18858552e-01,9.34946504e-01,9.50998845e-01,9.63562762e-01,9.72555731e-01
8.50000000e-01,9.12643773e-01,9.13073282e-01,9.21815993e-01,9.37322437e-01,9.52790744e-01,9.64895667e-01,9.73559403e-01
8.55000000e-01,9.15916185e-01,9.16329855e-01,9.24749205e-01,9.39678486e-01,9.54567436e-01,9.66217195e-01,9.74554507e-01
8.60000000e-01,9.19162160e-01,9.19560098e-01,9.27658343e-01,9.42014794e-01,9.56329037e-01,9.67527439e-01,9.75541116e-01
8.65000000e-01,9.22381859e-01,9.22764172e-01,9.30543566e-01,9.44331503e-01,9.58075667e-01,9.68826491e-01,9.76519301e-01
8.70000000e-01,9.25575445e-01,9.25942239e-01,9.33405033e-01,9.46628758e-01,9.59807442e-01,9.70114445e-01,9.77489133e-01
8.75000000e-01,9.28743082e-01,9.29094463e-01,9.36242905e-01,9.48906702e-01,9.61524480e-01,9.71391391e-01,9.78450685e-01
8.80000000e-01,9.31884935e-01,9.32221010e-01,9.39057342e-01,9.51165479e-01,9.63226900e-01,9.72657422e-01,9.79404027e-01
8.85000000e-01,9.35001171e-01,9.35322047e-01,9.41848505e-01,9.53405233e-01,9.64914817e-01,9.73912629e-01,9.80349230e-01
8.90000000e-01,9.38091958e-01,9.38397740e-01,9.44616559e-01,9.55626109e-01,9.66588350e-01,9.75157103e-01,9.81286364e-01
8.95000000e-01,9.41157466e-01,9.41448260e-01,9.47361664e-01,9.57828250e-01,9.68247615e-01,9.76390935e-01,9.82215500e-01
9.00000000e-01,9.44197863e-01,9.44473776e-01,9.50083985e-01,9.60011801e-01,9.69892730e-01,9.77614216e-01,9.83136707e-01
9.05000000e-01,9.47213321e-01,9.47474458e-01,9.52783687e-01,9.62176907e-01,9.71523810e-01,9.78827035e-01,9.84050054e-01
9.10000000e-01,9.50204012e-01,9.50450477e-01,9.55460933e-01,9.64323712e-01,9.73140972e-01,9.80029484e-01,9.84955611e-01
9.15000000e-01,9.53170108e-01,9.53402007e-01,9.58115888e-01,9.66452360e-01,9.74744331e-01,9.81221650e-01,9.85853446e-01
9.20000000e-01,9.56111783e-01,9.56329220e-01,9.60748718e-01,9.68562995e-01,9.76334004e-01,9.82403624e-01,9.86743628e-01
9.25000000e-01,9.59029209e-01,9.59232290e-01,9.63359588e-01,9.70655762e-01,9.77910105e-01,9.83575493e-01,9.87626225e-01
9.30000000e-01,9.61922562e-01,9.62111389e-01,9.65948663e-01,9.72730803e-01,9.79472749e-01,9.84737347e-01,9.88501304e-01
9.35000000e-01,9.64792015e-01,9.64966694e-01,9.68516110e-01,9.74788263e-01,9.81022051e-01,9.85889272e-01,9.89368933e-01
9.40000000e-01,9.67637745e-01,9.67798377e-01,9.71062093e-01,9.76828285e-01,9.82558124e-01,9.87031357e-01,9.90229178e-01
9.45000000e-01,9.70459926e-01,9.70606615e-01,9.73586780e-01,9.78851011e-01,9.84081082e-01,9.88163689e-01,9.91082107e-01
9.50000000e-01,9.73258734e-01,9.73391583e-01,9.76090335e-01,9.80856585e-01,9.85591038e-01,9.89286353e-01,9.91927784e-01
9.55000000e-01,9.76034345e-01,9.76153456e-01,9.78572924e-01,9.82845149e-01,9.87088105e-01,9.90399436e-01,9.92766277e-01
9.60000000e-01,9.78786934e-01,9.78892410e-01,9.81034712e-01,9.84816844e-01,9.88572394e-01,9.91503024e-01,9.93597649e-01
9.65000000e-01,9.81516679e-01,9.81608620e-01,9.83475866e-01,9.86771811e-01,9.90044018e-01,9.92597202e-01,9.94421966e-01
9.70000000e-01,9.84223754e-01,9.84302262e-01,9.85896551e-01,9.88710193e-01,9.91503087e-01,9.93682054e-01,9.95239292e-01
9.75000000e-01,9.86908336e-01,9.86973511e-01,9.88296930e-01,9.90632129e-01,9.92949712e-01,9.94757664e-01,9.96049692e-01
9.80000000e-01,9.89570601e-01,9.89622543e-01,9.90677169e-01,9.92537759e-01,9.94384002e-01,9.95824116e-01,9.96853229e-01
9.85000000e-01,9.92210725e-01,9.92249533e-01,9.93037432e-01,9.94427222e-01,9.95806068e-01,9.96881494e-01,9.97649965e-01
9.90000000e-01,9.94828882e-01,9.94854656e-01,9.95377882e-01,9.96300658e-01,9.97216017e-01,9.97929879e-01,9.98439965e-01
9.95000000e-01,9.97425249e-01,9.97438087e-01,9.97698684e-01,9.98158205e-01,9.98613959e-01,9.98969354e-01,9.99223289e-01
1.00000000e+00,1.00000000e+00,1.00000000e+00,1.00000000e+00,1.00000000e+00,1.00000000e+00,1.00000000e+00,1.00000000e+00
