k_dimless,omega_L_rad_s,freq_L_hz,omega_T_rad_s,freq_T_hz,omega_E_rad_s,omega_T0_rad_s,Cs_param,Ct_param,beta_param,method
0.0,22.0,3.5014087480216975,8.0,1.2732395447351628,22.0,8.0,10.0,6.0,8.0,isotropic_long_wavelength_reconstruction
0.012319971190548208,22.00034495987086,3.501463650090313,8.00034150151385,1.2732938963891653,22.0,8.0,10.0,6.0,8.0,isotropic_long_wavelength_reconstruction
0.024639942381096416,22.001379857292534,3.5016283591305655,8.001365918602872,1.273456937432671,22.0,8.0,10.0,6.0,8.0,isotropic_long_wavelength_reconstruction
0.036959913571644624,22.00310474568396,3.501902883644343,8.003072989021407,1.2737286261279868,22.0,8.0,10.0,6.0,8.0,isotropic_long_wavelength_reconstruction
0.04927988476219283,22.005519714048773,3.5022872377970136,8.005462276066154,1.2741088929716238,22.0,8.0,10.0,6.0,8.0,isotropic_long_wavelength_reconstruction
0.06159985595274104,22.008624886933465,3.502781441410767,8.008533169134179,1.2745976407831063,22.0,8.0,10.0,6.0,8.0,isotropic_long_wavelength_reconstruction
0.07391982714328925,22.012420424368845,3.503385519955298,8.01228488450181,1.2751947448289387,22.0,8.0,10.0,6.0,8.0,isotropic_long_wavelength_reconstruction
0.08623979833383746,22.016906521794827,3.504099504535835,8.016716466322094,1.2759000529813533,22.0,8.0,10.0,6.0,8.0,isotropic_long_wavelength_reconstruction
0.09855976952438567,22.02208340996864,3.5049234318785314,8.021826787837867,1.2767133859113773,22.0,8.0,10.0,6.0,8.0,isotropic_long_wavelength_reconstruction
0.11087974071493387,22.02795135485653,3.5058573443132297,8.027614552806854,1.2776345373156457,22.0,8.0,10.0,6.0,8.0,isotropic_long_wavelength_reconstruction
0.12319971190548208,22.034510657508967,3.506901289753601,8.034078297134611,1.2786632741762904,22.0,8.0,10.0,6.0,8.0,isotropic_long_wavelength_reconstruction
0.1355196830960303,22.041761653919565,3.5080553216746893,8.04121639071056,1.279799337053155,22.0,8.0,10.0,6.0,8.0,isotropic_long_wavelength_reconstruction
0.1478396542865785,22.049704714867715,3.5093194990878676,8.049027039441768,1.2810424404074814,22.0,8.0,10.0,6.0,8.0,isotropic_long_wavelength_reconstruction
0.1601596254771267,22.05834024574512,3.5106938865132293,8.057508287478646,1.282392272956139,22.0,8.0,10.0,6.0,8.0,isotropic_long_wavelength_reconstruction
0.17247959666767493,22.06766868636631,3.5121785539494312,8.06665801962617,1.2838484980553841,22.0,8.0,10.0,6.0,8.0,isotropic_long_wavelength_reconstruction
0.18479956785822313,22.07769051076335,3.513773576841019,8.076473963933834,1.2854107541130637,22.0,8.0,10.0,6.0,8.0,isotropic_long_wavelength_reconstruction
0.19711953904877133,22.088406226964803,3.51547903604325,8.086953694457067,1.2870786550281073,22.0,8.0,10.0,6.0,8.0,isotropic_long_wavelength_reconstruction
0.20943951023931953,22.099816376759215,3.5172950177844493,8.098094634182432,1.2888517906560881,22.0,8.0,10.0,6.0,8.0,isotropic_long_wavelength_reconstruction
0.22175948142986773,22.11192153544319,3.5192216136259162,8.109894058108624,1.2907297272995784,22.0,8.0,10.0,6.0,8.0,isotropic_long_wavelength_reconstruction
0.23407945262041596,22.124722311554383,3.521258920419425,8.1223490964749,1.2927120082219703,22.0,8.0,10.0,6.0,8.0,isotropic_long_wavelength_reconstruction
0.24639942381096416,22.13821934658944,3.523407040262339,8.135456738128322,1.2947981541833897,22.0,8.0,10.0,6.0,8.0,isotropic_long_wavelength_reconstruction
0.25871939500151236,22.152413314707267,3.52566608045038,8.149213834020934,1.296987663997288,22.0,8.0,10.0,6.0,8.0,isotropic_long_wavelength_reconstruction
0.2710393661920606,22.167304922417724,3.528036153428084,8.16361710082783,1.2992800151062769,22.0,8.0,10.0,6.0,8.0,isotropic_long_wavelength_reconstruction
0.28335933738260877,22.182894908256042,3.5305173767369853,8.178663124676845,1.3016746641757262,22.0,8.0,10.0,6.0,8.0,isotropic_long_wavelength_reconstruction
0.295679308573157,22.199184042443182,3.533109872961556,8.194348364980513,1.3041710477036392,22.0,8.0,10.0,6.0,8.0,isotropic_long_wavelength_reconstruction
0.3079992797637052,22.216173126532397,3.5358137696729584,8.210669158360883,1.3067685826453066,22.0,8.0,10.0,6.0,8.0,isotropic_long_wavelength_reconstruction
0.3203192509542534,22.233862993042262,3.538629199370639,8.22762172265766,1.3094666670512216,22.0,8.0,10.0,6.0,8.0,isotropic_long_wavelength_reconstruction
0.3326392221448016,22.252254505076433,3.5415562994218113,8.245202161010218,1.3122646807167537,22.0,8.0,10.0,6.0,8.0,isotropic_long_wavelength_reconstruction
0.34495919333534986,22.27134855593042,3.5445952119988715,8.263406466004,1.3151619858420667,22.0,8.0,10.0,6.0,8.0,isotropic_long_wavelength_reconstruction
0.35727916452589803,22.29114606868568,3.547746084014796,8.282230523871915,1.318157927700793,22.0,8.0,10.0,6.0,8.0,isotropic_long_wavelength_reconstruction
0.36959913571644626,22.311647995791315,3.5510090670565675,8.301670118741432,1.3212518353159808,22.0,8.0,10.0,6.0,8.0,isotropic_long_wavelength_reconstruction
0.38191910690699443,22.332855318633676,3.554384317316675,8.321720936918211,1.324443022141852,22.0,8.0,10.0,6.0,8.0,isotropic_long_wavelength_reconstruction
0.39423907809754266,22.354769047094205,3.5578719955227416,8.342378571197258,1.3277307867499468,22.0,8.0,10.0,6.0,8.0,isotropic_long_wavelength_reconstruction
0.4065590492880909,22.377390219095844,3.5614722668653345,8.363638525192806,1.3311144135182447,22.0,8.0,10.0,6.0,8.0,isotropic_long_wavelength_reconstruction
0.41887902047863906,22.400719900138306,3.5651853009239995,8.385496217678307,1.3345931733218945,22.0,8.0,10.0,6.0,8.0,isotropic_long_wavelength_reconstruction
0.4311989916691873,22.424759182822587,3.5690112715915863,8.407946986928192,1.3381663242242292,22.0,8.0,10.0,6.0,8.0,isotropic_long_wavelength_reconstruction
0.44351896285973547,22.449509186365066,3.572950356996914,8.430986095053314,1.341833112166771,22.0,8.0,10.0,6.0,8.0,isotropic_long_wavelength_reconstruction
0.4558389340502837,22.47497105610149,3.577002739425828,8.454608732322246,1.3455927716569884,22.0,8.0,10.0,6.0,8.0,isotropic_long_wavelength_reconstruction
0.4681589052408319,22.501145962981273,3.5811686052407152,8.478810021460948,1.3494445264526091,22.0,8.0,10.0,6.0,8.0,isotropic_long_wavelength_reconstruction
0.4804788764313801,22.528035103052414,3.5854481447985274,8.503585021923602,1.3533875902413444,22.0,8.0,10.0,6.0,8.0,isotropic_long_wavelength_reconstruction
0.4927988476219283,22.555639696937472,3.589841552367379,8.528928734127751,1.3574211673149332,22.0,8.0,10.0,6.0,8.0,isotropic_long_wavelength_reconstruction
0.5051188188124766,22.583960989300873,3.594349026041765,8.554836103647247,1.3615444532364693,22.0,8.0,10.0,6.0,8.0,isotropic_long_wavelength_reconstruction
0.5174387900030247,22.613000248308037,3.598970767656481,8.581302025356793,1.3657566355000266,22.0,8.0,10.0,6.0,8.0,isotropic_long_wavelength_reconstruction
0.5297587611935729,22.64275876507662,3.603706982699284,8.608321347522324,1.3700568941816633,22.0,8.0,10.0,6.0,8.0,isotropic_long_wavelength_reconstruction
0.5420787323841212,22.673237853120344,3.6085578802223757,8.635888875831736,1.374444402580932,22.0,8.0,10.0,6.0,8.0,isotropic_long_wavelength_reconstruction
0.5543987035746694,22.70443884778569,3.613523672752749,8.663999377360888,1.3789183278520887,22.0,8.0,10.0,6.0,8.0,isotropic_long_wavelength_reconstruction
0.5667186747652175,22.736363105681974,3.6186045762014833,8.692647584470176,1.3834778316242524,22.0,8.0,10.0,6.0,8.0,isotropic_long_wavelength_reconstruction
0.5790386459557658,22.769012004105146,3.6238008097720367,8.7218281986273,1.388122070609816,22.0,8.0,10.0,6.0,8.0,isotropic_long_wavelength_reconstruction
0.591358617146314,22.802386940455676,3.6291125958676007,8.75153589415225,1.3928501972004808,22.0,8.0,10.0,6.0,8.0,isotropic_long_wavelength_reconstruction
0.6036785883368622,22.836489331650984,3.6345401599975875,8.781765321880899,1.3976613600503345,22.0,8.0,10.0,6.0,8.0,isotropic_long_wavelength_reconstruction
0.6159985595274104,22.871320613532802,3.640083730683306,8.812511112743882,1.4025547046454478,22.0,8.0,10.0,6.0,8.0,isotropic_long_wavelength_reconstruction
0.6283185307179586,22.906882240269905,3.645743539362905,8.84376788125789,1.4075293738595311,22.0,8.0,10.0,6.0,8.0,isotropic_long_wavelength_reconstruction
0.6406385019085068,22.943175683756486,3.6515198202956207,8.875530228926761,1.4125845084952355,22.0,8.0,10.0,6.0,8.0,isotropic_long_wavelength_reconstruction
0.6529584730990551,22.98020243300679,3.6574128104654307,8.907792747550124,1.417719247810738,22.0,8.0,10.0,6.0,8.0,isotropic_long_wavelength_reconstruction
0.6652784442896033,23.017963993546243,3.6634227494841483,8.94055002243767,1.4229327300313108,22.0,8.0,10.0,6.0,8.0,isotropic_long_wavelength_reconstruction
0.6775984154801514,23.056461886799518,3.6695498794940313,8.97379663552744,1.4282240928456116,22.0,8.0,10.0,6.0,8.0,isotropic_long_wavelength_reconstruction
0.6899183866706997,23.095697649476026,3.675794445069978,9.007527168406812,1.4335924738864874,22.0,8.0,10.0,6.0,8.0,isotropic_long_wavelength_reconstruction
0.7022383578612479,23.135672832953137,3.6821566931213656,9.041736205235134,1.4390370111961275,22.0,8.0,10.0,6.0,8.0,isotropic_long_wavelength_reconstruction
0.7145583290517961,23.17638900265759,3.6886368727935976,9.076418335567318,1.444556843675452,22.0,8.0,10.0,6.0,8.0,isotropic_long_wavelength_reconstruction
0.7268783002423442,23.21784773744546,3.6952352353694233,9.111568157077857,1.450151111517652,22.0,8.0,10.0,6.0,8.0,isotropic_long_wavelength_reconstruction
0.7391982714328925,23.260050628981112,3.7019520341700933,9.14718027818505,1.455818956625849,22.0,8.0,10.0,6.0,8.0,isotropic_long_wavelength_reconstruction
0.7515182426234407,23.302999281115525,3.7087875244564197,9.183249320575463,1.4615595230148744,22.0,8.0,10.0,6.0,8.0,isotropic_long_wavelength_reconstruction
0.7638382138139889,23.346695309264383,3.715741963329793,9.219769921628828,1.4673719571972044,22.0,8.0,10.0,6.0,8.0,isotropic_long_wavelength_reconstruction
0.7761581850045371,23.3911403397863,3.7228156096332263,9.256736736743859,1.4732554085531258,22.0,8.0,10.0,6.0,8.0,isotropic_long_wavelength_reconstruction
0.7884781561950853,23.436336009361597,3.7300087238524826,9.294144441565606,1.4792090296852296,22.0,8.0,10.0,6.0,8.0,isotropic_long_wavelength_reconstruction
0.8007981273856335,23.482283964372026,3.7373215680173564,9.33198773411518,1.4852319767573667,22.0,8.0,10.0,6.0,8.0,isotropic_long_wavelength_reconstruction
0.8131180985761818,23.52898586028175,3.7447544056031523,9.370261336822855,1.4913234098182286,22.0,8.0,10.0,6.0,8.0,isotropic_long_wavelength_reconstruction
0.82543806976673,23.57644336102004,3.7523075014324383,9.408959998465722,1.4974824931097317,22.0,8.0,10.0,6.0,8.0,isotropic_long_wavelength_reconstruction
0.8377580409572781,23.624658138365998,3.7599811215771224,9.448078496011174,1.5037083953604184,22.0,8.0,10.0,6.0,8.0,isotropic_long_wavelength_reconstruction
0.8500780121478264,23.673631871335687,3.767775533260911,9.487611636367669,1.5100002900641003,22.0,8.0,10.0,6.0,8.0,isotropic_long_wavelength_reconstruction
0.8623979833383746,23.723366245572034,3.775691004762208,9.527554258044372,1.516357355743997,22.0,8.0,10.0,6.0,8.0,isotropic_long_wavelength_reconstruction
0.8747179545289228,23.773862952737854,3.783727805317512,9.567901232721283,1.522778776202631,22.0,8.0,10.0,6.0,8.0,isotropic_long_wavelength_reconstruction
0.8870379257194709,23.825123689912328,3.791886205025364,9.608647466731687,1.529263740757766,22.0,8.0,10.0,6.0,8.0,isotropic_long_wavelength_reconstruction
0.8993578969100192,23.877150158991302,3.8001664747509003,9.64978790245873,1.5358114444646793,22.0,8.0,10.0,6.0,8.0,isotropic_long_wavelength_reconstruction
0.9116778681005674,23.9299440660917,3.8085688860310634,9.691317519648102,1.542421088325082,22.0,8.0,10.0,6.0,8.0,isotropic_long_wavelength_reconstruction
0.9239978392911156,23.98350712096043,3.8170937109805236,9.733231336638793,1.5490918794829995,22.0,8.0,10.0,6.0,8.0,isotropic_long_wavelength_reconstruction
0.9363178104816638,24.037841036388034,3.825741222198364,9.775524411514013,1.5558230314079464,22.0,8.0,10.0,6.0,8.0,isotropic_long_wavelength_reconstruction
0.948637781672212,24.092947527627476,3.8345116926755716,9.818191843174338,1.5626137640657227,22.0,8.0,10.0,6.0,8.0,isotropic_long_wavelength_reconstruction
0.9609577528627602,24.148828311818267,3.8434053957033876,9.861228772335304,1.5694633040771861,22.0,8.0,10.0,6.0,8.0,isotropic_long_wavelength_reconstruction
0.9732777240533085,24.205485107416358,3.8524226047825705,9.904630382451531,1.576370884865331,22.0,8.0,10.0,6.0,8.0,isotropic_long_wavelength_reconstruction
0.9855976952438567,24.262919633629913,3.861563593533599,9.948391900569664,1.5833357467910374,22.0,8.0,10.0,6.0,8.0,isotropic_long_wavelength_reconstruction
0.9979176664344048,24.321133609861455,3.870828635607883,9.992508598112286,1.5903571372778358,22.0,8.0,10.0,6.0,8.0,isotropic_long_wavelength_reconstruction
1.010237637624953,24.38012875515642,3.8802180046000014,10.03697579159508,1.597434310926046,22.0,8.0,10.0,6.0,8.0,isotropic_long_wavelength_reconstruction
1.0225576088155013,24.439906787658604,3.8897319739610317,10.081788843279407,1.6045665296166394,22.0,8.0,10.0,6.0,8.0,isotropic_long_wavelength_reconstruction
1.0348775800060495,24.500469424072573,3.899370816912992,10.126943161762606,1.6117530626051861,22.0,8.0,10.0,6.0,8.0,isotropic_long_wavelength_reconstruction
1.0471975511965976,24.56181837913342,3.9091348063644484,10.17243420250814,1.6189931866062326,22.0,8.0,10.0,6.0,8.0,isotropic_long_wavelength_reconstruction
1.0595175223871458,24.623955365083987,3.9190242148273127,10.218257468317885,1.6262861858684676,22.0,8.0,10.0,6.0,8.0,isotropic_long_wavelength_reconstruction
1.0718374935776942,24.686882091159887,3.929039314334882,10.26440850974867,1.6336313522410157,22.0,8.0,10.0,6.0,8.0,isotropic_long_wavelength_reconstruction
1.0841574647682424,24.75060026308244,3.9391803763611355,10.310882925475262,1.6410279852312106,22.0,8.0,10.0,6.0,8.0,isotropic_long_wavelength_reconstruction
1.0964774359587905,24.815111582559826,3.9494476717413423,10.357676362601966,1.6484753920541855,22.0,8.0,10.0,6.0,8.0,isotropic_long_wavelength_reconstruction
1.1087974071493387,24.880417746796542,3.959841470593987,10.404784516924868,1.6559728876746111,22.0,8.0,10.0,6.0,8.0,isotropic_long_wavelength_reconstruction
1.121117378339887,24.946520448011498,3.9703620422440733,10.45220313314687,1.6635197948409204,22.0,8.0,10.0,6.0,8.0,isotropic_long_wavelength_reconstruction
1.133437349530435,25.013421372964757,3.9810096551478047,10.4999280050475,1.6711154441123333,22.0,8.0,10.0,6.0,8.0,isotropic_long_wavelength_reconstruction
1.1457573207209835,25.081122202493237,3.991784576818684,10.547954975609544,1.6787591738790113,22.0,8.0,10.0,6.0,8.0,isotropic_long_wavelength_reconstruction
1.1580772919115316,25.149624611055444,4.00268707375506,10.596279937104404,1.6864503303756437,22.0,8.0,10.0,6.0,8.0,isotropic_long_wavelength_reconstruction
1.1703972631020798,25.21893026628543,4.013717411369135,10.644898831138143,1.6941882676887743,22.0,8.0,10.0,6.0,8.0,isotropic_long_wavelength_reconstruction
1.182717234292628,25.28904082855608,4.024875853917461,10.693807648660083,1.7019723477581707,22.0,8.0,10.0,6.0,8.0,isotropic_long_wavelength_reconstruction
1.1950372054831762,25.35995795055189,4.036162664432945,10.743002429935748,1.7098019403725173,22.0,8.0,10.0,6.0,8.0,isotropic_long_wavelength_reconstruction
1.2073571766737243,25.431683276851352,4.047578104658383,10.792479264485973,1.7176764231597255,22.0,8.0,10.0,6.0,8.0,isotropic_long_wavelength_reconstruction
1.2196771478642725,25.50421844351901,4.059122434981536,10.842234290993888,1.7255951815721284,22.0,8.0,10.0,6.0,8.0,isotropic_long_wavelength_reconstruction
1.231997119054821,25.577565077707366,4.070795914371765,10.892263697181482,1.7335576088668363,22.0,8.0,10.0,6.0,8.0,isotropic_long_wavelength_reconstruction
1.244317090245369,25.651724797268653,4.082598800318253,10.942563719657349,1.741563106081504,22.0,8.0,10.0,6.0,8.0,isotropic_long_wavelength_reconstruction
1.2566370614359172,25.72669921037663,4.094531348769801,10.993130643737238,1.749611082005771,22.0,8.0,10.0,6.0,8.0,isotropic_long_wavelength_reconstruction
1.2689570326264654,25.802489915158368,4.106593814076233,11.043960803238933,1.7577009531486152,22.0,8.0,10.0,6.0,8.0,isotropic_long_wavelength_reconstruction
1.2812770038170136,25.87909849933622,4.11878644893141,11.095050580252932,1.7658321437018558,22.0,8.0,10.0,6.0,8.0,isotropic_long_wavelength_reconstruction
1.2935969750075618,25.95652653987991,4.131109504317858,11.146396404890405,1.7740040855000392,22.0,8.0,10.0,6.0,8.0,isotropic_long_wavelength_reconstruction
1.3059169461981102,26.03477560266887,4.143563229453029,11.19799475500977,1.7822162179769225,22.0,8.0,10.0,6.0,8.0,isotropic_long_wavelength_reconstruction
1.3182369173886583,26.11384724216479,4.156147871737185,11.249842155923286,1.7904679881187757,22.0,8.0,10.0,6.0,8.0,isotropic_long_wavelength_reconstruction
1.3305568885792065,26.1937430010945,4.1688636767029275,11.301935180084907,1.7987588504147034,22.0,8.0,10.0,6.0,8.0,isotropic_long_wavelength_reconstruction
1.3428768597697547,26.274464410143096,4.181710887966354,11.354270446760673,1.8070882668041839,22.0,8.0,10.0,6.0,8.0,isotropic_long_wavelength_reconstruction
1.3551968309603029,26.356012987657383,4.194689747179865,11.40684462168283,1.8154557066220232,22.0,8.0,10.0,6.0,8.0,isotropic_long_wavelength_reconstruction
1.367516802150851,26.43839023935966,4.207800493986608,11.459654416688839,1.8238606465408993,22.0,8.0,10.0,6.0,8.0,isotropic_long_wavelength_reconstruction
1.3798367733413994,26.521597658071727,4.22104336597655,11.512696589346362,1.8323025705116778,22.0,8.0,10.0,6.0,8.0,isotropic_long_wavelength_reconstruction
1.3921567445319476,26.605636723449276,4.23441859864421,11.56596794256531,1.8407809697016677,22.0,8.0,10.0,6.0,8.0,isotropic_long_wavelength_reconstruction
1.4044767157224958,26.690508901726442,4.247926425347998,11.619465324197982,1.849295342430981,22.0,8.0,10.0,6.0,8.0,isotropic_long_wavelength_reconstruction
1.416796686913044,26.77621564547065,4.261567077271199,11.673185626628236,1.8578451941071474,22.0,8.0,10.0,6.0,8.0,isotropic_long_wavelength_reconstruction
1.4291166581035921,26.86275839334763,4.275340783384576,11.727125786350655,1.8664300371581368,22.0,8.0,10.0,6.0,8.0,isotropic_long_wavelength_reconstruction
1.4414366292941403,26.95013856989656,4.28924777041058,11.781282783540624,1.8750493909639343,22.0,8.0,10.0,6.0,8.0,isotropic_long_wavelength_reconstruction
1.4537566004846885,27.038357585315328,4.303288262789178,11.835653641616112,1.8837027817867962,22.0,8.0,10.0,6.0,8.0,isotropic_long_wavelength_reconstruction
1.4660765716752369,27.127416835255826,4.317462482645265,11.890235426792042,1.8923897427003253,22.0,8.0,10.0,6.0,8.0,isotropic_long_wavelength_reconstruction
1.478396542865785,27.217317700629152,4.331770649757669,11.945025247627992,1.9011098135174862,22.0,8.0,10.0,6.0,8.0,isotropic_long_wavelength_reconstruction
1.4907165140563332,27.308061547420788,4.346212981529731,12.000020254569971,1.9098625407176752,22.0,8.0,10.0,6.0,8.0,isotropic_long_wavelength_reconstruction
1.5030364852468814,27.399649726515523,4.360789692961444,12.05521763948701,1.918647477372968,22.0,8.0,10.0,6.0,8.0,isotropic_long_wavelength_reconstruction
1.5153564564374296,27.492083573532124,4.375500996623136,12.11061463520319,1.9274641830736385,22.0,8.0,10.0,6.0,8.0,isotropic_long_wavelength_reconstruction
1.5276764276279777,27.585364408667655,4.390347102630696,12.166208515025808,1.936312223853065,22.0,8.0,10.0,6.0,8.0,isotropic_long_wavelength_reconstruction
1.5399963988185261,27.67949353655129,4.405328218622306,12.221996592270227,1.9451911721121067,22.0,8.0,10.0,6.0,8.0,isotropic_long_wavelength_reconstruction
1.5523163700090743,27.77447224610761,4.4204445497366835,12.277976219782044,1.9541006065430555,22.0,8.0,10.0,6.0,8.0,isotropic_long_wavelength_reconstruction
1.5646363411996225,27.87030181042919,4.435696298592806,12.33414478945709,1.9630401120532406,22.0,8.0,10.0,6.0,8.0,isotropic_long_wavelength_reconstruction
1.5769563123901706,27.966983486658407,4.451083665271096,12.390499731759789,1.9720092796883737,22.0,8.0,10.0,6.0,8.0,isotropic_long_wavelength_reconstruction
1.5892762835807188,28.06451851587834,4.4666068472960605,12.447038515240367,1.9810077065557101,22.0,8.0,10.0,6.0,8.0,isotropic_long_wavelength_reconstruction
1.601596254771267,28.162908123012652,4.482266039620356,12.503758646051377,1.9900349957471013,22.0,8.0,10.0,6.0,8.0,isotropic_long_wavelength_reconstruction
1.6139162259618152,28.262153516734312,4.49806143461026,12.560657667463987,1.9990907562620097,22.0,8.0,10.0,6.0,8.0,isotropic_long_wavelength_reconstruction
1.6262361971523636,28.362255889383015,4.513993222032528,12.61773315938441,2.0081746029305467,22.0,8.0,10.0,6.0,8.0,isotropic_long_wavelength_reconstruction
1.6385561683429117,28.463216416891214,4.530061589042623,12.674982737870918,2.017286156336602,22.0,8.0,10.0,6.0,8.0,isotropic_long_wavelength_reconstruction
1.65087613953346,28.56503625871855,4.546266720174278,12.732404054651752,2.026425042741117,22.0,8.0,10.0,6.0,8.0,isotropic_long_wavelength_reconstruction
1.663196110724008,28.667716557794638,4.562608797330391,12.78999479664432,2.0355908940055643,22.0,8.0,10.0,6.0,8.0,isotropic_long_wavelength_reconstruction
1.6755160819145563,28.77125844046995,4.579087999775209,12.847752685475971,2.044783347515674,22.0,8.0,10.0,6.0,8.0,isotropic_long_wavelength_reconstruction
1.6878360531051044,28.87566301647476,4.595704504127787,12.905675477006657,2.0540020461054636,22.0,8.0,10.0,6.0,8.0,isotropic_long_wavelength_reconstruction
1.7001560242956528,28.980931378885902,4.61245848435671,12.963760960853792,2.06324663798162,22.0,8.0,10.0,6.0,8.0,isotropic_long_wavelength_reconstruction
1.712475995486201,29.08706460410124,4.6293501117760165,13.02200695991952,2.072516776648256,22.0,8.0,10.0,6.0,8.0,isotropic_long_wavelength_reconstruction
1.7247959666767492,29.19406375182172,4.64637955504235,13.080411329920697,2.0818121208321116,22.0,8.0,10.0,6.0,8.0,isotropic_long_wavelength_reconstruction
1.7371159378672973,29.301929865040776,4.663546980153273,13.138971958921783,2.091132334408205,22.0,8.0,10.0,6.0,8.0,isotropic_long_wavelength_reconstruction
1.7494359090578455,29.410663970040996,4.6808525504467315,13.197686766870845,2.1004770863259896,22.0,8.0,10.0,6.0,8.0,isotropic_long_wavelength_reconstruction
1.7617558802483937,29.520267076397833,4.698296426601649,13.256553705138924,2.10984605053604,22.0,8.0,10.0,6.0,8.0,isotropic_long_wavelength_reconstruction
1.7740758514389419,29.63074017699025,4.71587876663962,13.315570756062883,2.119238905917294,22.0,8.0,10.0,6.0,8.0,isotropic_long_wavelength_reconstruction
1.7863958226294903,29.742084248018095,4.733599725927677,13.374735932491951,2.128655336204884,22.0,8.0,10.0,6.0,8.0,isotropic_long_wavelength_reconstruction
1.7987157938200384,29.854300249026068,4.751459457182101,13.434047277338108,2.138095029918578,22.0,8.0,10.0,6.0,8.0,isotropic_long_wavelength_reconstruction
1.8110357650105866,29.9673891229341,4.76945811047326,13.493502863130438,2.1475576802918517,22.0,8.0,10.0,6.0,8.0,isotropic_long_wavelength_reconstruction
1.8233557362011348,30.081351796073985,4.787595833231439,13.5531007915736,2.157042985201618,22.0,8.0,10.0,6.0,8.0,isotropic_long_wavelength_reconstruction
1.835675707391683,30.196189178232085,4.805872770253633,13.61283919311054,2.1665506470986307,22.0,8.0,10.0,6.0,8.0,isotropic_long_wavelength_reconstruction
1.8479956785822311,30.311902162697965,4.824289063711294,13.672716226489513,2.1760803729385723,22.0,8.0,10.0,6.0,8.0,isotropic_long_wavelength_reconstruction
1.8603156497727795,30.42849162631877,4.842844853158978,13.732730078335578,2.1856318741138585,22.0,8.0,10.0,6.0,8.0,isotropic_long_wavelength_reconstruction
1.8726356209633277,30.545958429559185,4.861540275543893,13.792878962726581,2.1952048663861494,22.0,8.0,10.0,6.0,8.0,isotropic_long_wavelength_reconstruction
1.8849555921538759,30.664303416566806,4.880375465216302,13.853161120773773,2.204799069819607,22.0,8.0,10.0,6.0,8.0,isotropic_long_wavelength_reconstruction
1.897275563344424,30.78352741524277,4.899350553940763,13.91357482020708,2.214414208714886,22.0,8.0,10.0,6.0,8.0,isotropic_long_wavelength_reconstruction
1.9095955345349722,30.903631237317462,4.91846567090818,13.974118354965105,2.2240500115438815,22.0,8.0,10.0,6.0,8.0,isotropic_long_wavelength_reconstruction
1.9219155057255204,31.02461567843113,4.93772094274863,14.034790044789931,2.2337062108852406,22.0,8.0,10.0,6.0,8.0,isotropic_long_wavelength_reconstruction
1.9342354769160688,31.146481518219264,4.957116493544957,14.095588234826751,2.243382543360641,22.0,8.0,10.0,6.0,8.0,isotropic_long_wavelength_reconstruction
1.946555448106617,31.26922952040255,4.9766524448470815,14.15651129522835,2.253078749571842,22.0,8.0,10.0,6.0,8.0,isotropic_long_wavelength_reconstruction
1.9588754192971651,31.392860432881275,4.996328915687032,14.217557620764518,2.26279457403852,22.0,8.0,10.0,6.0,8.0,isotropic_long_wavelength_reconstruction
1.9711953904877133,31.51737498783396,5.01614602259464,14.278725630436362,2.2725297651368868,22.0,8.0,10.0,6.0,8.0,isotropic_long_wavelength_reconstruction
1.9835153616782615,31.64277390182011,5.036103879613891,14.340013767095595,2.282284075039095,22.0,8.0,10.0,6.0,8.0,isotropic_long_wavelength_reconstruction
1.9958353328688097,31.769057875886933,5.056202598319914,14.401420497068749,2.292057259653432,22.0,8.0,10.0,6.0,8.0,isotropic_long_wavelength_reconstruction
2.008155304059358,31.8962275956798,5.07644228783656,14.462944309786385,2.301849078565304,22.0,8.0,10.0,6.0,8.0,isotropic_long_wavelength_reconstruction
2.020475275249906,32.02428373155635,5.096823054854561,14.524583717417261,2.311659294979014,22.0,8.0,10.0,6.0,8.0,isotropic_long_wavelength_reconstruction
2.0327952464404544,32.15322693870412,5.117345003650251,14.586337254507475,2.32148767566033,22.0,8.0,10.0,6.0,8.0,isotropic_long_wavelength_reconstruction
2.0451152176310026,32.283057857261404,5.138008236104803,14.64820347762457,2.331333990879842,22.0,8.0,10.0,6.0,8.0,isotropic_long_wavelength_reconstruction
2.0574351888215507,32.41377711244136,5.158812851723984,14.710180965006588,2.3411980143571056,22.0,8.0,10.0,6.0,8.0,isotropic_long_wavelength_reconstruction
2.069755160012099,32.54538531465913,5.17975894765838,14.772268316216083,2.3510795232055792,22.0,8.0,10.0,6.0,8.0,isotropic_long_wavelength_reconstruction
2.082075131202647,32.67788305966178,5.200846618724081,14.834464151799036,2.360978297878337,22.0,8.0,10.0,6.0,8.0,isotropic_long_wavelength_reconstruction
2.0943951023931953,32.81127092866108,5.222075957423814,14.896767112948691,2.370894122114567,22.0,8.0,10.0,6.0,8.0,isotropic_long_wavelength_reconstruction
2.1067150735837434,32.94554948846875,5.243447053968466,14.959175861174254,2.380826782886843,22.0,8.0,10.0,6.0,8.0,isotropic_long_wavelength_reconstruction
2.1190350447742916,33.08071929163423,5.264959996299011,15.021689077974454,2.39077607034917,22.0,8.0,10.0,6.0,8.0,isotropic_long_wavelength_reconstruction
2.1313550159648402,33.21678087658479,5.28661487010881,15.084305464515941,2.4007417777858007,22.0,8.0,10.0,6.0,8.0,isotropic_long_wavelength_reconstruction
2.1436749871553884,33.353734767767705,5.3084117588662405,15.14702374131643,2.410723701560804,22.0,8.0,10.0,6.0,8.0,isotropic_long_wavelength_reconstruction
2.1559949583459366,33.4915814757946,5.330350743837665,15.20984264793267,2.4207216410684067,22.0,8.0,10.0,6.0,8.0,isotropic_long_wavelength_reconstruction
2.1683149295364847,33.63032149758761,5.3524319041107,15.272760942653074,2.430735398684072,22.0,8.0,10.0,6.0,8.0,isotropic_long_wavelength_reconstruction
2.180634900727033,33.7699553165274,5.374655316617767,15.33577740219506,2.4407647797163294,22.0,8.0,10.0,6.0,8.0,isotropic_long_wavelength_reconstruction
2.192954871917581,33.910483402602786,5.397021056159908,15.39889082140704,2.450809592359347,22.0,8.0,10.0,6.0,8.0,isotropic_long_wavelength_reconstruction
2.2052748431081293,34.05190621256192,5.419529195430849,15.462100012974984,2.460869647646228,22.0,8.0,10.0,6.0,8.0,isotropic_long_wavelength_reconstruction
2.2175948142986774,34.19422419006487,5.4421798050412855,15.52540380713358,2.4709447594030403,22.0,8.0,10.0,6.0,8.0,isotropic_long_wavelength_reconstruction
2.2299147854892256,34.337437765837564,5.464972953543375,15.588801051381871,2.48103474420356,22.0,8.0,10.0,6.0,8.0,isotropic_long_wavelength_reconstruction
2.242234756679774,34.481547357826784,5.487908707455416,15.652290610203382,2.491139421324727,22.0,8.0,10.0,6.0,8.0,isotropic_long_wavelength_reconstruction
2.254554727870322,34.62655337135638,5.510987131286702,15.715871364790665,2.501258612702806,22.0,8.0,10.0,6.0,8.0,isotropic_long_wavelength_reconstruction
2.26687469906087,34.772456199284335,5.534208287562522,15.779542212774208,2.5113921428902395,22.0,8.0,10.0,6.0,8.0,isotropic_long_wavelength_reconstruction
2.2791946702514183,34.919256222160755,5.557572236849307,15.843302067955689,2.5215398390131956,22.0,8.0,10.0,6.0,8.0,isotropic_long_wavelength_reconstruction
2.291514641441967,35.06695380838653,5.5810790377798805,15.90714986004547,2.5317015307297877,22.0,8.0,10.0,6.0,8.0,isotropic_long_wavelength_reconstruction
2.303834612632515,35.2155493143727,5.604728747078822,15.971084534404355,2.5418770501889747,22.0,8.0,10.0,6.0,8.0,isotropic_long_wavelength_reconstruction
2.3161545838230633,35.36504308470038,5.6285214195879165,16.0351050517895,2.5520662319901213,22.0,8.0,10.0,6.0,8.0,isotropic_long_wavelength_reconstruction
2.3284745550136114,35.515435452281075,5.652457108291677,16.099210388104446,2.5622689131432135,22.0,8.0,10.0,6.0,8.0,isotropic_long_wavelength_reconstruction
2.3407945262041596,35.666726738517355,5.676535864342911,16.16339953415323,2.572484933029725,22.0,8.0,10.0,6.0,8.0,isotropic_long_wavelength_reconstruction
2.353114497394708,35.818917253463916,5.700757737088358,16.22767149539851,2.582714133364122,22.0,8.0,10.0,6.0,8.0,isotropic_long_wavelength_reconstruction
2.365434468585256,35.972007295988604,5.72512277409431,16.292025291723668,2.592956358156,22.0,8.0,10.0,6.0,8.0,isotropic_long_wavelength_reconstruction
2.377754439775804,36.12599715393373,5.749631021172296,16.356459957198798,2.6032114536728397,22.0,8.0,10.0,6.0,8.0,isotropic_long_wavelength_reconstruction
2.3900744109663523,36.280887104277305,5.774282522404734,16.420974539850597,2.6134792684033843,22.0,8.0,10.0,6.0,8.0,isotropic_long_wavelength_reconstruction
2.4023943821569005,36.436677413294134,5.799077320170577,16.485568101436034,2.623759653021617,22.0,8.0,10.0,6.0,8.0,isotropic_long_wavelength_reconstruction
2.4147143533474487,36.59336833671692,5.824015455170946,16.55023971721977,2.634052460351339,22.0,8.0,10.0,6.0,8.0,isotropic_long_wavelength_reconstruction
2.427034324537997,36.75096011989699,5.84909696645472,16.614988475755315,2.644357545331334,22.0,8.0,10.0,6.0,8.0,isotropic_long_wavelength_reconstruction
2.439354295728545,36.90945299796479,5.8743218914440725,16.679813478669807,2.654674764981122,22.0,8.0,10.0,6.0,8.0,isotropic_long_wavelength_reconstruction
2.4516742669190936,37.06884719599003,5.899690265959958,16.74471384045239,2.6650039783672725,22.0,8.0,10.0,6.0,8.0,isotropic_long_wavelength_reconstruction
2.463994238109642,37.2291429291413,5.925202124247521,16.809688688246148,2.6753450465702926,22.0,8.0,10.0,6.0,8.0,isotropic_long_wavelength_reconstruction
2.47631420930019,37.39034040284526,5.950857499001433,16.874737161643523,2.6856978326520666,22.0,8.0,10.0,6.0,8.0,isotropic_long_wavelength_reconstruction
2.488634180490738,37.55243981294529,5.976656421391132,16.939858412485187,2.6960622016238442,22.0,8.0,10.0,6.0,8.0,isotropic_long_wavelength_reconstruction
2.5009541516812863,37.715441345859375,6.002598921085966,17.005051604662274,2.706438020414768,22.0,8.0,10.0,6.0,8.0,isotropic_long_wavelength_reconstruction
2.5132741228718345,37.879345178737424,6.028685026280215,17.070315913922006,2.7168251578409324,22.0,8.0,10.0,6.0,8.0,isotropic_long_wavelength_reconstruction
2.5255940940623827,38.044151479617824,6.0549147637180205,17.135650527676514,2.727223484574962,22.0,8.0,10.0,6.0,8.0,isotropic_long_wavelength_reconstruction
2.537914065252931,38.20986040758315,6.081288158718161,17.201054644815002,2.7376328731161137,22.0,8.0,10.0,6.0,8.0,isotropic_long_wavelength_reconstruction
2.550234036443479,38.376472112915074,6.1078052351987075,17.26652747551901,2.7480531977608753,22.0,8.0,10.0,6.0,8.0,isotropic_long_wavelength_reconstruction
2.562554007634027,38.54398673724832,6.134466015701525,17.332068241080858,2.7584843345740704,22.0,8.0,10.0,6.0,8.0,isotropic_long_wavelength_reconstruction
2.5748739788245754,38.71240441372376,6.161270521416643,17.39767617372517,2.768926161360453,22.0,8.0,10.0,6.0,8.0,isotropic_long_wavelength_reconstruction
2.5871939500151235,38.88172526714042,6.188218772206443,17.463350516433405,2.7793785576367798,22.0,8.0,10.0,6.0,8.0,isotropic_long_wavelength_reconstruction
2.5995139212056717,39.05194941410651,6.215310786629697,17.52909052277143,2.7898414046043687,22.0,8.0,10.0,6.0,8.0,isotropic_long_wavelength_reconstruction
2.6118338923962203,39.22307696318938,6.242546581965437,17.594895456719975,2.8003145851221154,22.0,8.0,10.0,6.0,8.0,isotropic_long_wavelength_reconstruction
2.6241538635867685,39.39510801506432,6.269926174236631,17.660764592508023,2.810797983679975,22.0,8.0,10.0,6.0,8.0,isotropic_long_wavelength_reconstruction
2.6364738347773167,39.56804266266224,6.297449578233697,17.726697214449025,2.8212914863728944,22.0,8.0,10.0,6.0,8.0,isotropic_long_wavelength_reconstruction
2.648793805967865,39.74188099131621,6.325116807537809,17.792692616779906,2.8317949808751925,22.0,8.0,10.0,6.0,8.0,isotropic_long_wavelength_reconstruction
2.661113777158413,39.91662307890662,6.352927874544019,17.85875010350286,2.8423083564153777,22.0,8.0,10.0,6.0,8.0,isotropic_long_wavelength_reconstruction
2.673433748348961,40.09226899600531,6.380882790484185,17.9248689882298,2.8528315037513936,22.0,8.0,10.0,6.0,8.0,isotropic_long_wavelength_reconstruction
2.6857537195395094,40.26881880601822,6.4089815654496745,17.991048594029508,2.8633643151462898,22.0,8.0,10.0,6.0,8.0,isotropic_long_wavelength_reconstruction
2.6980736907300575,40.446272565326865,6.437224208413885,18.05728825327739,2.8739066843443135,22.0,8.0,10.0,6.0,8.0,isotropic_long_wavelength_reconstruction
2.7103936619206057,40.62463032342841,6.465610727254535,18.123587307507805,2.8844585065474013,22.0,8.0,10.0,6.0,8.0,isotropic_long_wavelength_reconstruction
2.722713633111154,40.80389212307442,6.494141128775746,18.189945107268912,2.895019678392084,22.0,8.0,10.0,6.0,8.0,isotropic_long_wavelength_reconstruction
2.735033604301702,40.98405800040817,6.5228154187299,18.25636101198002,2.9055900979267766,22.0,8.0,10.0,6.0,8.0,isotropic_long_wavelength_reconstruction
2.7473535754922502,41.16512798510062,6.551633601839277,18.322834389791385,2.916169664589471,22.0,8.0,10.0,6.0,8.0,isotropic_long_wavelength_reconstruction
2.759673546682799,41.34710210048496,6.58059568181747,18.389364617446397,2.926758279185795,22.0,8.0,10.0,6.0,8.0,isotropic_long_wavelength_reconstruction
2.771993517873347,41.529980363689646,6.609701661390557,18.45595108014612,2.9373558438674605,22.0,8.0,10.0,6.0,8.0,isotropic_long_wavelength_reconstruction
2.784313489063895,41.713762785770065,6.638951542318057,18.522593171416194,2.9479622621110737,22.0,8.0,10.0,6.0,8.0,isotropic_long_wavelength_reconstruction
2.7966334602544434,41.89844937183867,6.668345325413642,18.58929029297597,2.958577438697313,22.0,8.0,10.0,6.0,8.0,isotropic_long_wavelength_reconstruction
2.8089534314449915,42.08404012119365,6.697883010565616,18.656041854609924,2.96920127969046,22.0,8.0,10.0,6.0,8.0,isotropic_long_wavelength_reconstruction
2.8212734026355397,42.27053502744611,6.727564596757154,18.722847274041246,2.9798336924182824,22.0,8.0,10.0,6.0,8.0,isotropic_long_wavelength_reconstruction
2.833593373826088,42.457934078645685,6.757390082086298,18.78970597680762,2.9904745854522625,22.0,8.0,10.0,6.0,8.0,isotropic_long_wavelength_reconstruction
2.845913345016636,42.64623725740474,6.787359463785719,18.856617396139107,3.0011238685881634,22.0,8.0,10.0,6.0,8.0,isotropic_long_wavelength_reconstruction
2.8582333162071842,42.83544454102093,6.817472738242224,18.923580972838145,3.0117814528269284,22.0,8.0,10.0,6.0,8.0,isotropic_long_wavelength_reconstruction
2.8705532873977324,43.02555590159829,6.847729901016037,18.99059615516157,3.022447250355906,22.0,8.0,10.0,6.0,8.0,isotropic_long_wavelength_reconstruction
2.8828732585882806,43.216571306166735,6.8781309468598035,19.057662398704696,3.0331211745303994,22.0,8.0,10.0,6.0,8.0,isotropic_long_wavelength_reconstruction
2.8951932297788288,43.408490716800095,6.908675869737387,19.124779166287333,3.043803139855526,22.0,8.0,10.0,6.0,8.0,isotropic_long_wavelength_reconstruction
2.907513200969377,43.60131409073249,6.939364662842383,19.191945927841786,3.054493061968392,22.0,8.0,10.0,6.0,8.0,isotropic_long_wavelength_reconstruction
2.9198331721599255,43.795041380473215,6.970197318616417,19.25916216030276,3.06519085762057,22.0,8.0,10.0,6.0,8.0,isotropic_long_wavelength_reconstruction
2.9321531433504737,43.98967253392005,7.001173828767157,19.32642734749913,3.075896444660874,22.0,8.0,10.0,6.0,8.0,isotropic_long_wavelength_reconstruction
2.944473114541022,44.185207494471044,7.032294184286126,19.39374098004757,3.08660974201843,22.0,8.0,10.0,6.0,8.0,isotropic_long_wavelength_reconstruction
2.95679308573157,44.38164620113465,7.063558375466219,19.46110255524801,3.0973306696860363,22.0,8.0,10.0,6.0,8.0,isotropic_long_wavelength_reconstruction
2.9691130569221182,44.57898858863841,7.094966391918998,19.528511576980836,3.1080591487038043,22.0,8.0,10.0,6.0,8.0,isotropic_long_wavelength_reconstruction
2.9814330281126664,44.77723458753601,7.126518222591741,19.59596755560588,3.1187951011430814,22.0,8.0,10.0,6.0,8.0,isotropic_long_wavelength_reconstruction
2.9937529993032146,44.97638412431279,7.1582138557842265,19.663470007863104,3.129538450090643,22.0,8.0,10.0,6.0,8.0,isotropic_long_wavelength_reconstruction
3.0060729704937628,45.176437121489734,7.190053279165287,19.731018456774983,3.140289119633159,22.0,8.0,10.0,6.0,8.0,isotropic_long_wavelength_reconstruction
3.018392941684311,45.37739349772589,7.2220364797891055,19.798612431550552,3.1510470348419197,22.0,8.0,10.0,6.0,8.0,isotropic_long_wavelength_reconstruction
3.030712912874859,45.57925316791921,7.254163444111272,19.866251467491065,3.161812121757823,22.0,8.0,10.0,6.0,8.0,isotropic_long_wavelength_reconstruction
3.0430328840654073,45.78201604330596,7.2864341580045995,19.933935105897266,3.172584307376614,22.0,8.0,10.0,6.0,8.0,isotropic_long_wavelength_reconstruction
3.0553528552559555,45.985682031558405,7.318848606774672,20.00166289397824,3.1833635196343812,22.0,8.0,10.0,6.0,8.0,isotropic_long_wavelength_reconstruction
3.0676728264465036,46.190251036881214,7.35140677517519,20.06943438476177,3.194149687393287,22.0,8.0,10.0,6.0,8.0,isotropic_long_wavelength_reconstruction
3.0799927976370522,46.395722960106134,7.384108647423034,20.13724913700628,3.204942740427553,22.0,8.0,10.0,6.0,8.0,isotropic_long_wavelength_reconstruction
3.0923127688276004,46.60209769878525,7.416954207213114,20.205106715114173,3.2157426094096686,22.0,8.0,10.0,6.0,8.0,isotropic_long_wavelength_reconstruction
3.1046327400181486,46.80937514728275,7.4499434377329665,20.27300668904673,3.226549225896846,22.0,8.0,10.0,6.0,8.0,isotropic_long_wavelength_reconstruction
3.1169527112086968,47.01755519686517,7.483076321677124,20.340948634240362,3.237362522317691,22.0,8.0,10.0,6.0,8.0,isotropic_long_wavelength_reconstruction
3.129272682399245,47.22663773579009,7.516352841261229,20.408932131524324,3.248182431959108,22.0,8.0,10.0,6.0,8.0,isotropic_long_wavelength_reconstruction
3.141592653589793,47.43662264939353,7.54977297823594,20.476956767039795,3.25900888895342,22.0,8.0,10.0,6.0,8.0,isotropic_long_wavelength_reconstruction
