tau,omega,sigma_ratio_1e9,sigma_ratio_1e10,sigma_ratio_1e11,score
0.05,0.1443478260869565,0.637041348776408,0.7728636929250674,0.9006564099126436,0.7277177288676333
0.05608695652173913,0.12347826086956522,0.6373225685239632,0.7729470280197006,0.900410313804663,0.728180331235422
0.05304347826086957,0.13391304347826086,0.6374125812639466,0.7731312179261778,0.900666321526433,0.7282712730490545
0.05,0.1408695652173913,0.63875248400432,0.7745961999794966,0.9017696548119061,0.7300849965840145
0.05608695652173913,0.12,0.6387427556189219,0.77438781321852,0.9013458615840488,0.7301412940798614
0.05304347826086957,0.13043478260869565,0.6389796096698785,0.7747182931494018,0.9016905638250166,0.7304371329619513
0.05,0.1373913043478261,0.6404420997466792,0.7763021081628861,0.902860159271985,0.7324234958247071
0.05304347826086957,0.12695652173913044,0.6405215544651764,0.7762762847008142,0.9026915302376176,0.7325691886369377
0.05304347826086957,0.12347826086956522,0.6420372734371429,0.7778042659796867,0.9036689370748007,0.7346657910855232
0.05,0.13391304347826086,0.6421089164246314,0.7779803814030131,0.9039276106312117,0.7347313780911346
0.05304347826086957,0.12,0.6435256359833548,0.7793013239579935,0.9046225069183755,0.7367253092947625
0.05,0.13043478260869565,0.643751660967422,0.779629994725841,0.9049717023217749,0.7370068061146232
0.05,0.12695652173913044,0.6453690684423017,0.7812499352625785,0.9059921339929177,0.7392479561296477
0.05,0.12347826086956522,0.6469598836805569,0.7828392032458682,0.906988611631873,0.7414530201367281
0.05,0.12,0.6485228628969493,0.7843968129939647,0.9079608476824761,0.7436202081514863
0.05304347826086957,0.1373913043478261,0.6358216216712136,0.7715159983280424,0.8996190931906851,0.7641639548369915
0.05,0.14782608695652175,0.635309978518855,0.771105633153255,0.8995207432043134,0.7732492296926379
0.05608695652173913,0.12695652173913044,0.6358755489892891,0.7714760405910054,0.8994513226788922,0.7810508481743328
0.05304347826086957,0.1408695652173913,0.6342078921195512,0.7698735854602625,0.898549174711838,0.8689273434020142
0.05608695652173913,0.13043478260869565,0.6344027287881662,0.7699756988241578,0.8984691560302713,0.87723553692281
0.05,0.15130434782608695,0.6335596609352189,0.7693230758738929,0.8983629791579142,0.8866064086765703
0.059130434782608696,0.12,0.6341575993287366,0.7696444645305096,0.8981288773704139,0.9109565487734972
0.05608695652173913,0.13391304347826086,0.6329051513136982,0.7684468636657752,0.8974640877726385,0.9756771347295706
0.05304347826086957,0.1443478260869565,0.6325725612280052,0.7682049413383663,0.8974568679128418,0.9759007949242579
0.059130434782608696,0.12347826086956522,0.6327999218021108,0.7682560982041223,0.8972107410484671,1.000899715174055
0.05,0.1547826086956522,0.6317916853517116,0.7675170843204556,0.8971834479556627,1.0021171248319276
0.05608695652173913,0.1373913043478261,0.6313838703626939,0.7668904083336994,0.8964363978043856,1.0763491768555375
0.05304347826086957,0.14782608695652175,0.6309168035903938,0.7665110379807337,0.8963424804269944,1.0850552472639743
0.059130434782608696,0.12695652173913044,0.6314159624921502,0.7668382341119093,0.8962695443133907,1.093113522874726
0.05,0.1582608695652174,0.6300073410994279,0.7656887287114807,0.895982485359282,1.1197496725896212
0.05608695652173913,0.1408695652173913,0.629839948910896,0.7653072175227749,0.8953863719004919,1.1792246251774086
0.059130434782608696,0.13043478260869565,0.6300066664259084,0.7653916615470661,0.8953055458914432,1.1875734674188176
0.05304347826086957,0.15130434782608695,0.6292417983576138,0.7647928564929009,0.8952063255772749,1.1963610773865228
0.06217391304347826,0.12,0.6297553453009396,0.7650605406540599,0.894969617935041,1.2208511212871593
0.05,0.1617391304347826,0.6282079159066105,0.7638390852072175,0.894760432576297,1.2394718016338158
0.059130434782608696,0.13391304347826086,0.6285729901128937,0.7639171823436495,0.8943190104231875,1.2842544702231058
0.05608695652173913,0.1443478260869565,0.6282744578813598,0.7636981866009015,0.8943143016023869,1.2842758774621101
0.06217391304347826,0.12347826086956522,0.628455170619959,0.7637211112107002,0.8940683132768859,1.3091944641404232
0.05304347826086957,0.1547826086956522,0.6275487278209262,0.7630513861446114,0.8940487222535971,1.3097881116356471
0.05,0.16521739130434782,0.6263946943037723,0.7619692348627823,0.8935176361243908,1.3612507282064432
0.059130434782608696,0.1373913043478261,0.6271159004820486,0.7624156101733954,0.8933102083633109,1.3831308870906844
0.05608695652173913,0.14782608695652175,0.626688474907811,0.7620642207962175,0.8932204841056806,1.3914747768442695
0.06217391304347826,0.12695652173913044,0.6271292787206676,0.7623528700248617,0.8931443206912647,1.3997720582659703
0.05304347826086957,0.1582608695652174,0.6258387759985088,0.7612876234406777,0.8928699947880321,1.425305636209761
0.059130434782608696,0.1408695652173913,0.6256363738098499,0.7608877698326719,0.892279415878294,1.4841765169241796
0.05,0.16869565217391305,0.6245689560444898,0.7600802625791275,0.8922544476938735,1.4850531466155925
0.06217391304347826,0.13043478260869565,0.6257785381167608,0.7609565535007821,0.8921978902646825,1.4925601539667142
0.05608695652173913,0.15130434782608695,0.6250830830948191,0.7604062343762799,0.8921052221458066,1.5007926215046574
0.06521739130434782,0.12,0.6255227283171848,0.7606262592576156,0.8918662379504939,1.52540419577288
0.05304347826086957,0.1617391304347826,0.6241131272275795,0.7595025711867227,0.8916704728280439,1.5428824078398753
0.059130434782608696,0.1443478260869565,0.6241353946410094,0.759334496520277,0.8912269147419664,1.5873646106375865
0.06217391304347826,0.13391304347826086,0.6244038285690551,0.7595329100793191,0.8912292778272164,1.587534443989333
0.05,0.17217391304347826,0.6227319745446833,0.7581732560531456,0.8909712240083172,1.6108452409460101
0.06521739130434782,0.12347826086956522,0.6242756130226966,0.7593326113340307,0.8909812136005719,1.6121964740990424
0.05608695652173913,0.1547826086956522,0.6234593697766544,0.7587251498201327,0.8909688238816216,1.6122001745477812
0.05304347826086957,0.16521739130434782,0.6223729647643992,0.757697237550899,0.890450491207791,1.662486664667039
0.06217391304347826,0.1373913043478261,0.623006040151429,0.7580826996048393,0.8902387448574411,1.6846700717019838
0.059130434782608696,0.14782608695652175,0.6226139547032773,0.7577566351068199,0.8901529922289855,1.6926678802650135
0.06521739130434782,0.12695652173913044,0.6230033497911562,0.7580108180977898,0.8900738636485923,1.701187625776084
0.05608695652173913,0.1582608695652174,0.6218184252767124,0.7570218969841628,0.8898116027770011,1.7256676740770172
0.05,0.1756521739130435,0.6208850153431786,0.756249304728245,0.8896683266834071,1.738592696970537
0.06217391304347826,0.1408695652173913,0.6215860723079268,0.7566066926828906,0.8892265583852672,1.7839416394665981
0.05304347826086957,0.16869565217391305,0.6206194693944739,0.7558726351226964,0.8892103898175379,1.7840861373178085
0.06521739130434782,0.13043478260869565,0.6217067393388886,0.7566615680702348,0.8891444299639842,1.792354625607639
0.059130434782608696,0.15130434782608695,0.6210730518178753,0.7561550393964277,0.8890579410062788,1.80005850826436
0.06826086956521739,0.12,0.6214478346855342,0.7563326857303605,0.8888169769180988,1.8247745344278594
0.05608695652173913,0.1617391304347826,0.6201613416693993,0.7552974122626701,0.8886338774804768,1.841164843465348
0.05,0.1791304347826087,0.6190293345863277,0.7543094987467563,0.8883461220840609,1.8682607142609349
0.06217391304347826,0.1443478260869565,0.6201448329022554,0.7551056700292763,0.888192990892733,1.8853232172030887
0.06521739130434782,0.13391304347826086,0.620386593330409,0.7552855613189501,0.8881931599944608,1.8856739068103656
0.05304347826086957,0.17217391304347826,0.6188538180552721,0.7540297799699615,0.8879505134712246,1.9076480601761792
0.059130434782608696,0.1547826086956522,0.6195136888070994,0.7545305713815452,0.8879420590224858,1.9095081570143606
0.06826086956521739,0.12347826086956522,0.6202498190324152,0.7550819518440327,0.8879477078716044,1.9100625442270005
0.05608695652173913,0.16521739130434782,0.6184892115463901,0.7535526377440831,0.8874359717029598,1.9586609018197858
0.06521739130434782,0.1373913043478261,0.6190437335536693,0.7538835088859072,0.8872203066756414,1.9811213688718412
0.06217391304347826,0.14782608695652175,0.6186832372609273,0.7535804218111666,0.8871383202127785,1.9887883511445072
0.06826086956521739,0.12695652173913044,0.619027222837961,0.7538037188382662,0.8870564656877892,1.9975150244019375
0.05,0.1826086956521739,0.6171661775394394,0.752354927905528,0.8870049811798668,1.9998140184966964
0.059130434782608696,0.1582608695652174,0.617936872400656,0.7528841004916041,0.8868056493954409,2.0209879785029674
0.05304347826086957,0.1756521739130435,0.6170771824737749,0.7521696906952761,0.8866712117722416,2.0331391828501877
0.05608695652173913,0.16869565217391305,0.6168031267891785,0.7517885203637752,0.886218214093589,2.078124574638126
0.06521739130434782,0.1408695652173913,0.6176789910866866,0.752456132207004,0.8862261283386619,2.078672385596073
0.06826086956521739,0.13043478260869565,0.617780786485757,0.7524986317572753,0.8861434844109927,2.087109645411089
0.06217391304347826,0.15130434782608695,0.6172022072113164,0.7520317469808878,0.886062829426039,2.0943100727810227
0.07130434782608695,0.12,0.6175199290745061,0.7521716402778601,0.885820153626695,2.1191146377861654
0.05,0.18608695652173912,0.615296777127733,0.7503866806160981,0.8856452793988876,2.1332168739708006
0.059130434782608696,0.1617391304347826,0.616343612142304,0.7512165028363516,0.8856490202977334,2.1344686242055455
0.05304347826086957,0.1791304347826087,0.6152907278211607,0.7502933874928449,0.8853728389774561,2.160525781831815
0.06521739130434782,0.1443478260869565,0.6162932054565853,0.7510041625235411,0.8852108886157967,2.1783018133355014
0.06826086956521739,0.13391304347826086,0.6165112609692277,0.7511673467176545,0.8852090035040587,2.1788235515136853
0.05608695652173913,0.17217391304347826,0.6151041773498385,0.7500060110544468,0.8849809381137497,2.1995241046561116
0.06217391304347826,0.1547826086956522,0.6157026701159153,0.7504604526030552,0.8849668067556917,2.2018609079910374
0.07130434782608695,0.12347826086956522,0.6163674707085597,0.7509612075478148,0.8849661393816661,2.2029433081345866
0.059130434782608696,0.16521739130434782,0.6147349192983929,0.7495286604446485,0.8844724848403858,2.2499202551508795
0.05,0.18956521739130436,0.6134223525094901,0.7484058428708237,0.8842673964798843,2.2684330962906984
0.06826086956521739,0.1373913043478261,0.6152194071600796,0.7498105303902837,0.8842532677623031,2.2726333683218223
0.06521739130434782,0.14782608695652175,0.614887223792098,0.7495283402861764,0.8841748563441351,2.27998399940685
0.07130434782608695,0.12695652173913044,0.6151909926029189,0.7497239013918262,0.8840904949088091,2.288902985241886
0.05304347826086957,0.1826086956521739,0.6134956113869195,0.7484018912070642,0.8840557538595369,2.289773672348404
0.06217391304347826,0.1582608695652174,0.6141855579040971,0.7488673531757168,0.8838505454603929,2.311412886357617
0.05608695652173913,0.1756521739130435,0.6133934500419272,0.7482060638950502,0.8837244819093066,2.3228272628831474
0.059130434782608696,0.16869565217391305,0.6131118057698929,0.7478214604995551,0.8832763609546893,2.367312552173308
0.06826086956521739,0.1408695652173913,0.6139059950684531,0.7484288594742033,0.883276527225537,2.3685152105339338
0.07130434782608695,0.13043478260869565,0.6139911812345361,0.7484603272683124,0.8831934467921329,2.376972007713005
0.06521739130434782,0.15130434782608695,0.6134618999705944,0.7480294145519272,0.8831183054673308,2.383692790690197
0.05,0.19304347826086957,0.6115441076840267,0.7464134972163673,0.8828717163230029,2.405426065273697
0.07434782608695652,0.12,0.6137293075964694,0.7481356171276827,0.8828741611590282,2.4085710431035183
0.05304347826086957,0.18608695652173912,0.6116929812746674,0.7464962223939476,0.8827203195676235,2.4208482204042676
0.06217391304347826,0.1617391304347826,0.6126518061026975,0.7472532699461977,0.8827143437253353,2.42293755066884
0.05608695652173913,0.1791304347826087,0.611672027343452,0.7463896352592528,0.8824491881810923,2.4480013598251547
0.06826086956521739,0.1443478260869565,0.6125718030956471,0.7470230201629293,0.8822790370881741,2.4664446898482004
0.07130434782608695,0.13391304347826086,0.6127687333294713,0.7471711012523393,0.882275226879868,2.4671282027793735
0.059130434782608696,0.17217391304347826,0.6114752830095258,0.7460957945705339,0.8820609712722342,2.4866147263493694
0.06521739130434782,0.1547826086956522,0.6120180937607145,0.7465081423747862,0.8820415149354669,2.489401542408644
0.07434782608695652,0.12347826086956522,0.6126192259793078,0.7469630985795124,0.8820349240691095,2.490983526039459
0.06217391304347826,0.16521739130434782,0.6111023528667467,0.7456190302223364,0.8815585045514706,2.5364059665995935
0.05,0.1965217391304348,0.6096632301370486,0.7444107217359383,0.8814586268389761,2.5441587380351063
0.05304347826086957,0.18956521739130436,0.6098839751219096,0.7445774003865975,0.8813669034863839,2.553714355010947
0.07130434782608695,0.1373913043478261,0.6115243552112427,0.7458568495648884,0.8813360722024659,2.5593488935588438
0.06826086956521739,0.14782608695652175,0.6112176172803064,0.7455937076036823,0.8812610576074531,2.5663969230538495
0.05608695652173913,0.1826086956521739,0.609940986213817,0.7445576829644365,0.8811554040536936,2.5750132568927144
0.07434782608695652,0.12695652173913044,0.6114856755127875,0.7457643118175499,0.8811743904121928,2.575494457359697
0.06521739130434782,0.1582608695652174,0.6105566699617045,0.7449652881905376,0.8809447686030609,2.59708312708746
0.059130434782608696,0.1756521739130435,0.6098263609456065,0.7443525578436175,0.8808266430031764,2.607795529616916
0.06217391304347826,0.16869565217391305,0.6095381380116933,0.7439654666798294,0.8803833356429223,2.651788732573889
0.07130434782608695,0.1408695652173913,0.6102587621412655,0.7445182080946283,0.8803762248887252,2.6536109064906204
0.07434782608695652,0.13043478260869565,0.6103292943264579,0.7445398261630659,0.8802927796524006,2.662082817574346
0.06826086956521739,0.15130434782608695,0.6098442305389655,0.7441416253500245,0.8802228540097999,2.6683465402990914
0.05,0.2,0.6077808895258946,0.7423985890416948,0.8800285197968841,2.6845936622682287
0.05304347826086957,0.19304347826086957,0.6080697188459686,0.7426464423659186,0.8799958770935109,2.6883365806042683
0.07739130434782608,0.12,0.6100671726060187,0.7442177140393454,0.8799774623666501,2.6932846045852292
0.05608695652173913,0.18608695652173912,0.6082013969266629,0.74271116542225,0.8798434809425826,2.7038293779926907
0.06521739130434782,0.1617391304347826,0.6090784975405612,0.7434016231963698,0.8798283551252452,2.7067099436908846
0.059130434782608696,0.1791304347826087,0.6081660469142087,0.7425926483503922,0.8795737078127798,2.7308232655751183
0.07130434782608695,0.1443478260869565,0.6089726776521214,0.7431558219126003,0.8793959320800718,2.7498905789437247
0.07434782608695652,0.13391304347826086,0.6091507304278598,0.743290221117246,0.8793903163692194,2.750727090103386
0.06217391304347826,0.17217391304347826,0.6079601020484663,0.7422934166663973,0.8791891492926345,2.7690559898051816
0.06826086956521739,0.1547826086956522,0.6084524419018656,0.7426674848084004,0.8791646963953611,2.7722676935339576
0.07739130434782608,0.12347826086956522,0.6089966022150243,0.743080923770846,0.8791525461632795,2.7743223594450255
0.06521739130434782,0.16521739130434782,0.6075844487681067,0.7418179247258867,0.878692567852157,2.818253926934452
0.05304347826086957,0.1965217391304348,0.6062513254182585,0.7407043624377756,0.8786076158156955,2.8246789896473095
0.05608695652173913,0.18956521739130436,0.6064543219204913,0.7408510407917345,0.8785137744196271,2.834415721302186
0.07434782608695652,0.1373913043478261,0.6079506411197444,0.7420160859323297,0.8784672301792553,2.8414052682572173
0.07130434782608695,0.14782608695652175,0.6076668328744034,0.7417703447802371,0.8783954458430167,2.8481637669973976
0.059130434782608696,0.1826086956521739,0.606495344601269,0.7408169661966671,0.8783025016962729,2.8556658004635134
0.07739130434782608,0.12695652173913044,0.6079031016632774,0.7419184502443472,0.8783066581094036,2.857426876839265
0.06826086956521739,0.1582608695652174,0.6070430557449692,0.7411720046790912,0.8780868596407375,2.878134065126215
0.06217391304347826,0.1756521739130435,0.6063691852227346,0.7406037215035065,0.8779762622662859,2.8881774325134595
0.06521739130434782,0.16869565217391305,0.6060753983551221,0.7402149756201388,0.8775377047215684,2.931686556771593
0.07434782608695652,0.1408695652173913,0.6067296924097942,0.7407180191757511,0.8775237556561886,2.9340948623858716
0.07739130434782608,0.13043478260869565,0.6067872655645453,0.74073082971019,0.8774400108678484,2.942577754142917
0.07130434782608695,0.15130434782608695,0.6063419658579051,0.7403624386511412,0.8773750230798187,2.9484058533919226
0.05304347826086957,0.2,0.6044298936690432,0.7387521707177992,0.8772024988831293,2.962705275417011
0.05608695652173913,0.19304347826086957,0.6047008146689522,0.7389782661360536,0.8771666440770347,2.966737871222204
0.08043478260869565,0.12,0.6065255255513143,0.740411570612727,0.8771285857486186,2.9733907572440534
0.059130434782608696,0.18608695652173912,0.6048152529962394,0.7390264127916992,0.8770133648520597,2.9822905743184296
0.06826086956521739,0.1617391304347826,0.6056168810191127,0.7396559103921042,0.876989623299947,2.9859188766489138
0.06217391304347826,0.1791304347826087,0.6047663265597222,0.7388972257863888,0.8767449956845133,3.009122318316615
0.07434782608695652,0.1443478260869565,0.605488558413477,0.7393966282876383,0.8765601322489434,3.0287729071960188
0.07739130434782608,0.13391304347826086,0.6056496980374859,0.7395186081812226,0.8765528220732632,3.0297541054013886
0.06521739130434782,0.17217391304347826,0.6045522225896843,0.7385935635952943,0.8763640681497908,3.046978868052413
0.07130434782608695,0.1547826086956522,0.6049988208879266,0.7389327731670625,0.8763349254373798,3.050591755648204
0.08043478260869565,0.12347826086956522,0.6054918762787932,0.7393085022239116,0.8763175542073262,3.053093629999255
0.06826086956521739,0.16521739130434782,0.6041747304772426,0.7381199335385213,0.8758732715036491,3.095594897837472
0.05608695652173913,0.1965217391304348,0.6029419185726486,0.7370937965838598,0.8758024533897626,3.100761010510212
0.059130434782608696,0.18956521739130436,0.6031267653588911,0.7372218900788604,0.8757066415533282,3.1106646123046087
0.07739130434782608,0.1373913043478261,0.6044910121825151,0.7382823410410818,0.8756453142573879,3.118934568043791
0.07434782608695652,0.14782608695652175,0.6042279207506719,0.7380525291320424,0.8755766041981075,3.1254159692333046
0.06217391304347826,0.1826086956521739,0.6031524629159446,0.7371747766831033,0.8754956749034718,3.1318594787952034
0.08043478260869565,0.12695652173913044,0.6044358218019519,0.7381803156511031,0.8754858668872919,3.1348324205848894
0.07130434782608695,0.1582608695652174,0.6036381477974888,0.7374820251485188,0.8752754192143978,3.1546959343544776
0.06521739130434782,0.1756521739130435,0.6030157984768469,0.7369544806075907,0.8751719649208887,3.1641014603528514
0.06826086956521739,0.16869565217391305,0.6027174199006995,0.7365648112978502,0.8747380928566576,3.2071344557151082
0.07739130434782608,0.1408695652173913,0.603311829551597,0.7370225926459365,0.8747177147725823,3.2100973097592327
0.08043478260869565,0.13043478260869565,0.6033579174364471,0.7370275168083077,0.8746337299488833,3.21858731933949
0.07434782608695652,0.15130434782608695,0.6029484679367222,0.7366863455422726,0.8745734204506148,3.2240001545295267
0.05608695652173913,0.2,0.6011786658742848,0.7351985844963451,0.8744215695764411,3.2364499325893954
0.059130434782608696,0.19304347826086957,0.6014308682008632,0.7354042997686361,0.874382680018091,3.24075453622076
0.08347826086956522,0.12,0.6030970749038473,0.7367113141345257,0.874326121680776,3.2490197658800346
0.06217391304347826,0.18608695652173912,0.6015285280392294,0.7354372232334061,0.8742286293937788,3.25635733022785
0.07130434782608695,0.1617391304347826,0.6022607012762523,0.7360108780805154,0.8741967752668072,3.2606924016184946
0.06521739130434782,0.1791304347826087,0.6014670028818265,0.7352985222162091,0.8739617060742348,3.283024507972573
0.07739130434782608,0.1443478260869565,0.6021127796114997,0.7357399359200089,0.8737702557136429,3.3032200355344004
0.08043478260869565,0.13391304347826086,0.6022587276335697,0.7358506209738959,0.873761354385931,3.304338046529228
0.06826086956521739,0.17217391304347826,0.6012457673255145,0.7349912858619189,0.8735843803337778,3.3205094438841876
0.07434782608695652,0.1547826086956522,0.6016508947685777,0.7352987088607169,0.8735508345727235,3.3245011164123666
0.08347826086956522,0.12347826086956522,0.6020979983914645,0.7356401219286512,0.8735285574109819,3.3274260639378417
0.07130434782608695,0.16521739130434782,0.6008672401769514,0.7345200215938258,0.8730992689115326,3.36855472968361
0.059130434782608696,0.1965217391304348,0.5997285402835362,0.7335745425748539,0.8730418322777036,3.3725265761767242
0.06217391304347826,0.18956521739130436,0.5998954516383833,0.7336854156481893,0.8729441926178725,3.3825838844959337
0.08043478260869565,0.1373913043478261,0.6011388255090141,0.7346501524319381,0.8728689559542838,3.392063858805849
0.07739130434782608,0.14782608695652175,0.6008944992010639,0.7344349519451988,0.872803173837927,3.3982799948510367
0.06521739130434782,0.1826086956521739,0.5999067116778469,0.7336264869447239,0.8727336067904448,3.4037177700994574
0.08347826086956522,0.12695652173913044,0.6010770269318412,0.7345443572117096,0.8727106450826333,3.4078382461753938
0.07434782608695652,0.1582608695652174,0.6003359017066999,0.7338902574735467,0.8725091046613127,3.426894063476258
0.06826086956521739,0.1756521739130435,0.5997605922696978,0.7334001038558722,0.8724124311739964,3.4356913319821762
0.07130434782608695,0.16869565217391305,0.5994585268201617,0.7330101509423058,0.8719831798285869,3.478256059706798
0.08043478260869565,0.1408695652173913,0.5999987923649873,0.7334266441074276,0.8719567550986925,3.4817435558215903
0.08347826086956522,0.13043478260869565,0.6000346802395368,0.7334244980073688,0.8718725846345298,3.4902370730744554
0.07739130434782608,0.15130434782608695,0.5996576319830476,0.7331082295451428,0.871816710483809,3.495253989041841
0.059130434782608696,0.2,0.5980207516337934,0.7317335174550422,0.871684454043898,3.505946582440571
0.06217391304347826,0.19304347826086957,0.5982541584638618,0.7319202046102669,0.871642701905828,3.5105067601553324
0.08652173913043479,0.12,0.5997751567379283,0.7331115119040282,0.8715687189515545,3.520296960439521
0.06521739130434782,0.18608695652173912,0.598335798899804,0.7319391756417903,0.8714879862757205,3.526150601139144
0.07434782608695652,0.1617391304347826,0.5990041942534171,0.7324616363407004,0.871448493253521,3.5311537677130462
0.06826086956521739,0.1791304347826087,0.5982627149624988,0.7317920157568335,0.8712225467730547,3.5526511753002907
0.08043478260869565,0.1443478260869565,0.5988392172061258,0.7321806371956704,0.8710249768780454,3.573355486999538
0.08347826086956522,0.13391304347826086,0.5989714868033142,0.7322810313244538,0.8710145807055967,3.5746028478179683
0.07130434782608695,0.17217391304347826,0.5980353262982294,0.7314819664767179,0.8708487919615406,3.5897691106971004
0.07739130434782608,0.1547826086956522,0.5984028278911167,0.7317603648640465,0.8708111114874879,3.594118378803416
0.08652173913043479,0.12347826086956522,0.5988085176282049,0.7320704944497121,0.8707842222929908,3.5974435232974304
0.07434782608695652,0.16521739130434782,0.5976564823284196,0.7310134965215562,0.8703692672347574,3.637254572800394
0.06217391304347826,0.1965217391304348,0.5966055674007933,0.7301424405772846,0.8703244983296634,3.6400931936737217
0.06521739130434782,0.18956521739130436,0.5967551359049131,0.7302373908417372,0.870225167644645,3.650291961207312
0.08347826086956522,0.1373913043478261,0.5978879834602673,0.7311144528277859,0.8701368425665308,3.6609154225033755
0.08043478260869565,0.14782608695652175,0.5976606962496925,0.7309126807861331,0.8700738508889732,3.666877558458186
0.06826086956521739,0.1826086956521739,0.5967529555766307,0.7301677753108005,0.8700150325744436,3.6713596245626148
0.08652173913043479,0.12695652173913044,0.5978204785791243,0.7310054313099085,0.8699796772299818,3.6765667188828894
0.07739130434782608,0.1582608695652174,0.5971307425725597,0.7303919609406366,0.8697866270981742,3.694849091864498
0.07130434782608695,0.1756521739130435,0.5965984057791964,0.7299361731155568,0.869696393416394,3.703066188612487
0.07434782608695652,0.16869565217391305,0.5962934796420991,0.7295464946967058,0.8692716977451062,3.745170402546627
0.08347826086956522,0.1408695652173913,0.5967847149636925,0.7299252665033028,0.8692395840498343,3.749154204507664
0.08652173913043479,0.13043478260869565,0.5968115269574988,0.729916774811929,0.869155277744261,3.7576478560276163
0.08043478260869565,0.15130434782608695,0.5964638324305409,0.7296233314810381,0.8691036111878472,3.7622872400886282
0.06217391304347826,0.2,0.594950590575697,0.7283529730875422,0.8689899265761792,3.771310050830965
0.06521739130434782,0.19304347826086957,0.5951655905414994,0.7285219361257399,0.8689454778014567,3.776110426783121
0.08956521739130435,0.12,0.5965536659672889,0.7296071291458148,0.8688550815676137,3.787342958824184
0.06826086956521739,0.18608695652173912,0.5952321334644469,0.7285281389483543,0.8687901979588449,3.791786935864381
0.07739130434782608,0.1617391304347826,0.5958420368273197,0.7290036272775858,0.8687435118916775,3.79742163080804
0.07130434782608695,0.1791304347826087,0.5951485338115629,0.7283734798133645,0.8685262763588777,3.818119195613712
0.08347826086956522,0.1443478260869565,0.5956622335451102,0.7287139843177122,0.868323023478263,3.8392981630020837
0.08652173913043479,0.13391304347826086,0.595782158553388,0.7288049859074525,0.8683112223892112,3.84066779857288
0.07434782608695652,0.17217391304347826,0.5949159030674431,0.7280612926862531,0.8681560600841584,3.854874769489908
0.08043478260869565,0.1547826086956522,0.595249234901338,0.7283131530090079,0.8681144962111906,3.859561572782987
0.08956521739130435,0.12347826086956522,0.5956175172480608,0.7285947148582691,0.8680832695794741,3.863265224911702
0.07739130434782608,0.16521739130434782,0.5945373760439356,0.727595979406768,0.8676820246824187,3.9018110810455933
0.06521739130434782,0.1965217391304348,0.5935680263270858,0.7267936154842553,0.8676492473198457,3.903574201521572
0.06826086956521739,0.18956521739130436,0.5937010663990689,0.7268738651997677,0.8675483561320586,3.9139029807670185
0.08652173913043479,0.1373913043478261,0.5947328771940287,0.7276705338697762,0.8674477142244124,3.925606971349432
0.08347826086956522,0.14782608695652175,0.594521098470847,0.7274811258729298,0.8673873835917086,3.9313258356151817
0.07130434782608695,0.1826086956521739,0.5936864796307357,0.7267945990270417,0.8673387369102182,3.9348996394727345
0.08956521739130435,0.12695652173913044,0.5946604481068102,0.7275587634650468,0.8672917010519661,3.9411356268097553
0.08043478260869565,0.1582608695652174,0.5940175185285458,0.7269827158340653,0.8671067486945248,3.9586771758126558
0.07434782608695652,0.1756521739130435,0.5935244720112012,0.7265585569650639,0.8670226336142922,3.966340783650381
0.07739130434782608,0.16869565217391305,0.5932174296330017,0.7261696384507116,0.8666024284338947,4.007992118942087
0.08652173913043479,0.1408695652173913,0.5936641943518961,0.7265138959857129,0.8665649607486438,4.012445366303201
0.08956521739130435,0.13043478260869565,0.5936829164361703,0.7264997035702917,0.8664805642592359,4.020936000882167
0.08347826086956522,0.15130434782608695,0.5933618755935983,0.726227218055566,0.8664328914725312,4.025215335243109
0.06521739130434782,0.2,0.5919633016369351,0.7250532326814049,0.8663368103213037,4.032651127222897
0.06826086956521739,0.19304347826086957,0.5921605698214575,0.7252057141101016,0.8662898240114469,4.037677256548113
0.09260869565217392,0.12,0.5934269965965372,0.7261934917546999,0.8661839657985507,4.050273878070481
0.07130434782608695,0.18608695652173912,0.5922130124680149,0.7252002461806574,0.8661340750413942,4.053378643134363
0.08043478260869565,0.1617391304347826,0.5927693033846745,0.7256325967603015,0.8660806155896742,4.059610254354631
0.07434782608695652,0.1791304347826087,0.5921199077850459,0.725038958175404,0.8658717016624352,4.079541161433092
0.08652173913043479,0.1443478260869565,0.59257662874725,0.7253355572423578,0.865663173831361,4.101162548765118
0.08956521739130435,0.13391304347826086,0.5926853882132287,0.7254179720595034,0.8656500519232844,4.102647750364804
0.07739130434782608,0.17217391304347826,0.5918828704587575,0.7247252306806222,0.8655049901676171,4.115939020089681
0.08347826086956522,0.1547826086956522,0.592185136899401,0.7249527946817256,0.8654597784693614,4.120944357005791
0.09260869565217392,0.12347826086956522,0.5925195583682281,0.7252082262097037,0.8654244713298509,4.125005948065008
0.08043478260869565,0.16521739130434782,0.5915052142373196,0.7242633785325285,0.8650363479805515,4.162336607164665
0.06826086956521739,0.1965217391304348,0.5906114560944244,0.7235244466548889,0.8650149221109301,4.163078896604372
0.07130434782608695,0.18956521739130436,0.5907289008629732,0.7235911391292766,0.864912594465917,4.173526954428816
0.08956521739130435,0.1373913043478261,0.5916683371485194,0.7243140138204969,0.8648003611512531,4.186251851121929
0.08652173913043479,0.14782608695652175,0.5914707059455224,0.7241360100089519,0.8647425696426639,4.191737663864065
0.07434782608695652,0.1826086956521739,0.5907029329774616,0.7235031706374054,0.8647035514203306,4.19444823468042
0.09260869565217392,0.12695652173913044,0.5915916637302722,0.7241999145233776,0.8646455046659333,4.2016583849703455
0.08347826086956522,0.1582608695652174,0.5909914600504492,0.7236583961373921,0.864468280119399,4.218490185347024
0.07739130434782608,0.1756521739130435,0.5905343742694265,0.7232633870713537,0.8643899808705551,4.2256256677285915
0.08043478260869565,0.16869565217391305,0.5902258800355109,0.722875649433243,0.8639742009974477,4.266831634395289
0.08956521739130435,0.1408695652173913,0.5906322443295153,0.7231882814593452,0.8639316933712278,4.271728857542668
0.09260869565217392,0.13043478260869565,0.5906437436481783,0.7231689633558418,0.8638472486090033,4.2802135327924375
0.08652173913043479,0.15130434782608695,0.5903469579499154,0.7229157537140741,0.8638033685817719,4.284149443081697
0.06826086956521739,0.2,0.5890545337645797,0.7218308241570055,0.8637239744245682,4.290076681005385
0.07130434782608695,0.19304347826086957,0.5892349119800853,0.7219679976223198,0.863674602531167,4.295314955933426
0.09565217391304348,0.12,0.590389989628066,0.7228662532325754,0.8635541774347154,4.309201534701972
0.07434782608695652,0.18608695652173912,0.5892742708270937,0.7219518718578073,0.8635184738433459,4.311033959871298
0.08347826086956522,0.1617391304347826,0.5897814279241972,0.7223445690146773,0.8634586360692228,4.317829701277582
0.07739130434782608,0.1791304347826087,0.5891726191269313,0.7217847428537113,0.8632576754011038,4.337025561313603
0.08956521739130435,0.1443478260869565,0.5895775978589253,0.722041235011508,0.8630442542665693,4.35905890857677
0.09260869565217392,0.13391304347826086,0.5896762368462776,0.7221157873226209,0.8630298902898332,4.360653313843875
0.08043478260869565,0.17217391304347826,0.5889319333939024,0.7214700028762294,0.86289443372985,4.373070345557343
0.08652173913043479,0.1547826086956522,0.5892059227895805,0.7216752945183988,0.8628457952040299,4.378376210947454
0.09565217391304348,0.12347826086956522,0.5895096307462508,0.7219067879724451,0.8628066482662625,4.382776231567581
0.07130434782608695,0.1965217391304348,0.5877318109304704,0.7203315427669837,0.8624204101083176,4.4187126749814425
0.08347826086956522,0.16521739130434782,0.5885556281491978,0.7210118657442129,0.8624310899941356,4.418939389759517
0.07434782608695652,0.18956521739130436,0.587834644598299,0.7203857420374268,0.8623167635478429,4.429269927466287
0.09260869565217392,0.1373913043478261,0.588689589487715,0.7210408087369408,0.862193621107637,4.442959234286059
0.08956521739130435,0.14782608695652175,0.5885048924881147,0.7208733416483438,0.8621382537087952,4.448221733908044
0.07739130434782608,0.1826086956521739,0.5877982848366158,0.7202899370644764,0.8621083523936114,4.450111825223807
0.09565217391304348,0.12695652173913044,0.5886092641134073,0.7209247505644537,0.8620399239847185,4.4582442290443165
0.08652173913043479,0.1582608695652174,0.5880481441037586,0.7204151449832619,0.8618700781464619,4.474395891872625
0.08043478260869565,0.1756521739130435,0.5876240100753417,0.7200470369971372,0.8617973091378125,4.481027367623184
0.08347826086956522,0.16869565217391305,0.5873146526381331,0.7196608442239802,0.8613858895160669,4.521795347230201
0.09260869565217392,0.1408695652173913,0.5876842548492883,0.7199444573473225,0.8613386366685147,4.527112389806685
0.09565217391304348,0.13043478260869565,0.5876892960331009,0.7199205273327934,0.8612541821432171,4.535588359772736
0.08956521739130435,0.15130434782608695,0.5874146292459648,0.7196850753792179,0.8612139056890256,4.53919666026435
0.07130434782608695,0.2,0.5862203600996029,0.7186824964922505,0.861150331480881,4.543689793815635
0.07434782608695652,0.19304347826086957,0.586384776959636,0.7188054635778157,0.8610987187071476,4.549127371395775
0.09869565217391305,0.12,0.5874378874944644,0.7196213652721203,0.8609645692360753,4.564233634959379
0.07739130434782608,0.18608695652173912,0.5864120523776102,0.7187796120945502,0.860942294161486,4.56485721761445
0.08652173913043479,0.1617391304347826,0.5868741707222686,0.719135823735283,0.8608764500518913,4.572186017121894
0.08043478260869565,0.1791304347826087,0.5863027484723615,0.718607354241375,0.8606830939619041,4.590676953269962
0.09260869565217392,0.1443478260869565,0.5866606929914006,0.7188271700706526,0.860465136722485,4.613093471431114
0.09565217391304348,0.13391304347826086,0.5867501402557457,0.7188945122474067,0.8604496045085046,4.614791045724219
0.08347826086956522,0.17217391304347826,0.5860590971185001,0.7182920674448631,0.8603232861200556,4.626373289264319
0.08956521739130435,0.1547826086956522,0.5863073150635018,0.7184769167494149,0.8602714282480133,4.63196261786276
0.09869565217391305,0.12347826086956522,0.5865831096382935,0.718686447900572,0.8602286672859829,4.636682560927414
0.07434782608695652,0.1965217391304348,0.5849253893660463,0.7172117205875681,0.8598646409461458,4.670577178689695
0.08652173913043479,0.16521739130434782,0.5856845562427346,0.7178378551272934,0.8598651474916509,4.671723731920928
0.07739130434782608,0.18956521739130436,0.585014603334483,0.7172544132356147,0.8597597865989142,4.681234139408542
0.09565217391304348,0.1373913043478261,0.5857922176861005,0.717847106685536,0.8596263770032598,4.695834303538365
0.09260869565217392,0.14782608695652175,0.585619370423405,0.7176893907209089,0.8595733250991197,4.700882771466518
0.08043478260869565,0.1826086956521739,0.5849687890881421,0.7171515609496655,0.8595520586317602,4.701992989261009
0.09869565217391305,0.12695652173913044,0.5857087576065239,0.7177294160517729,0.8594738402925066,4.7109983994458515
0.08956521739130435,0.1582608695652174,0.5851834623946237,0.7172493525340745,0.8593110434047739,4.726498146988697
0.08347826086956522,0.1756521739130435,0.5847895606614169,0.7169061031132262,0.8592435350693356,4.73264855837245
0.08652173913043479,0.16869565217391305,0.5844798586049531,0.71652176889583,0.8588364108869005,4.772985802698531
0.09565217391304348,0.1408695652173913,0.5848159560859372,0.7167787191888597,0.8587846896470402,4.778699749990596
0.09869565217391305,0.13043478260869565,0.5848152150616592,0.7167506371708688,0.8587002607707406,4.787164453621842
0.09260869565217392,0.15130434782608695,0.5845607597646207,0.7165315697337317,0.8586634096417971,4.790460189577627
0.07434782608695652,0.2,0.5834572014454639,0.7156051983887467,0.8586148352345379,4.793589899246534
0.07739130434782608,0.19304347826086957,0.5836066193308196,0.7157149882257177,0.8585611190812188,4.799214643426335
0.08043478260869565,0.18608695652173912,0.5836227740174984,0.7156802669416115,0.8584044771732615,4.814949004963846
0.10173913043478261,0.12,0.5845662940734256,0.7164550515220355,0.8584140385532519,4.815473955537033
0.08956521739130435,0.1617391304347826,0.5840435888332683,0.7160028754283683,0.8583329770838396,4.822781404707248
0.08347826086956522,0.1791304347826087,0.5835066452090254,0.7155035232708239,0.8581468953190459,4.840596131934495
0.09565217391304348,0.1443478260869565,0.5838217897721131,0.7156897652163774,0.8579247364958664,4.863368607589004
0.09869565217391305,0.13391304347826086,0.5839028728148825,0.7157504860546184,0.8579081053385951,4.865163626524313
0.08652173913043479,0.17217391304347826,0.5832606396628005,0.7151880998154535,0.8577904844285762,4.875948624461713
0.09260869565217392,0.1547826086956522,0.5834853394013093,0.7153541638870241,0.8577356021405943,4.881805238992501
0.10173913043478261,0.12347826086956522,0.5837357178693188,0.7155435169159778,0.8576894391391884,4.886827546222073
0.07739130434782608,0.1965217391304348,0.5821887814653803,0.7141619867941928,0.857346584363885,4.918770443650875
0.08956521739130435,0.16521739130434782,0.582888216727361,0.7147379837341484,0.8573374590411476,4.920790171705938
0.08043478260869565,0.18956521739130436,0.5822653464284506,0.7141940850976326,0.8572406271143709,4.929518181002523
0.09869565217391305,0.1373913043478261,0.5829721285580373,0.7147293446303569,0.8570975546614332,4.94497842632525
0.09565217391304348,0.14782608695652175,0.5828101593102966,0.7145806668931999,0.8570467155804645,4.949821710298854
0.08347826086956522,0.1826086956521739,0.5822109551009709,0.7140849039123407,0.8570336294285944,4.950190630265874
0.10173913043478261,0.12695652173913044,0.5828859863368456,0.7146103098237948,0.8569461779793683,4.960022316286985
0.09260869565217392,0.1582608695652174,0.5823935931399007,0.7141576360177821,0.8567901182638286,4.97489705283758
0.08652173913043479,0.1756521739130435,0.5820274647540923,0.7138373873501579,0.8567276159959899,4.98058822830222
0.08956521739130435,0.16869565217391305,0.5817178727898952,0.7134551810432903,0.8563247227885936,5.020501859266542
0.09869565217391305,0.1408695652173913,0.5820233865910794,0.7136876017308136,0.8562687933953832,5.026590971566639
0.10173913043478261,0.13043478260869565,0.5820174623058039,0.7136557801344205,0.8561844227508798,5.03504202193648
0.09565217391304348,0.15130434782608695,0.5817815112045893,0.7134518527554204,0.8561508288431787,5.038039509393925
0.07739130434782608,0.2,0.5807617697514819,0.7125960602063275,0.8561164784802833,5.039872924627445
0.08043478260869565,0.19304347826086957,0.580897150044939,0.7126936309396262,0.8560607893896487,5.045673358042986
0.08347826086956522,0.18608695652173912,0.5809030966004354,0.7126508246008806,0.855904003472693,5.061406324815405
0.10478260869565217,0.12,0.5817711394951038,0.7133637841353012,0.855901525104484,5.0630225153891715
0.09260869565217392,0.1617391304347826,0.5812860098567704,0.7129424547353481,0.8558271774882759,5.069714390599793
0.08652173913043479,0.1791304347826087,0.5807809022688099,0.712470175302142,0.8556480570741051,5.086880289032751
0.09869565217391305,0.1443478260869565,0.5810570575452123,0.7126256528649282,0.8554220101293434,5.109982996551654
0.10173913043478261,0.13391304347826086,0.5811305154702032,0.7126802848090004,0.8554043451268193,5.111870029591167
0.08956521739130435,0.17217391304347826,0.5805330877074985,0.7121549759179701,0.8552950055172612,5.121893516365326
0.09565217391304348,0.1547826086956522,0.5807362975833007,0.7123037574912303,0.8552372820735702,5.12800207943336
0.10478260869565217,0.12347826086956522,0.5809634923887648,0.7124745466274686,0.8551879162568529,5.133310091214282
0.08043478260869565,0.1965217391304348,0.5795188286312473,0.7111795222107236,0.8548652482434813,5.163387045708885
0.09260869565217392,0.16521739130434782,0.5801630831448672,0.7117090941312917,0.8548470030280736,5.166235644715377
0.08347826086956522,0.18956521739130436,0.5795836774202209,0.7112018680817227,0.8547582869510945,5.174217146492436
0.10173913043478261,0.1373913043478261,0.5802255221421077,0.7116841876756396,0.8546061207231213,5.190489320841371
0.08652173913043479,0.1826086956521739,0.5795215232161097,0.7110870114582156,0.8545520626695081,5.194800132951297
0.09869565217391305,0.14782608695652175,0.580073558101919,0.7115438999848116,0.8545573973256948,5.195135856858961
0.10478260869565217,0.12695652173913044,0.5801370944860884,0.711564063577941,0.8544559024202132,5.205413745759224
0.09565217391304348,0.1582608695652174,0.5796749758811327,0.7111368216784572,0.8543062848427221,5.2196891243624846
0.08956521739130435,0.1756521739130435,0.5793343957468443,0.7108378815681082,0.8542485480193519,5.224941836899656
0.09260869565217392,0.16869565217391305,0.5790253109574997,0.7104580334861219,0.8538498217623339,5.264438847283228
0.10173913043478261,0.1408695652173913,0.5793028650012292,0.7106678592202548,0.8537899290441187,5.270882497521486
0.10478260869565217,0.13043478260869565,0.5792922894069799,0.7106326685231322,0.8537056466234352,5.27931767171794
0.09869565217391305,0.15130434782608695,0.579073310708113,0.7104427512490048,0.8536751512597323,5.282030534979326
0.08043478260869565,0.2,0.5781310254787048,0.7096523784545046,0.8536542911320455,5.282631431626288
0.08347826086956522,0.19304347826086957,0.5782533062493672,0.7097386198946571,0.8535967526970549,5.288596694121608
0.08652173913043479,0.18608695652173912,0.5782499007905438,0.7096884472341216,0.8534398912251009,5.304322745731792
0.10782608695652174,0.12,0.5790486490775323,0.7103442627582127,0.8534260088944223,5.306975739118839
0.09565217391304348,0.1617391304347826,0.5785980085180348,0.7099514915187021,0.8533580504362622,5.313079983736774
0.08956521739130435,0.1791304347826087,0.5781223343592725,0.7095044155262271,0.8531855946088375,5.329623167039468
0.10173913043478261,0.1443478260869565,0.578362932840466,0.7096316763736583,0.8529559534268409,5.353031786904515
0.10478260869565217,0.13391304347826086,0.5784294273645106,0.7096807018062302,0.8529373157884115,5.355005681893521
0.09260869565217392,0.17217391304347826,0.5778731952495941,0.7091897569730421,0.8528358641614858,5.3643016769014
0.09869565217391305,0.1547826086956522,0.5780567432876289,0.709322620782183,0.8527754719578338,5.370647646072866
0.10782608695652174,0.12347826086956522,0.5782627546989498,0.7094763091661176,0.8527230907155121,5.3762255542062665
0.08347826086956522,0.1965217391304348,0.5769125922808026,0.7082616679852335,0.852419676784547,5.404518243023495
0.09565217391304348,0.16521739130434782,0.5775058625750008,0.7087482185682586,0.8523927957861258,5.40815363906714
0.08652173913043479,0.18956521739130436,0.5769666099379158,0.7082750373170539,0.8523118045335369,5.415422780439393
0.10478260869565217,0.1373913043478261,0.5775488649383383,0.708708510386287,0.8521510806789704,5.432461213972218
0.08956521739130435,0.1826086956521739,0.5768974437839882,0.7081550993199619,0.8521063930408542,5.435913512702114
0.10173913043478261,0.14782608695652175,0.5774061203075705,0.7085760222950072,0.8521043809840685,5.436919047015194
0.10782608695652174,0.12695652173913044,0.5774585001918828,0.7085875225479795,0.8520020179857093,5.447266958411687
0.09869565217391305,0.1582608695652174,0.5770242889492846,0.7081839284314704,0.8518585631343801,5.460967443846113
0.09260869565217392,0.1756521739130435,0.5767072416167397,0.7079047533589594,0.8518053642123614,5.465801465625692
0.09565217391304348,0.16869565217391305,0.576399009467075,0.707527459465996,0.8514107414010712,5.504888720285618
0.10478260869565217,0.1408695652173913,0.5766509648441412,0.7077164476436408,0.8513471158485666,5.51166733541375
0.10782608695652174,0.13043478260869565,0.5766362114266178,0.7076782211852184,0.8512629492658915,5.520084565034175
0.08347826086956522,0.2,0.5755621447405235,0.7067716023152463,0.8512273384342517,5.521954753718903
0.10173913043478261,0.15130434782608695,0.5764328276431457,0.7075012861517527,0.8512354025461565,5.522525772060648
0.08652173913043479,0.19304347826086957,0.5756722269212048,0.7068473393066583,0.8511680676494258,5.528074565668579
0.08956521739130435,0.18608695652173912,0.5756602666502109,0.7067904581424798,0.8510111944298621,5.543788547148812
0.1108695652173913,0.12,0.5763953158293705,0.7073933956654234,0.8509865082624685,5.547426612417088
0.09869565217391305,0.1617391304347826,0.575976385691744,0.7070270995195189,0.8509246321274426,5.552969826547426
0.09260869565217392,0.1791304347826087,0.5755279589323443,0.7066035157029656,0.8507585593420504,5.568915206048361
0.10478260869565217,0.1443478260869565,0.5757360956992373,0.7067048731817909,0.8505255995867574,5.592606748457371
0.10782608695652174,0.13391304347826086,0.575796220608588,0.7067487299138039,0.8505060469106351,5.594662617029421
0.09565217391304348,0.17217391304347826,0.5752779246138444,0.7062896756583973,0.8504121112959724,5.6032635123295
0.10173913043478261,0.1547826086956522,0.5754434604151679,0.7064078628962307,0.8503492126016389,5.609833097977825
0.1108695652173913,0.12347826086956522,0.5756300846375138,0.7065457790601504,0.8502939923272825,5.615665901087727
0.08652173913043479,0.1965217391304348,0.5743673288869918,0.7054059133548081,0.8500089488003312,5.642252113802076
0.09869565217391305,0.16521739130434782,0.5749134761054209,0.7058525645945174,0.8499738898332565,5.646634343079307
0.08956521739130435,0.18956521739130436,0.5744113475786496,0.7054110205210558,0.8499002531665915,5.653223618700949
0.10782608695652174,0.1373913043478261,0.5749388660693745,0.7057993799464041,0.8497314770191084,5.67098499161146
0.09260869565217392,0.1826086956521739,0.5743358589832214,0.7052865410525108,0.8496956903405409,5.673619558495617
0.10478260869565217,0.14782608695652175,0.5748046317845577,0.7056741526258391,0.8496867138644816,5.675261795242248
0.1108695652173913,0.12695652173913044,0.5748468705948411,0.7056777281157378,0.8495835661742189,5.685672879766857
0.10173913043478261,0.1582608695652174,0.5744384292502385,0.705296153039032,0.8494460092366347,5.698821808095775
0.09565217391304348,0.1756521739130435,0.5741430871077,0.705035333121943,0.8493971329198996,5.703255961843152
0.09869565217391305,0.16869565217391305,0.5738360070716604,0.7046607591772983,0.8490065506394923,5.741940199226799
0.10782608695652174,0.1408695652173913,0.5740644920539661,0.7048305086910772,0.8489394093847846,5.749035204966868
0.1108695652173913,0.13043478260869565,0.5740459831394459,0.7047895468613036,0.8488553840674443,5.757432567164207
0.08652173913043479,0.2,0.5730524934328273,0.7039513218044445,0.8488347192965859,5.757929129389053
0.10478260869565217,0.15130434782608695,0.5738569528031464,0.7046246574176273,0.848830644278152,5.759614463041209
0.08956521739130435,0.19304347826086957,0.5731512327826881,0.7040173179840642,0.8487738268338013,5.764193758574503
0.09260869565217392,0.18608695652173912,0.5731314561039405,0.7039543301374913,0.8486170012821717,5.779890858341934
0.11391304347826087,0.12,0.5738078760450521,0.7045082827864243,0.8485820780498641,5.784464829984212
0.10173913043478261,0.1617391304347826,0.5734181495617708,0.7041665624193002,0.8485259940730624,5.789472338912512
0.09565217391304348,0.1791304347826087,0.5729949793801467,0.703764902083035,0.8483660370830151,5.80484368399526
0.10782608695652174,0.1443478260869565,0.573173448504433,0.7038424595666177,0.8481300174439879,5.828796417080287
0.1108695652173913,0.13391304347826086,0.5732277377991009,0.7038815456407829,0.8481096039690089,5.830929620862255
0.09869565217391305,0.17217391304347826,0.5727444294594475,0.7034521235057098,0.8480228323573469,5.838866264000085
0.10478260869565217,0.1547826086956522,0.5728934436353654,0.7035567646076909,0.8479575799925767,5.845646389606792
0.11391304347826087,0.12347826086956522,0.5730622970733685,0.703680116909942,0.8478996868449101,5.851719850996862
0.08956521739130435,0.1965217391304348,0.5718804696696561,0.7026098847266457,0.8476321761208682,5.87667368883106
0.10173913043478261,0.16521739130434782,0.5723830412753252,0.7030195019721014,0.8475893722056879,5.881764785984168
0.09260869565217392,0.18956521739130436,0.5719152668102739,0.7026073870624824,0.8475227394459085,5.88770512344021
0.1108695652173913,0.1373913043478261,0.5723924559980893,0.702954040946986,0.8473463874916203,5.906148341753144
0.09565217391304348,0.1826086956521739,0.5718340868664509,0.7024788567356598,0.8473190578822953,5.908003969410734
0.10782608695652174,0.14782608695652175,0.5722660908401594,0.7028355818146641,0.8473034782232854,5.910251436670239
0.11391304347826087,0.12695652173913044,0.5722990996239806,0.7028319021325781,0.8471996238550747,5.920719233681776
0.10478260869565217,0.1582608695652174,0.5719144940909846,0.7024708566441615,0.8470677136827214,5.9333388686284
0.09869565217391305,0.1756521739130435,0.5716391978198857,0.7022271022764275,0.8470229561524717,5.937391076089982
0.10173913043478261,0.16869565217391305,0.5713335285513025,0.7018553874930201,0.8466363521380126,5.975678909926154
0.1108695652173913,0.1408695652173913,0.571540464860526,0.7020073552524014,0.8465658998502796,5.983072678584105
0.08956521739130435,0.2,0.5705996064425805,0.7011892572753111,0.8464755647372372,5.990637830442965
0.11391304347826087,0.13043478260869565,0.5715185778942807,0.7019639291489327,0.8464820392107161,5.9914483876215705
0.10782608695652174,0.15130434782608695,0.5713427797347946,0.7018102303086775,0.8464599722857382,5.993382726234181
0.09260869565217392,0.19304347826086957,0.5706878094320735,0.7012462189973416,0.8464131552344776,5.997038061665219
0.09565217391304348,0.18608695652173912,0.5706608976689205,0.7011776749569906,0.8462564326261078,6.012713791214979
0.11695652173913043,0.12,0.5712832875887276,0.7016862004030195,0.8462118078759977,6.018176936333075
0.10478260869565217,0.1617391304347826,0.5709204986583426,0.701367321158746,0.8461612414743301,6.022672855299288
0.09869565217391305,0.1791304347826087,0.5705207700787023,0.7009861443843798,0.8460071464747516,6.037492850435233
0.1108695652173913,0.1443478260869565,0.5706720970103,0.7010418168368386,0.845768309812797,6.061686232609986
0.11391304347826087,0.13391304347826086,0.5707210319379046,0.7010764947404866,0.8457470866476192,6.063892370170516
0.10173913043478261,0.17217391304347826,0.5702700395052159,0.7006746394001315,0.8456671457170262,6.071194142524179
0.10782608695652174,0.1547826086956522,0.5704038808900807,0.7007667653599088,0.8455996836760208,6.07817240720193
0.11695652173913043,0.12347826086956522,0.570556421140814,0.700876654655442,0.8455392742727857,6.084473014984658
0.09260869565217392,0.1965217391304348,0.5694496037459158,0.6998713358664196,0.84528850209237,6.107865078569222
0.10478260869565217,0.16521739130434782,0.5699118562507633,0.7002465507499172,0.8452383628834156,6.1136289719924415
0.09565217391304348,0.18956521739130436,0.5694759022191049,0.6998618380211347,0.8451784017576554,6.118949812189538
0.11391304347826087,0.1373913043478261,0.5699067674858543,0.7001699016205446,0.8449949234615595,6.13803589073351
0.09869565217391305,0.1826086956521739,0.5693896072270325,0.6997297026599697,0.8449756309869585,6.139149484899685
0.1108695652173913,0.14782608695652175,0.5697876903677737,0.7000577596120113,0.8449537896491918,6.141972262352411
0.11695652173913043,0.12695652173913044,0.5698122881725391,0.7000474327554866,0.8448493016145907,6.152490678835016
0.10782608695652174,0.1582608695652174,0.5694497648067153,0.6997055525204685,0.8447227998644283,6.164602265195998
0.10173913043478261,0.1756521739130435,0.5691930059257633,0.6994776824935068,0.8446819680668347,6.1682895929543315
0.10478260869565217,0.16869565217391305,0.5688889699504233,0.6991089427634524,0.8442992807546374,6.206187514043779
0.11391304347826087,0.1408695652173913,0.5690760957643248,0.69924445827611,0.8442257104617708,6.213863315149644
0.09260869565217392,0.2,0.5682011706078627,0.6984832500366132,0.8441490364227433,6.220161285147792
0.11695652173913043,0.13043478260869565,0.5690511687207369,0.6991988129048273,0.8441420360529992,6.222215714427699
0.1108695652173913,0.15130434782608695,0.56888758794338,0.6990555229431621,0.844122515079995,6.223913688464095
0.09565217391304348,0.19304347826086957,0.5682795929392209,0.6985318303112316,0.844085208777313,6.226688392037132
0.09869565217391305,0.18608695652173912,0.5682461730107429,0.6984582336042662,0.8439286404922952,6.242338567058062
0.12,0.12,0.568818710522871,0.6989245873264157,0.8438748205154644,6.248646459847196
0.10782608695652174,0.1617391304347826,0.568480806552419,0.698626962383618,0.8438295116897808,6.252653755397981
0.10173913043478261,0.1791304347826087,0.5681028629909199,0.6982649457124118,0.8436810375211855,6.266944054110467
0.11391304347826087,0.1443478260869565,0.5682293333093444,0.6983004788067746,0.8434396119233305,6.291358670179374
0.11695652173913043,0.13391304347826086,0.5682733484565349,0.698331079175214,0.8434176272557878,6.293633564672509
0.10478260869565217,0.17217391304347826,0.5678522467498586,0.6979548990704585,0.8433442011985818,6.300328455641713
0.1108695652173913,0.1547826086956522,0.5679721376282576,0.6980354514678306,0.8432746652234637,6.307493098697638
0.12,0.12347826086956522,0.5681096816910068,0.698132882255429,0.8432118872758537,6.31400802804651
0.09565217391304348,0.1965217391304348,0.5670724639030971,0.6971881390301129,0.8429771001638787,6.335905594754367
0.10782608695652174,0.16521739130434782,0.5674973855273704,0.6975313703814036,0.8429200133012384,6.3423080080198915
0.09869565217391305,0.18956521739130436,0.5670909336185554,0.6971721971223612,0.8428664088608496,6.347037381088823
0.11695652173913043,0.1373913043478261,0.5674791185194129,0.6974445213633862,0.8426762283631865,6.366729332973547
0.10173913043478261,0.1826086956521739,0.5670000489822845,0.6970368618903594,0.8426645755549023,6.3671360090378615
0.11391304347826087,0.14782608695652175,0.5673668017783605,0.6973382827607151,0.842636795538475,6.370505648094123
0.12,0.12695652173913044,0.5673837263660223,0.6973218616277812,0.8425317421971141,6.381068938695501
0.1108695652173913,0.1582608695652174,0.5670416919820704,0.6969978949118731,0.8424104225417198,6.392692752977541
0.10478260869565217,0.1756521739130435,0.5668020972913134,0.6967848258430244,0.84237333352796,6.396031455821458
0.10782608695652174,0.16869565217391305,0.5664998852271839,0.6964191565797576,0.8419945020990468,6.433545833878813
0.11695652173913043,0.1408695652173913,0.5666687753481584,0.6965394348430886,0.841917995943091,6.441487787457675
0.09565217391304348,0.2,0.5658550104969474,0.6958312539097358,0.8418543252947588,6.446577196110506
0.12,0.13043478260869565,0.5666411114056011,0.69649179192529,0.8418345275997119,6.44981534198226
0.11391304347826087,0.15130434782608695,0.566488827758889,0.6963581949678873,0.8418174323668531,6.451287611367672
0.09869565217391305,0.19304347826086957,0.5659243573692363,0.695872056255067,0.8417891729549809,6.453222914772204
0.10173913043478261,0.18608695652173912,0.5658850049979034,0.695793867508178,0.8416328067142529,6.468843637471214
0.1108695652173913,0.1617391304347826,0.5660966080181576,0.6959432079028404,0.8415299727858273,6.479494588574504
0.10478260869565217,0.1791304347826087,0.5657389356041275,0.6955991333276454,0.8413868901927408,6.493275864563028
0.11695652173913043,0.1443478260869565,0.5658426205088214,0.6956161204142639,0.8411430899452312,6.5178933653030695
0.12,0.13391304347826086,0.5658821090907044,0.695642945293548,0.8411203892341442,6.520233052764695
0.10782608695652174,0.17217391304347826,0.5654886930035989,0.6952907054711936,0.8410531786742214,6.526347730074191
0.11391304347826087,0.1547826086956522,0.5655957425743581,0.6953605453705152,0.8409816967847318,6.533687597468177
0.09869565217391305,0.1965217391304348,0.5647469143981185,0.694558276909153,0.8406971725536536,6.560871866592339
0.1108695652173913,0.16521739130434782,0.5651372469861672,0.6948717497808229,0.8406335049398231,6.56788022538052
0.10173913043478261,0.18956521739130436,0.5647581746638126,0.6945364024452672,0.8405859585462666,6.572044822475707
0.10478260869565217,0.1826086956521739,0.5646631788403674,0.6943982356165658,0.8403850867142353,6.592040728991319
0.12,0.1373913043478261,0.5651069969713622,0.6947755994059839,0.8403894762388265,6.592307554553486
0.11695652173913043,0.14782608695652175,0.5650009605197867,0.6946748841495102,0.8403516736543063,6.595930177166663
0.11391304347826087,0.1582608695652174,0.5646878820872769,0.6943456688509662,0.840129766433168,6.617688323749578
0.10782608695652174,0.1756521739130435,0.5644641998230642,0.6941464057652192,0.84009624674719,6.620693885766128
0.1108695652173913,0.16869565217391305,0.5641639741523218,0.6937838844068793,0.8397212111637113,6.657830971284149
0.12,0.1408695652173913,0.5643160577095417,0.6938900373251824,0.8396419410969647,6.666024003592223
0.09869565217391305,0.2,0.5635590763432267,0.6932313275863085,0.8395906502757462,6.669960652941152
0.11695652173913043,0.15130434782608695,0.5641441066740674,0.6937160372378816,0.8395439136420979,6.675582011709746
0.10173913043478261,0.19304347826086957,0.5636200038445268,0.6932649097292044,0.8395242615270156,6.676717157189899
0.10478260869565217,0.18608695652173912,0.5635752470089056,0.6931825504171867,0.8393681416181484,6.6923047996770215
0.11391304347826087,0.1617391304347826,0.5637655864998596,0.6933139050571172,0.839261822165154,6.703272192441868
0.10782608695652174,0.1791304347826087,0.563426800023387,0.692986650176603,0.8391239131054081,6.7165641880534945
0.12,0.1443478260869565,0.5635095789191897,0.6929865473615346,0.8388779395924211,6.741367233033949
0.1108695652173913,0.17217391304347826,0.5631771585774783,0.6926799799691574,0.8387932867354382,6.749327827644354
0.11695652173913043,0.1547826086956522,0.5632723748589423,0.6927398958261238,0.838719979718575,6.7568323402204395
0.10173913043478261,0.1965217391304348,0.562470940352721,0.6919798352838779,0.8384479489888887,6.782837951668118
0.11391304347826087,0.16521739130434782,0.5628292001522425,0.692265598225307,0.838378047991755,6.790421295738585
0.10478260869565217,0.18956521739130436,0.5624755627081576,0.6919524988196918,0.8383362763666182,6.794046537036813
0.10782608695652174,0.1826086956521739,0.5623768910686394,0.6918118352116246,0.8381363875399632,6.813938227950475
0.12,0.14782608695652175,0.5626878530035486,0.692065422929298,0.8380976307645864,6.818321757213123
0.11695652173913043,0.1582608695652174,0.5623860853730481,0.6917467808574278,0.8378800448819972,6.839664321332533
0.1108695652173913,0.1756521739130435,0.5621771728931352,0.6915604087868304,0.8378499299918609,6.842351494861896
0.11391304347826087,0.16869565217391305,0.5618790713184301,0.6912010970009786,0.8374786310272468,6.879117420980809
0.10173913043478261,0.2,0.5613114336583395,0.6906816276763184,0.8373572570468681,6.890384239821516
0.12,0.15130434782608695,0.5618511769898484,0.6911269624001378,0.837301176862264,6.8968717760124125
0.10478260869565217,0.19304347826086957,0.5613645508576879,0.690708505063045,0.8372897152892596,6.897244117831236
0.10782608695652174,0.18608695652173912,0.5613148733024967,0.6906223609524437,0.8371338827811817,6.912795306460446
0.11695652173913043,0.1617391304347826,0.5614855627410533,0.6907370179077935,0.8370242852680337,6.924060805839121
0.1108695652173913,0.1791304347826087,0.5611643930755502,0.6904255471119616,0.8368913422687267,6.936882378046887
0.11391304347826087,0.17217391304347826,0.5609155520001124,0.6901207542571176,0.836563761433273,6.969342055936156
0.12,0.1547826086956522,0.5609998523614775,0.6901714689542343,0.8364887432965825,6.977001179322901
0.10478260869565217,0.1965217391304348,0.5602426384288983,0.6894509962995127,0.8362286855132273,7.001875441759219
0.11695652173913043,0.16521739130434782,0.5605711355260266,0.6897109370200962,0.8361528800979066,7.010004341600488
0.10782608695652174,0.18956521739130436,0.560241149700203,0.6894186308397259,0.8361166144332614,7.013114440745247
0.1108695652173913,0.1826086956521739,0.5601391982181317,0.6892757749294208,0.8359177278396752,7.0329005927813695
0.12,0.1582608695652174,0.5601341848877394,0.6891992504290303,0.8356604985929433,7.0586935515972575
0.11391304347826087,0.1756521739130435,0.5599389977184933,0.6890249269105905,0.8356336323620279,7.061076394172103
0.11695652173913043,0.16869565217391305,0.5596431361396336,0.6886688725359462,0.8352660116255726,7.0974771785447555
0.10478260869565217,0.2,0.5591102541750139,0.6881804023578698,0.8351534168923245,7.107918138146916
0.10782608695652174,0.19304347826086957,0.559156125619347,0.6882010514536632,0.8350848009079388,7.114874370389064
0.1108695652173913,0.18608695652173912,0.5591019703022693,0.6881114757549773,0.8349292938542803,7.1303859709755875
0.12,0.1617391304347826,0.5592544844513012,0.6882106191657067,0.8348166143420186,7.141932176494429
0.11391304347826087,0.1791304347826087,0.5589497673042773,0.6879139757364925,0.8346884398984873,7.154301340521851
0.11695652173913043,0.17217391304347826,0.5587019006502802,0.6876111629254397,0.8343638650839558,7.186461273760535
0.10782608695652174,0.1965217391304348,0.5580602085496432,0.6869700322935314,0.8340386633572155,7.218053563754955
0.12,0.16521739130434782,0.5583610648734488,0.6872058918534655,0.8339572651498065,7.226700041615324
0.1108695652173913,0.18956521739130436,0.5580530939667722,0.6869330364316896,0.83392625027515,7.229318066816383
0.11391304347826087,0.1826086956521739,0.5579482226859606,0.6867882651806153,0.8337283830016958,7.248997516641962
0.11695652173913043,0.1756521739130435,0.5577477685893377,0.6865381506148968,0.8334466286302437,7.27693829668028
0.12,0.16869565217391305,0.5574542437372547,0.686185389371707,0.8330826285867615,7.312979843327919
0.10782608695652174,0.2,0.5569538078619121,0.6857259855559275,0.8329784256051589,7.3226302244325945
0.1108695652173913,0.19304347826086957,0.5569929562760846,0.6857408469247213,0.8329088098140967,7.329676162806678
0.11391304347826087,0.18608695652173912,0.5569347286765759,0.6856481631701457,0.832753663445129,7.3451452666602135
0.11695652173913043,0.1791304347826087,0.5567810827555744,0.6854501818126854,0.8325144932902635,7.368889634352974
0.12,0.17217391304347826,0.5565343422087776,0.6851494366301915,0.8321928851360068,7.400753991681235
0.1108695652173913,0.1965217391304348,0.5559219464874516,0.6845353001147133,0.8318771878673971,7.431439275894348
0.11391304347826087,0.18956521739130436,0.5559096527590415,0.6844940409227068,0.8317644857561438,7.442724662912485
0.11695652173913043,0.1826086956521739,0.5558021890179312,0.6843476063332308,0.8315676529019463,7.462296396805588
0.12,0.1756521739130435,0.5556016848564093,0.6840983624072668,0.8312882181406441,7.490004615406763
0.1108695652173913,0.2,0.5548404558172088,0.6833167915898383,0.8308316024501585,7.534586163689165
0.11391304347826087,0.19304347826086957,0.5548733648702701,0.6833262727538654,0.8307610571545329,7.541715511767426
0.11695652173913043,0.18608695652173912,0.5548114361167743,0.6832307774193158,0.8306063040579009,7.557139422491255
0.12,0.1791304347826087,0.5546565994684829,0.6830324991862629,0.8303688137501751,7.580713567006269
0.11391304347826087,0.1965217391304348,0.553826237184191,0.68214523588321,0.8297435874902004,7.642097359537302
0.11695652173913043,0.18956521739130436,0.5538091754637602,0.6821000515627719,0.829630646047105,7.653399283823648
0.12,0.1826086956521739,0.5536994168692708,0.6819521829901316,0.829434860866043,7.672862427925042
0.11391304347826087,0.2,0.5527686438938428,0.6809513102391317,0.8287122891799743,7.74384949847382
0.11695652173913043,0.19304347826086957,0.5527957609404535,0.6809557883236699,0.828640880795734,7.751056292795763
0.12,0.18608695652173912,0.5527304707334844,0.6808577532144412,0.8284865510863142,7.7664325138090184
0.11695652173913043,0.1965217391304348,0.5517715486958378,0.679798350148114,0.8276372128071379,7.850090506682164
0.12,0.18956521739130436,0.5517500973994066,0.6797495524588052,0.827524078649508,7.861404879845013
0.11695652173913043,0.2,0.5507368969428605,0.6786281021847529,0.8266198491009875,7.950481733822945
0.12,0.19304347826086957,0.5507586356807802,0.6786279263568537,0.826547640377592,7.957760326182585
0.12,0.1965217391304348,0.5497564266775784,0.6774932234048385,0.8255574356181573,8.055479403436157
0.12,0.2,0.5487438135857873,0.6763457947889757,0.8245536661857888,8.154542418266294
