k_hMpc,P_LCDM,P_RES
0.001,0.0012443540616982754,0.001244348586549131
0.0010077112648825867,0.0012533624832538031,0.001253356883087923
0.0010154819933712628,0.0012624337800359396,0.0012624280520093783
0.0010233126440056467,0.0012715683492056432,0.0012715624904101144
0.0010312036788612746,0.0012807665896469418,0.0012807605971083748
0.0010391555635768717,0.001290028901957895,0.0012900227726349593
0.0010471687673818267,0.0012993556884410768,0.0012993494192236725
0.001055243763123881,0.0013087473530938062,0.001308740940801524
0.0010633810272970268,0.0013182043015974843,0.0013181977429780277
0.0010715810400696315,0.0013277269413069779,0.0013277202330345544
0.001079844285312766,0.0013373156812389476,0.0013373088199126215
0.0010881712506287603,0.0013469709320601965,0.0013469639142022053
0.0010965624273799755,0.0013566931060750142,0.0013566859281290513
0.0011050183107177947,0.001366482617212386,0.0013664752755418405
0.0011135393996118481,0.001376339881012634,0.001376332371898795
0.0011221261968794517,0.0013862653146130741,0.001386257634253294
0.00113077920921528,0.0013962593367335646,0.0013962514812393832
0.001139498947221261,0.0014063223676614744,0.0014063143330567001
0.0011482859254367127,0.0014164548292357202,0.00141644661145447
0.0011571406623687014,0.001426657144830639,0.0014266487397153358
0.0011660636805226397,0.0014369297393387098,0.0014369211426380328
0.0011750555064331137,0.0014472730391532544,0.001447264246520049
0.0011841166706949616,0.0014576874721502027,0.0014576784791393398
0.0011932477079945772,0.0014681734676689768,0.0014681642697351688
0.0012024491571414628,0.0014787314564932838,0.00147872204898885
0.001211721561100025,0.001489361870830644,0.0014893522490032295
0.0012210654670216088,0.0015000651442916998,0.0015000553032819411
0.001230481426276792,0.0015108417118684604,0.0015108316467076042
0.0012399699944879152,0.001521692009912052,0.0015216817155195158
0.0012495317315618726,0.001532616476109801,0.0015326059472906871
0.0012591672017231435,0.001543615549461209,0.0015436047809037595
0.001268876973547096,0.00155468967025355,0.0015546786565265461
0.0012786616199935328,0.0015658392800365123,0.0015658280155866201
0.0012885217184405004,0.0015770648215960577,0.001577053300745114
0.0012984578507183621,0.0015883667389276514,0.0015883549558698897
0.0013084706031441257,0.0015997454772081403,0.0015997334260073562
0.001318560566556048,0.001611201482767736,0.0016111891573543924
0.0013287283363484954,0.0016227352030600726,0.0016227225972283408
0.0013389745125070788,0.0016343470866320893,0.0016343341940368253
0.0013492996996440532,0.0016460375830930059,0.001646024397246662
0.0013597045070340033,0.0016578071430819097,0.0016577936573513778
0.0013701895486497894,0.001669656218235031,0.0016696424258384186
0.0013807554431987813,0.0016815852611515888,0.001681571155154923
0.0013914028141593607,0.0016935947253590307,0.0016935802986728936
0.0014021322898177201,0.0017056850652769834,0.0017056703106530704
0.0014129445033049324,0.0017178567361806588,0.0017178416462082667
0.0014238400926343117,0.0017301101941625922,0.0017300947612650288
0.0014348197007390633,0.0017424458960941577,0.001742430112525074
0.0014458839755102158,0.001754864299585238,0.0017548481574248813
0.0014570335698348626,0.0017673658629434636,0.0017673493540948497
0.0014682691416346802,0.001779951045131998,0.0017799341613169998
0.001479591353904755,0.001792620305726371,0.001792603038481725
0.0014910008747526997,0.0018053741048700887,0.0018053564455433133
0.0015024983774380863,0.001818212903229232,0.0018181948429744574
0.001514084540412168,0.0018311371619457865,0.0018311186917194975
0.001525760047357916,0.0018441473425898722,0.0018441284531465572
0.0015375255872303623,0.0018572439071106355,0.001857224588998342
0.0015493818542972504,0.001870427317785954,0.0018704075613417506
0.0015613295481800098,0.0018836980371711243,0.0018836778325164638
0.0015733693738950354,0.0018970565280459675,0.0018970358650819495
0.0015855020418952914,0.001910503253360738,0.0019104821217632727
0.001597728268112228,0.0019240386761809139,0.0019240170653957802
0.001610048773998038,0.0019376632596302405,0.0019376411588680397
0.0016224642865682209,0.0019513774668329974,0.0019513548650639991
0.0016349755384444855,0.0019651817608541864,0.0019651586468030628
0.0016475832678979824,0.0019790766046390933,0.001979052966779542
0.0016602882188928615,0.001993062460950644,0.0019930382874998984
0.0016730911411301827,0.002007139792306013,0.002007115071219233
0.0016859927900921467,0.002021309060911211,0.0020212837798757543
0.0016989939270866804,0.002035570728594537,0.002035544875024112
0.0017120953192923522,0.0020499252567383244,0.002049898817767014
0.0017252977398036524,0.002064373106209197,0.002064346068685361
0.0017386019676766066,0.002078914737286813,0.002078887087766858
0.001752008787974749,0.0020935506095910044,0.0020935223343330213
0.001765518991815442,0.0021082811820070492,0.0021082522669643197
0.0017791333764165685,0.0021231069126098063,0.0021230773434241673
0.0017928527451435675,0.0021380282585856795,0.002137998020580752
0.0018066779075568442,0.0021530456761531926,0.0021530147543274663
0.0018206096794595324,0.0021681596204818146,0.002168127999501586
0.0018346488829456462,0.0021833705456088784,0.002183338209801041
0.001848796346448582,0.0021986789043548505,0.0021986458376995355
0.0018630529047900055,0.002214085148236911,0.002214051334359969
0.001877419399229116,0.0022295897273805175,0.0022295551495458464
0.0018918966775122786,0.002245193090429156,0.0022451577315308687
0.0019064855939230614,0.0022608956844524775,0.002260859527006902
0.001921187009332638,0.002276697954852079,0.002276660980989596
0.0019360017912505884,0.002292600345265726,0.0022925625367224327
0.0019509308138760842,0.0023086032974696333,0.0023085646355788347
0.001965974958149483,0.002324707251278446,0.0023246677169619697
0.001981135111804306,0.0023409126444434557,0.002340872218202786
0.001996412169419622,0.0023572199125489316,0.0023571785744561586
0.0020118070324728387,0.0023736294889058858,0.002373587218594467
0.0020273206093928873,0.002390141804444437,0.0023900985810997697
0.0020429538156138427,0.0024067572876034543,0.002406713089953251
0.0020587075736289324,0.0024234763642183832,0.0024234311705228478
0.002074582813044975,0.0024402994574068432,0.0024402532454486465
0.0020905804706372265,0.0024572269874521047,0.002457179734526152
0.002106701490404673,0.0024742593716842094,0.0024742110545871985
0.0021229468236257233,0.002491397024358764,0.0024913476193785286
0.0021393174289143476,0.002508640356533935,0.002508589839438568
0.002155814272276643,0.0025259897759445666,0.0025259381219713225
0.002172438327167829,0.002543445686874348,0.0025433928707183193
0.002189190574549704,0.0025610084900254326,0.002560954485827993
0.002206072002948519,0.002578678582385877,0.0025786233637228894
0.0022230836085133155,0.0025964563570944543,0.002596399896964236
0.0022402263950746983,0.002614342203303326,0.0026142844741143794
0.0022575013742040816,0.0026323365060378166,0.0026322774795962947
0.002274909565273373,0.0026504396460543442,0.002650379293551278
0.002292451995515126,0.0026686519996952027,0.002668590291693461
0.00231012970008316,0.002686973938741242,0.002686910845162228
0.002327943722113632,0.002705405830261835,0.0027053413203719234
0.0023458951127866053,0.002723948036462422,0.002723882078859109
0.0023639849313880686,0.0027426009145291434,0.0027425334771269297
0.0023822142453724477,0.0027613648164712926,0.0027612958664872808
0.0024005841304255864,0.002780240088960629,0.0027801695928998276
0.002419095670528232,0.002799227073168542,0.002799154996808883
0.002437749958019994,0.0028183261046001496,0.0028182524129772013
0.002456548093663801,0.00283753751292585,0.002837462170317227
0.0024754911867108584,0.002856861621810093,0.002856784591719559
0.002494580354966095,0.0028762987487375973,0.002876219993878849
0.002513816724854136,0.002895849204836409,0.00289576868711654
0.0025332014314857626,0.0029155132946985236,0.0029154309752011612
0.0025527356187249,0.0029352913161977854,0.0029352071551658953
0.0025724204392561013,0.0029551835603045164,0.0029550975171228682
0.002592257054652585,0.0029751903108976422,0.0029751023440749307
0.0026122466354447653,0.0029953118445741416,0.002995221911724757
0.002632390361189326,0.0030155484304552134,0.003015456488280657
0.0026526894205388275,0.003035900329989746,0.003035806334259678
0.0026731450113118382,0.003056367796755124,0.0030562717022880478
0.002693758340563629,0.003076951076254753,0.00307685283689832
0.002714530624657395,0.0030976504057131037,0.003097549974324035
0.0027354630893360217,0.003118466013867351,0.003118363342290976
0.002756556969794431,0.0031393981207565895,0.003139293159805983
0.002777813510752457,0.003160446937507778,0.0031603396369424986
0.002799233966528297,0.003181612666118787,0.0031815029746232056
0.0028208196011125335,0.0032028954992389274,0.0032027833644001384
0.002842571688242705,0.003224295619945739,0.0032241809882310552
0.002864491511478486,0.0032458132015196995,0.0032456960182537073
0.002886580364277418,0.0032674484072153973,0.0032673286165565813
0.0029088395500712376,0.0032892013900301153,0.0032890789349470408
0.0029312703823427813,0.00331107229246923,0.003310947114716266
0.0029538741847035077,0.0033330612463088223,0.0033329332864014136
0.0029766522909715916,0.0033551683723555747,0.003355037569545042
0.002999606045250632,0.0033773937802032343,0.0033772600724511063
0.0030227368020089708,0.0033997375679867287,0.003399600891938585
0.0030460459261596054,0.00342219982213299,0.0034220601130918213
0.0030695347931407463,0.0034447806171093148,0.0034446378090083806
0.0030932047889969706,0.003467480015168395,0.0034673340405435857
0.0031170573104610153,0.0034902980660910772,0.00349014885605275
0.0031410937650361835,0.0035132348069257446,0.0035130822911300513
0.003165315571079419,0.0035362902617252882,0.003536134368344963
0.003189724157884989,0.0035594644412813405,0.0035593050969759577
0.0032143209657688257,0.003582757342855455,0.003582594472741142
0.0032391074461535245,0.003606168949907984,0.003606002477526572
0.0032640850616539735,0.0036296992318239924,0.003629529079111615
0.0032892552861636813,0.0036533481436368765,0.003653174230891994
0.003314619604941738,0.0036771156257489057,0.0036769378715997432
0.0033401795147004624,0.003701001603649703,0.0037008199250211132
0.0033659365236937077,0.0037250059876320235,0.003724820299711743
0.003391892151805883,0.003749128672505094,0.0037489388887094006
0.0034180479306416254,0.003773369537305575,0.0037731755692443224
0.00344440540361618,0.0037977284450060353,0.003797530202447075
0.0034709661260464812,0.0038222052422215123,0.0038220026330544805
0.0034977316652429116,0.0038467997589135337,0.003846592689112988
0.003524703600601811,0.0038715118080920163,0.003871300181679938
0.003551883523698662,0.003896341185515042,0.0038961249045226676
0.003579273038381998,0.003921287669387015,0.003921066633816005
0.0036068737608680626,0.003946351020054227,0.00394612512783715
0.003634687319836168,0.00397153097969902,0.00397130012665916
0.003662715356524804,0.003996827272032103,0.003996591351842567
0.003690959524828485,0.004022239601982982,0.004021998506125099
0.0037194214913953477,0.004047767655389007,0.004047521273110014
0.0037481029357254833,0.004073411098682763,0.004073159316952768
0.0037770055502700634,0.004099169578577996,0.004098912282046204
0.0038061310405312,0.004125042721754528,0.004124779792704731
0.0038354811251625712,0.004151030134541561,0.004150761452846866
0.0038650575360708616,0.004177131402600185,0.004176856845676989
0.003894862018517942,0.004203346090604681,0.004203065533365868
0.003924896331223861,0.004229673741923263,0.004229387056730616
0.00395516224647062,0.004256113878297696,0.004255820934913533
0.003985661550206766,0.004282665999522594,0.004282366665060588
0.004016396042152752,0.004309329583124201,0.0043090237219993955
0.004047367535907165,0.004336104084038584,0.004335791557916592
0.004078577859053731,0.004362988934290024,0.004362669602035393
0.004110028853269148,0.004389983542669026,0.004389657260292768
0.00414172237443178,0.00441708729441052,0.004416753915016789
0.00417366029273116,0.004444299550872371,0.0044439589246042825
0.004205844492778344,0.004471619649214206,0.004471271623198797
0.0042382768737171264,0.004499046902077009,0.004498691320369309
0.004270959349336106,0.004526580597263199,0.004526217300789421
0.004303893848181597,0.004554219997417685,0.004553848823917528
0.00433708231367146,0.004581964339710332,0.004581585123678353
0.004370526704209767,0.004609812835519302,0.0046094254081454076
0.004404228993302348,0.004637764670115982,0.004637368859224967
0.00443819116967327,0.004665819002351868,0.004665414632342033
0.004472415237382178,0.004693974964346875,0.004693561856127703
0.004506903215942549,0.004722231661180036,0.004721809632108916
0.004541657140440868,0.004750588170582511,0.004750157034400493
0.0045766790616567,0.004779043542632621,0.004778603109399215
0.004611971046183723,0.004807596799454327,0.004807146875481308
0.004647535176551666,0.0048362469349181115,0.004835787322702352
0.004683373551349201,0.0048649929143450964,0.0048645234125003906
0.004719488285347755,0.004893833674214863,0.004893354077402752
0.004755881509626337,0.004922768121876503,0.004922278220736087
0.004792555371697262,0.004951795135263905,0.004951294716340635
0.004829512035632883,0.00498091356261493,0.004980402408288361
0.004866753682193294,0.005010122222195078,0.0050096001106055945
0.004904282508954991,0.005039419902025752,0.005038886607000246
0.00494210073044058,0.005068805359617583,0.0050682606505940715
0.004980210578249432,0.005098277321708515,0.005097720963659699
0.005018614301189379,0.00512783448400776,0.005127266237363519
0.005057314165409389,0.005157475510945351,0.005156895131514154
0.0050963124545333185,0.0051871990354272965,0.005186606274316536
0.00513561146979465,0.005217003658597642,0.005216398262132869
0.005175213530172288,0.005246887949606442,0.005246269659249511
0.005215120972527398,0.005276850445385102,0.0052762189976512126
0.00525533615174129,0.005306889650428348,0.005306244776801965
0.005295861440854401,0.005337004036584013,0.005336345463433677
0.005336699231206312,0.0053671920428502475,0.0053665194913422665
0.005377851932576841,0.005397452075180934,0.0053967652611919366
0.005419321973328272,0.005427782506299306,0.005427081140327669
0.0054611118005486285,0.0054581816755202356,0.005457465462596363
0.00550322388019608,0.005488647888581169,0.005487916528176636
0.005545660697244449,0.005519179417482909,0.005518432603418444
0.005588424755829857,0.005549774500339117,0.005549011920691436
0.005631518579398466,0.005580431341236325,0.005579652678243814
0.0056749447108554165,0.005611148110103764,0.005610353040070982
0.005718705712714863,0.00564192294259359,0.005641111135794621
0.005762804167251169,0.005672753939972253,0.005671925060552873
0.005807242676651317,0.005703639169022437,0.00570279287490112
0.005852023863168437,0.005734576661956833,0.0057337126047245736
0.005897150369276548,0.005765564416343256,0.005764682241162216
0.005942624857826483,0.005796600395042097,0.005795699740543063
0.005988450012203034,0.005827682526155808,0.005826763024334474
0.006034628536483261,0.0058588087029911645,0.0058578699791032255
0.0060811631555961,0.00588997678403437,0.005889018456489426
0.006128056615483135,0.005921184592939469,0.005920206273193746
0.006175311683260613,0.005952429918530151,0.005951431210978031
0.006222931147382768,0.005983710514815469,0.005982691016679826
0.006270917817806336,0.006015024101019688,0.006013983402241047
0.006319274526156373,0.00604636836162633,0.006045306044750819
0.006368004125893348,0.006077740946437135,0.00607665658650327
0.006417109492481523,0.0061091394706457285,0.006108032635069988
0.00646659352355861,0.006140561514926709,0.006139431763387946
0.00651645913910679,0.006172004625540178,0.006170851509862827
0.006566709281625002,0.006203466314451759,0.006202289378487884
0.0066173469163025534,0.006234944059469054,0.006233742838979189
0.0066683750311941304,0.006266435304393831,0.006265209326926662
0.006719796637396096,0.006297937459191124,0.006296686243962003
0.0067716147692241735,0.006329447900174696,0.006328170957942964
0.006823832484392504,0.0063609639702096425,0.0063596608031548105
0.006876452864194055,0.006392482978931993,0.0063911530805287435
0.006929479013682478,0.006424002202985613,0.0064226450578776535
0.006982914061855309,0.006455518886276741,0.006454133970149507
0.007036761161838622,0.006487030240246092,0.006485617019698305
0.007091023491073058,0.00651853344415895,0.006517091376573029
0.007145704251501368,0.006550025645413076,0.006548554178824428
0.0072008066697573205,0.006581503959865014,0.006580002532830184
0.007256333997356116,0.006612965472174425,0.0066114335136381415
0.0073122895108862565,0.006644407236167088,0.006642844165328191
0.007368676512202861,0.0066758262752161625,0.006674231501392426
0.007425498328622552,0.00670721958264228,0.006705592505134142
0.007482758313119766,0.006738584122132072,0.006736924130085285
0.007540459844524618,0.006769916828175601,0.0067682233004427985
0.007598606327722256,0.006801214606522616,0.006799486911523814
0.0076572011938538225,0.006832474334657315,0.006830711830239365
0.0077162479005188885,0.0068636928622923445,0.006861894895587327
0.007775749931979493,0.006894867011881292,0.006893032919163885
0.00783571079936575,0.0069259935791500865,0.006924122685693912
0.007896134040883004,0.0069570693336472,0.006955160953580151
0.007957023222020665,0.006988091019312568,0.006986144455471139
0.008018381935762568,0.007019055355065007,0.007017069898847647
0.008080213802798981,0.007049959035408291,0.007047933966627765
0.008142522471740297,0.007080798731055676,0.007078733317790477
0.0082053116193323,0.007111571089572649,0.007109464588017465
0.008268584950673138,0.007142272736037934,0.00714012439035317
0.00833234619943195,0.007172900273722352,0.007170709315882754
0.008396599128069194,0.007203450284785634,0.007201215934427982
0.00846134752805863,0.007233919330990721,0.0072316407952606595
0.008526595220111113,0.007264303954435593,0.007261980427833575
0.008592346054399996,0.007294600678302078,0.007292231342528453
0.008658603910788322,0.0073248060076215845,0.007322390031420843
0.008725372699057814,0.007354916430057443,0.007352452969061659
0.008792656359139539,0.007384928416703629,0.007382416613275059
0.008860458861346425,0.007414838422899164,0.0074122774059720885
0.008928784206607528,0.007444642889058506,0.007442031773980287
0.008997636426704146,0.007474338241516903,0.007471676129888281
0.009067019584507672,0.007503920893390786,0.007501206872905456
0.009136937774219412,0.007533387245452693,0.0075306203897361566
0.009207395121612139,0.0075627336870199464,0.007559913055467664
0.009278395784273528,0.007591956596857382,0.007589081234472254
0.009349943951851538,0.0076210523440929535,0.007618121281322138
0.009422043846301605,0.0076500172891460425,0.00764702954171714
0.009494699722135782,0.007678847784668189,0.007675802353424803
0.009567915866673793,0.007707540176495164,0.007704436047231868
0.00964169660029603,0.007736090804610564,0.007732926947907293
0.009716046276698448,0.007764496004119676,0.007761271375175567
0.00979096928314954,0.007792752106233794,0.007789465644700485
0.009866470040749187,0.007820855439263573,0.007817506069078
0.00994255300468951,0.007848802329621579,0.007845388958838273
0.01001922266451783,0.007876589102833158,0.007873110623456098
0.010096483544401543,0.007904212084554595,0.007900667372368586
0.010174340203395107,0.007931667601598809,0.00792805551600047
0.010252797235709038,0.007958951982967012,0.007955271366795346
0.010331859270981049,0.007986061560886291,0.007982311240252898
0.010411530974549192,0.00801299267185228,0.008009171455971215
0.010491817047727203,0.00803974165767611,0.00803584833869341
0.010572722228081867,0.008066304866535057,0.008062338219357985
0.010654251289712624,0.008092678654026273,0.008088637436152278
0.010736409043533238,0.0081188593842227,0.008114742335568127
0.010819200337555724,0.008144843430730573,0.008140649273459154
0.010902630057176392,0.00817062717774792,0.008166354616099073
0.01098670312546413,0.00819620702112289,0.008191854741239835
0.011071424503450935,0.008221579369411857,0.008217146039169608
0.011156799190424607,0.008246740644935899,0.008242224913769126
0.011242832224223806,0.008271687284835313,0.008267087783566112
0.011329528681535278,0.008296415742121357,0.00829173108278698
0.011416893678193466,0.008320922486724405,0.008316151262404939
0.011504932369482345,0.00834520400653788,0.008340344791183936
0.011593649950439676,0.008369256808457105,0.008364308156717523
0.011683051656163504,0.008393077419412526,0.00838803786646215
0.011773142762121123,0.008416662387396244,0.008411530448763763
0.011863928584460354,0.008440008282481667,0.008434782453877599
0.011955414480323221,0.008463111697834971,0.008457790454979776
0.012047605848162113,0.008485969250718053,0.00848055104917043
0.012140508128058291,0.008508577583482266,0.008503060858467661
0.01223412680204295,0.008530933364551779,0.008525316530791159
0.012328467394420659,0.00855303328939671,0.008547314740935577
0.012423535472095376,0.008574874081494438,0.00856905219153219
0.012519336644898916,0.008596452493279097,0.008590525613998713
0.012615876565922012,0.008617765307078392,0.00861173176947651
0.012713160931847857,0.008638809336036805,0.008632667449754218
0.012811195483288287,0.008659581425025261,0.008653329478177858
0.01290998600512253,0.008680078451535808,0.008673714710546019
0.013009538326838517,0.008700297326561357,0.008693820035990115
0.013109858322876939,0.008720234995459689,0.008713642377838966
0.013210951912977827,0.008739888438801026,0.008733178694466982
0.013312825062529923,0.008759254673198902,0.008752425980125664
0.013415483782922628,0.008778330752123495,0.008771381265757645
0.013518934131900799,0.00879711376669743,0.008790041619793217
0.01362318221392213,0.008815600846472864,0.00880840414892817
0.013728234180517435,0.00883378916018995,0.008826465998883114
0.013834096230653585,0.008851675916516148,0.008844224355143612
0.01394077461109935,0.008869258364765799,0.00886167644368069
0.014048275616793983,0.008886533795599562,0.008878819531651214
0.014156605591218667,0.008903499541703703,0.008895650928078187
0.014265770926770869,0.008920152978448403,0.008912167984510104
0.014375778065141504,0.00893649152452513,0.008928368095659438
0.014486633497695097,0.00895251264256261,0.008944248700019756
0.014598343765852779,0.008968213839721259,0.008959807280461361
0.014710915461478334,0.00898359266826556,0.00897504136480492
0.014824355227267135,0.008998646726114626,0.00898994852637336
0.01493866975713816,0.009013373657370219,0.00900452638452123
0.01505386579662894,0.009027771152822576,0.009018772605141992
0.015169950143293658,0.009041836950433426,0.009032684901152508
0.015286929647104238,0.009055568835796586,0.009046261032955173
0.015404811210854527,0.009068964642575563,0.009059498808877152
0.015523601790567675,0.009082022252918352,0.009072396085586838
0.01564330839590654,0.009094739597849545,0.009084950768487709
0.015763938090587376,0.00910711465763935,0.009097160812089151
0.015885497992796593,0.009119145462149909,0.009109024220354638
0.016007995275610854,0.009130830091158736,0.009120539047027136
0.016131437167420288,0.009142166674659372,0.009131703395931768
0.01625583095235507,0.009153153393139562,0.009142515421256067
0.016381183970715238,0.009163788477836672,0.009152973327807578
0.01650750361940381,0.009174070210970947,0.009163075371249338
0.016634797352363298,0.009183996925956376,0.009172819858313077
0.016763072681015526,0.009193567007589692,0.009182205146990603
0.016892337174704897,0.009202778892217399,0.009191229646703327
0.017022598461145014,0.009211631067881332,0.009199891818450379
0.017153864226868827,0.009220122074442923,0.009208190174935524
0.01728614221768214,0.009228250503686282,0.009216123280673
0.017419440239120763,0.009236014999400752,0.009223689752072876
0.01755376615691101,0.009243414257442885,0.009230888257505988
0.01768912789743394,0.009250447025778402,0.009237717517348863
0.017825533448193015,0.009257112104504436,0.009244176304009127
0.01796299085828544,0.009263408345852427,0.009250263441931581
0.01810150823887717,0.009269334654172087,0.00925597780758547
0.01824109376368148,0.009274889985896801,0.009261318329433318
0.01838175566944134,0.009280073349490905,0.009266283987881705
0.01852350225641539,0.009284883805379375,0.00927087381521458
0.018666341888867812,0.009289320465860146,0.009275086895509316
0.018810282995561797,0.00929338249499983,0.009278922364536259
0.018955334070257,0.009297069108513084,0.009282379409642055
0.01910150367221067,0.009300379573626194,0.009285457269617308
0.019248800426682793,0.009303313208925355,0.009288155234549022
0.019397233025445,0.009305869384190306,0.00929047264565856
0.019546810227293467,0.00930804752021352,0.009292408895125248
0.01969754085856579,0.009309847088605843,0.009293963425896555
0.019849433813661766,0.00931126761158877,0.009295135731485061
0.020002498055568297,0.009312308661774264,0.009295925355753038
0.02015674261638821,0.009312969861932316,0.009296331892684978
0.020312176597873315,0.009313250884746964,0.009296354986148635
0.020468809171961394,0.009313151452561359,0.009295994329645306
0.020626649581317522,0.00931267133711241,0.009295249666049788
0.02078570713987936,0.009311810359255343,0.009294120787340402
0.02094599123340684,0.009310568388679176,0.009292607534320084
0.02110751132003599,0.009308945343613224,0.0092907097963286
0.021270276930836985,0.009306941190525487,0.009288427510946865
0.021434297670376655,0.00930455594381325,0.009285760663693528
0.02159958321728514,0.009301789665486681,0.009282709287714769
0.02176614332482711,0.00929864246484583,0.009279273463467626
0.0219339878214772,0.009295114498151496,0.009275453318397306
0.022103126611500056,0.00929120596829074,0.009271249026609361
0.022273569675534687,0.00928691712443735,0.009266660808536888
0.022445327071183494,0.009282248261707936,0.009261688930603596
0.022618408933605685,0.009277199720814018,0.009256333704882934
0.022792825476115386,0.00927177188771085,0.009250595488754194
0.022968586990784294,0.009265965193243195,0.009244474684555665
0.023145703849048967,0.009259780112788787,0.009237971739235665
0.023324186502322902,0.009253217165899915,0.009231087144001835
0.02350404548261317,0.009246276915943359,0.009223821433968958
0.023685291403141975,0.009238959969739637,0.009216175187806253
0.02386793495897286,0.00923126697720142,0.009208149027383983
0.024051986927641864,0.009223198630972039,0.00919974361742034
0.02423745816979342,0.009214755666064283,0.009190959665128775
0.024424359629821313,0.00920593885949987,0.009181797919866166
0.024612702336514435,0.009196749029950145,0.00917225917278236
0.02480249740370756,0.009187187037378267,0.009162344256471416
0.02499375603093723,0.009177253782683237,0.009152054044624814
0.025186489504102537,0.009166950207346338,0.00914138945168723
0.025380709196131175,0.009156277293079945,0.009130351432514908
0.025576426567650447,0.009145236061479458,0.009118940982037249
0.025773653167663644,0.009133827573678342,0.009107159134921721
0.025972400634231417,0.00912205293000672,0.009095006965242463
0.026172680695158653,0.009109913269653772,0.009082485586152865
0.026374505168686384,0.009097409770334181,0.009069596149562344
0.026577885964189276,0.009084543647958907,0.009056339845817645
0.026782835082878338,0.009071316156310447,0.009042717903388744
0.02698936461850905,0.00905772858672286,0.009028731588559713
0.0271974867580951,0.009043782267766745,0.00901438220512466
0.027407213782627417,0.00902947856493924,0.008999671094088883
0.027618558067798955,0.009014818880359404,0.008984599633375537
0.027831532084734854,0.008999804652468898,0.008969169237537749
0.02804614840072847,0.008984437355738248,0.008953381357476479
0.028262419679982824,0.008968718500378716,0.008937237480164147
0.02848035868435802,0.008952649632059856,0.008920739128374046
0.028699978274124183,0.008936232331632977,0.008903887860415865
0.028921291408720438,0.008919468214860225,0.0088866852698769
0.029144311147519576,0.00890235893214977,0.008869132985369581
0.029369050650598624,0.008884906168296711,0.0088512326702848
0.029595523179515512,0.008867111642229962,0.008832986022551345
0.02982374209809149,0.00884897710676496,0.008814394774401333
0.030053720873199845,0.008830504348362196,0.008795460692141521
0.030285473075560416,0.008811695186891589,0.008776185575930637
0.030519012380540524,0.008792551475402494,0.00875657125956241
0.030754352568961817,0.008773075099899417,0.00873661961025445
0.030991507527913558,0.008753267979123187,0.008716332528442675
0.03123049125157198,0.008733132064337581,0.00869571194758128
0.031471317842026156,0.008712669339121189,0.008674759833948062
0.03171400151011011,0.008691881819164462,0.008653478186454993
0.03195855657624133,0.008670771552071688,0.008631869036463824
0.03220499747126588,0.008649340617167692,0.008609934447606467
0.03245333873730984,0.008627591125309302,0.008587676515610236
0.032703595028637567,0.00860552521870098,0.0085650973681273
0.032955781112516236,0.008583145070714789,0.008542199164568541
0.033209911870087414,0.008560452885714208,0.00851898409594129
0.03346600229724502,0.00853745089888165,0.008495454384690846
0.03372406750552035,0.008514141376049358,0.008471612284545368
0.03398412272297365,0.00849052661353354,0.008447460080364068
0.034246183295092845,0.008466608937971246,0.008423000087988146
0.03451026468569894,0.008442390706159961,0.008398234654094457
0.03477638247785854,0.008417874304899277,0.00837316615605128
0.03504455237480347,0.008393062150834657,0.008347797001776161
0.03531479020085727,0.00836795669030278,0.008322129629595307
0.03558711190236907,0.008342560399178066,0.008296166508104186
0.03586153354865449,0.008316875782720308,0.008269910136029162
0.03613807133294396,0.008290905375422715,0.008243363042089526
0.0364167415733381,0.008264651740860293,0.008216527784859807
0.03669756071377084,0.008238117471538003,0.008189406952631819
0.03698054532497953,0.00821130518873841,0.008162003163276107
0.037265712105482955,0.008184217542368475,0.008134319064102469
0.03755307788256657,0.008156857210804933,0.008106357331719008
0.03784265961327545,0.008129226900738138,0.008078120671889507
0.03813447438541501,0.008101329347013688,0.0080496118193885
0.03842853941855916,0.008073167312471624,0.00802083353785381
0.03872487206506661,0.00804474358778275,0.00799178861963607
0.03902348981110463,0.008016060991281652,0.007962479885644793
0.039324410277681,0.007987122368795993,0.007932910185190606
0.03962765122168371,0.007957930593471697,0.007903082395823163
0.0399332305369289,0.007928488565593663,0.007872999423164462
0.04024116625521656,0.00789879921240151,0.007842664200736987
0.040551476547394744,0.00786886548789997,0.007812079689786323
0.04086417972443173,0.007838690372663592,0.007781248879097852
0.04117929423849645,0.007808276873635239,0.007750174784807061
0.04149683868404749,0.007777628023918077,0.0077188604502030815
0.04181683179893016,0.007746746882560601,0.0076873089455250666
0.04213929246548231,0.0077156365343343134,0.0076555233677509426
0.04246423971164843,0.007684300089503698,0.0076235068403782014
0.04279169271210263,0.0076527406835880316,0.007591262513196271
0.04312167078937991,0.0076209614771147625,0.007558793562050169
0.04345419341501652,0.007588965655363973,0.007526103188594944
0.04378928021069889,0.00755675642810367,0.00749319462004063
0.04412695094942141,0.007524337029315433,0.007460071108887261
0.044467225556653334,0.007491710716910235,0.007426735932649734
0.044810124111514416,0.007458880772433876,0.007393192393571926
0.045155666847959915,0.007425850500761949,0.007359443818330014
0.04550387415597437,0.007392623229783837,0.0073254935577244775
0.04585476658277501,0.007359202310075533,0.007291344986360523
0.04620836483402397,0.007325591114560956,0.0072570015023166595
0.04656468977505036,0.007291793038161515,0.007222466526801116
0.04692376243208125,0.0072578114974336016,0.0071877435037957915
0.0472856039934826,0.0072236499301938355,0.0071528358996875594
0.04765023581100947,0.007189311795131763,0.0071177472028865945
0.04801767940106588,0.007154800571409811,0.007082480923431526
0.04838795644597465,0.007120119758250322,0.0070470405925812645
0.04876108879525663,0.007085272874509406,0.007011429762393172
0.04913709846692021,0.007050263458237492,0.00697565200528749
0.04951600764876038,0.007015095066226485,0.006939710913597912
0.049897838699668184,0.006979771273543216,0.006903610099107983
0.050282614150949916,0.006944295673049217,0.006867353192573357
0.05067035670765682,0.006908671874906709,0.006830943843229754
0.05106108924992472,0.00687290350607063,0.006794385718286514
0.05145483483432429,0.006836994209766713,0.006757682502405663
0.05185161669522154,0.0068009476449555776,0.006720837897166524
0.05225145824614875,0.006764767485782759,0.006683855620515737
0.052654383081186244,0.0067284574210147285,0.006646739406202769
0.05306041497635447,0.006692021153460865,0.006609493003200862
0.05346957789101714,0.0066554623993814906,0.006572120175113506
0.05388189596929487,0.00661878488788193,0.006534624699566449
0.054297393541490116,0.006581992360292797,0.00649701036758536
0.0547160951255226,0.006545088569536508,0.006459280982959224
0.05513802542837635,0.006508077279480132,0.006421440361589527
0.05556320934755736,0.006470962264274914,0.006383492330825589
0.055991671972562995,0.006433747307682322,0.006345440728785876
0.05642343858636236,0.006396436202387095,0.0063072894036657655
0.056858534666888165,0.006359032749297354,0.0062690422130318784
0.05729698588854031,0.006321540756831997,0.006230703023103123
0.05773881812370068,0.006283964040195718,0.006192275708018832
0.058184057444260064,0.006246306420641831,0.006153764149094183
0.058632730123156396,0.0062085717247232575,0.006115172234063246
0.05908486263592531,0.006170763783531926,0.006076503856309914
0.059540481662262175,0.006132886431926995,0.006037762914087117
0.059999614087596714,0.0060949435077521825,0.005998953309724644
0.060462287004679156,0.006056938851042618,0.005960078948825948
0.06092852771517922,0.006018876303221552,0.005921143739454299
0.06139836373129702,0.005980759706287452,0.005882151591308825
0.06187182277738646,0.005942592901991779,0.005843106414890706
0.06234893279159138,0.005904379731007933,0.005804012120660077
0.06282972192749393,0.0058661240320919215,0.005764872618184112
0.06331421855577614,0.005827829641235074,0.005725691815276727
0.06380245126589372,0.005789500390809454,0.005686473617130455
0.06429444886776339,0.0057511401087063495,0.005647221925440968
0.06479024039346264,0.0057127526174685014,0.00560794063752486
0.0652898550989431,0.0056743417334164485,0.005568633645431096
0.06579332246575678,0.005635911265769732,0.005529304835046896
0.06630067220279567,0.005597465015763361,0.005489958085198431
0.06681193424804502,0.0055590067757602425,0.005450597266747088
0.06732713877034967,0.005520540328360056,0.005411226241681746
0.06784631617119455,0.005482069445505313,0.005371848862207866
0.06836949708649837,0.005443597887585062,0.005332468969833819
0.06889671238842163,0.005405129402536962,0.005293090394455239
0.06942799318718813,0.005366667724948321,0.005253716953437953
0.069963370832921,0.005328216575156732,0.005214352450700185
0.07050287691749231,0.005289779658350954,0.0051750006757946675
0.0710465432763875,0.005251360663672668,0.005135665402991303
0.07159440199058391,0.005212963263319804,0.0050963503903611
0.0721464853884437,0.005174591111652004,0.005057059378861961
0.0727028260476217,0.005136247844298993,0.005017796091427095
0.07326345679698754,0.005097937077272424,0.004978564232056646
0.0738284107185631,0.005059662406081885,0.004939367484913246
0.07439772114947434,0.005021427404855743,0.004900209513422174
0.0749714216839188,0.004983235625467455,0.004861093959376769
0.0755495461751476,0.0049450905966680345,0.004822024442049806
0.07613212873746342,0.0049069958232252475,0.004783004557311413
0.0767192037482332,0.004868954785070297,0.0047440378767543276
0.07731080584991697,0.004830970936452535,0.004705127946827016
0.07790696995211195,0.004793047705102909,0.004666278287975415
0.0785077312336124,0.00475518849140671,0.004627492393793839
0.07911312514448576,0.004717396667586299,0.0045887737301858
0.07972318740816413,0.004679675576894389,0.004550125734535258
0.08033795402355262,0.004642028532818474,0.004511551814888999
0.08095746126715331,0.0046044588182970365,0.004473055349150725
0.08158174569520613,0.0045669696849480875,0.004434639684287426
0.08221084414584569,0.0045295643523105954,0.004396308135548673
0.0828447937412754,0.004492246007099372,0.0043580639856993205
0.08348363188995764,0.004455017802473988,0.004319910484266295
0.08412739628882147,0.004417882857322155,0.004281850846799869
0.08477612492548696,0.0043808442555582005,0.004243888254150076
0.08542985608050664,0.004343905045437034,0.004206025851758693
0.08608862832962474,0.0043070682388841545,0.0041682667489673425
0.08675248054605303,0.0042703368108421074,0.0041306140183421484
0.08742145190276515,0.004233713698633857,0.0040930706950154045
0.08809558187480769,0.004197201801343544,0.004055639776044787
0.08877491024162999,0.00416080397921492,0.004018324219790353
0.08945947708943106,0.004124523053068019,0.003981126945309969
0.0901493228135254,0.004088361803734252,0.003944050831773307
0.09084448812072632,0.004052322971510418,0.003907098717894961
0.09154501403174824,0.004016409255631895,0.0038702734013869393
0.09225094188362722,0.0039806233137653045,0.0038335776384308454
0.09296231333215998,0.003944967761521018,0.0037970141431701225
0.09367917035436234,0.003909445171985653,0.00376058558722254
0.09440155525094579,0.003874058075274935,0.003724294599213283
0.09512951064881403,0.003838808958107034,0.003688143764328789
0.09586307950357789,0.003803700263396675,0.0036521356238916358
0.09660230510209049,0.0037687343898701155,0.0036162726749565735
0.09734723106500116,0.003733913691701244,0.0035805573699279848
0.09809790134932982,0.0036992404781688334,0.0035449921161988017
0.09885436025106036,0.0036647170133351907,0.003509579275811135
0.09961665240775494,0.0036303455157461425,0.0034743211651385698
0.10038482280118777,0.0035961281581525875,0.003439220054590363
0.10115891675999926,0.003562067067253581,0.0034042781683375125
0.10193897996237115,0.003528164323460955,0.003369497684060713
0.1027250584387218,0.003494421960685579,0.0033348807327203247
0.10351719857442199,0.0034608419661451904,0.0033004293983482555
0.10431544711253268,0.0034274262801937266,0.003266145717861737
0.10511985115656289,0.003394176796172208,0.0032320316808990258
0.10593045817324934,0.003361095360281011,0.003198089229676869
0.10674731599535704,0.003328183771473493,0.0031643202588697255
0.10757047282450242,0.003295443781370819,0.003130726615510574
0.10839997723399726,0.003262877094197887,0.003097310098913221
0.10923587817171498,0.0032304853667402115,0.0030640724606159743
0.11007822496297917,0.0031982702083215675,0.0030310154043464667
0.11092706731347367,0.003166233180802264,0.00299814058600754
0.1117824553121764,0.0031343757985977517,0.0029654496136838565
0.1126444394343145,0.003102699528717481,0.0029329440476691805
0.1135130705443431,0.003071205790823659,0.0029006254005139696
0.1143883998989463,0.003039895957309739,0.0028684951370931185
0.11527047915006233,0.0030087713533983192,0.0028365546746935235
0.11615936034793115,0.0029778332572582083,0.0028048053831212297
0.11705509594416588,0.002947082900140378,0.002773248584827885
0.11795773879484807,0.0029165214665324516,0.002741885555056136
0.11886734216364613,0.0028861500943314663,0.002710717522003722
0.11978395972495907,0.0028559698750345243,0.0026797456670058636
0.12070764556708334,0.0028259818539470593,0.002648971124735677
0.12163845419540463,0.002796187030408287,0.0026183949834221814
0.1225764405356138,0.002766586358033574,0.0025880182850856314
0.12352165993694855,0.0027371807449732438,0.0025578420257896866
0.12447416817545916,0.0027079710541875455,0.002527867155910142
0.1254340214572999,0.002678958103737325,0.002498094580419762
0.1264012764220452,0.0026501426670900528,0.0024685251591888536
0.12737599014603265,0.002621525473440738,0.0024391597073011185
0.12835822014573048,0.0025931072080474194,0.0024099989953844585
0.12934802438113158,0.002564888512580714,0.0023810437499562275
0.1303454612591739,0.002536869985487076,0.0023522946537825485
0.13135058963718632,0.002509052182365323,0.0023237523462512765
0.13236346882636263,0.002481435616355962,0.002295417423758119
0.1333841585952607,0.0024540207585429553,0.0022672904401055457
0.13441271917332986,0.00242680803836741,0.002239371906913973
0.13544921125446416,0.002399797844052846,0.002211662294044873
0.13649369600058478,0.0023729905230414888,0.0021841620300352307
0.13754623504524857,0.0023463863824412564,0.00215687150254303
0.13860689049728503,0.0023199856894829374,0.0021297910588032494
0.13967572494446143,0.0022937886719871245,0.002102921006093927
0.14075280145717547,0.0022677955188404935,0.0020762616122118696
0.1418381835921779,0.002242006380480925,0.0020498131059575116
0.14293193539632215,0.0022164213693911146,0.00202357567762854
0.1440341214103441,0.0021910405606001505,0.0019975494795217755
0.1451448066726699,0.002165863992192701,0.001971734626442934
0.1462640567232547,0.00214089166582529,0.0019461311962237374
0.14739193760744942,0.002116123547249324,0.0019207392302460356
0.14852851587989815,0.002091559566840381,0.001895558733972431
0.14967385860846572,0.0020671996201333527,0.0018705896774830015
0.15082803337819442,0.002043043568363063,0.0018458319960177202
0.1519911082952933,0.002019091239009849,0.0018212855905240647
0.15316315199115624,0.001995342426349825,0.001796950328209514
0.1543442336264121,0.0019717968920093267,0.0017728260430984314
0.15553442289500521,0.0019484543655231812,0.0017489125365929613
0.15673379002830887,0.001925314544896392,0.0017252095780375262
0.15794240579926888,0.0019023770971688728,0.001701716905286544
0.1591603415265802,0.0018796416589828197,0.0016784342252749481
0.16038766907889462,0.0018571078371524068,0.0016553612145911816
0.16162446087906265,0.001834775209235332,0.0016324975200521915
0.16287078990840637,0.0018126433241059815,0.001609842759280171
0.16412672971102624,0.0017907117025297602,0.0015873965212805934
0.16539235439814085,0.0017689798377382865,0.0015651583670212295
0.16666773865245957,0.0017474471960051256,0.0015431278300118002
0.16795295773259042,0.0017261132172216654,0.0015213044168838768
0.16924808747748032,0.0017049773154729068,0.0014996876079707729
0.17055320431089055,0.0016840388796127675,0.0014782768578870302
0.17186838524590575,0.0016632972738386612,0.0014570715961072427
0.17319370788947938,0.0016427518382649744,0.0014360712275438355
0.1745292504470125,0.0016224018894952427,0.001415275133123588
0.17587509172696875,0.0016022467211926658,0.001394682670362532
0.17723131114552484,0.0015822856046487294,0.0013742931739389806
0.17859798873125612,0.0015625177893496545,0.001354105956264406
0.1799752051298601,0.0015429425035404047,0.0013341203080518712
0.1813630416089143,0.001523558954786031,0.0013143354988818042
0.18276158006267246,0.0015043663305300773,0.0012947507777648123
0.1841709030168958,0.001485363798649859,0.0012753653737013512
0.18559109363372425,0.0014665505080083136,0.0012561784962379222
0.18702223571658286,0.0014479255890022975,0.0012371893360196846
0.1884644137151272,0.0014294881541070613,0.0012183970653391778
0.18991771273022595,0.0014112372984167179,0.0011998008386809823
0.19138221851898374,0.0013931721001805037,0.001181399793262094
0.1928580174998007,0.0013752916213346708,0.0011631930495678454
0.19434519675747222,0.0013575949080298134,0.0011451797118831688
0.19584384404832772,0.0013400809911534612,0.0011273588688190171
0.19735404780540838,0.0013227488868477956,0.001109729593833797
0.19887589714368656,0.0013055975970223013,0.0010922909457496087
0.20040948186532362,0.0012886261098612542,0.001075041969263189
0.20195489246496928,0.0012718334003258705,0.0010579816954513677
0.20351222013510098,0.0012552184306510086,0.0010411091422709248
0.20508155677140605,0.0012387801508362722,0.001024423315052678
0.20666299497820362,0.0012225174991314389,0.0010079232069897248
0.20825662807390924,0.0012064294025160769,0.0009916077996196817
0.2098625500965417,0.001190514777173252,0.0009754760633008176
0.21148085580927126,0.0011747725289572369,0.0009595269576819864
0.21311164070601268,0.0011592015538551227,0.0009437594321662401
0.21475500101705938,0.0011438007384422728,0.0009281724263680556
0.21641103371476234,0.0011285689603315052,0.0009127648705640558
0.21807983651925128,0.0011135050886159875,0.0008975356861371917
0.21976150790420243,0.001098607984305722,0.0008824837860142544
0.22145614710264844,0.0010838765007576087,0.0008676080750966961
0.22316385411283426,0.0010693094840990135,0.0008529074506846766
0.22488472970411727,0.0010549057736448134,0.0008383808028942925
0.22661887542291465,0.0010406642023078386,0.0008240270150679038
0.22836639359869465,0.0010265835970027337,0.0008098449641775647
0.23012738735001526,0.0010126627790431589,0.0007958335212214728
0.23190196059060908,0.0009989005645323402,0.0007819915516134279
0.23369021803551446,0.00098529576474693,0.0007683179155652602
0.23549226520725577,0.0009718471865141618,0.0007548114684621932
0.23730820844206926,0.0009585536325823094,0.0007414710612311423
0.23913815489617843,0.0009454139019844226,0.0007282955407019116
0.2409822125521159,0.0009324267903953588,0.0007152837499612962
0.2428404902250971,0.0009195910904820831,0.0007024345287000495
0.24471309756944004,0.000906905592247283,0.0006897467135527518
0.24660014508503628,0.0008943690833662774,0.0006772191384305495
0.24850174412387158,0.00088198034951725,0.0006648506348467795
0.2504180068965955,0.0008697381747048304,0.0006526400322354945
0.2523490464791446,0.0008576413415770165,0.0006405861582628693
0.2542949768194135,0.0008456886317355024,0.0006286878391315396
0.25625591274397946,0.0008338788260394177,0.000616943899877867
0.25823196996487735,0.0008222107049025129,0.0006053531646621578
0.2602232650864287,0.000810683048583823,0.000593914457051847
0.2622299156121217,0.0007992946374718574,0.0005826266002976905
0.2642520399515451,0.0007880442523623506,0.0005714884176029864
0.26628975742737565,0.0007769306747296105,0.0005604987323858447
0.26834318828241793,0.0007659526869915268,0.000549656368534564
0.27041245368670147,0.0007551090727682591,0.0005389601506561149
0.27249767574462985,0.0007443986171346894,0.0005284089043178059
0.27459897750218626,0.0007338201068666643,0.0005180014562821431
0.27671648295419304,0.0007233723306810974,0.0005077366347349434
0.27885031705163066,0.00071305407946997,0.000497613269506723
0.28100060570900903,0.0007028641465283138,0.00048763019228743545
0.28316747581179885,0.00069280132777621,0.0004777862368345794
0.28535105522391707,0.0006828644219748894,0.0004680802391747464
0.2875514727952743,0.000673052230936966,0.00045851103779863243
0.2897688583693766,0.0006633635597309046,0.00044907747384959415
0.2920033427909876,0.0006537972168797602,0.00043977839130578084
0.29425505791385,0.0006443520145542647,0.0004306126371559018
0.2965241366084646,0.0006350267687603398,0.00042157906156869323
0.2988107127699328,0.0006258202995210771,0.0004126765180561168
0.3011149213258563,0.0006167314310532893,0.00040390386363037674
0.30343689824429954,0.0006077589919386757,0.0003952599589547882
0.30577678054181184,0.0005989018152896938,0.0003867436684885741
0.30813470629151435,0.0005901587389101888,0.00037835386062563006
0.3105108146312463,0.000581528605450873,0.00037008940782733705
0.31290524577177564,0.0005730102625597163,0.0003619491867494686
0.315318141005073,0.0005646025630273279,0.00035393207836326103
0.31774964271264794,0.0005563043649274006,0.00034603696807070566
0.32019989437395247,0.0005481145317522887,0.0003382627458141204
0.3226690405748463,0.0005400319325438047,0.0003306083061800745
0.3251572270161294,0.000532055442019299,0.00032307254849771837
0.3276646005221382,0.0005241839406931091,0.0003156543769315923
0.33019130904941135,0.0005164163149934368,0.0003083527005689609
0.33273750169541944,0.0005087514573747492,0.00030116643350175837
0.3353033287073633,0.0005011882664257638,0.0002940944949031924
0.3378889414910388,0.0004937256469731053,0.0002871358090990829
0.34049449261977305,0.00048636251018069126,0.00028028930563398386
0.3431201358434261,0.00047909777364494417,0.00027355391933217327
0.3457660260974639,0.00047193036148589045,0.00026692859035356225
0.3484323195121012,0.0004648592044342234,0.00026041226424459096
0.35111917342151305,0.00045788323991441165,0.0002540038919841832
0.35382674637312134,0.00045100141212391266,0.0002477024300248104
0.3565551981369483,0.0004442126721085857,0.0002415068403287505
0.35930468971504587,0.0004375159778343568,0.0002354160903995879
0.3620753833509942,0.0004309102942552309,0.00022942915330903858
0.36486744253947784,0.00042439459337769656,0.00022354500771914505
0.3676810320359318,0.0004179678543216236,0.00021776263789992915
0.37051631786626366,0.0004116290633777076,0.00021208103374255495
0.3733734673366515,0.00040537721406153597,0.0002064991907680704
0.37625264904341427,0.0003992113071643551,0.0002010161101318023
0.379154032882963,0.0003931303508005895,0.00019563079862345615
0.3820777900618245,0.0003871333604522068,0.00019034226866300604
0.385024093106745,0.0003812193590099748,0.00018514953829242651
0.3879931158748688,0.0003753873768117014,0.0001800516311633489
0.3909850335640001,0.00036963645167749647,0.00017504757652069084
0.39400002272293916,0.0003639656289421541,0.0001701364091823501
0.39703826126190095,0.0003583739614846979,0.00016531716951501368
0.4000999284630135,0.00035286050975516395,0.00016058890340616005
0.40318520499089583,0.00034742434179869133,0.0001559506622323258
0.40629427290332065,0.00034206453327696864,0.00015140150282369797
0.40942731566195617,0.0003367801674871174,0.00014694048742511492
0.41258451814319236,0.0003315703353780649,0.00014256668365354022
0.4157660666490489,0.0003264341355644712,0.00013827916445208525
0.418972148918171,0.00032137067433826727,0.0001340770080406494
0.4222029541369055,0.00031637906567787263,0.0001299592978632598
0.42545867295046624,0.00031145843125514273,0.00012592512253217796
0.4287394974741811,0.0003066079004401159,0.00012197357576885804
0.43204562130483165,0.00030182661030360116,0.00011810375634182176
0.43537723953207497,0.00029711370561768245,0.00011431476800154282
0.4387345487499562,0.00029246833885418277,0.00011060571941241018
0.44211774706850976,0.00028788967018114744,0.00010697572408185484
0.44552703412544753,0.00028337686745740664,0.00010342390028672599
0.4489626110979421,0.0002789291062252544,9.99493709969901e-05
0.4524246807144961,0.00027454556970132134,9.655126379685294e-05
0.45591344726690575,0.00027022544876567113,9.322871080337977e-05
0.4594291166223141,0.00026596794194918714,8.998084858271068e-05
0.4629718962353616,0.0002617722554192868,8.680681806395433e-05
0.46654199516042594,0.000257637602964028,8.370576445086207e-05
0.4701396240639585,0.0002535632059746427,8.06768371313698e-05
0.4737649952369159,0.0002495482934265551,7.77191895851087e-05
0.4774183226072852,0.00024559210185892797,7.48319792889844e-05
0.48109982175271027,0.00024169387535278043,7.201436762092181e-05
0.48480970991321065,0.00023785286550773125,6.92655197618875e-05
0.48854820600400195,0.00023406833141740321,6.658460459628932e-05
0.4923155306284114,0.00023033953964354112,6.397079461086902e-05
0.4961119060908983,0.0002266657641888755,6.142326579219317e-05
0.4999375564101702,0.00022304628646878816,5.8941197522865526e-05
0.5037927073324027,0.0002194803952818098,5.652377247657348e-05
0.5076775863445583,0.00021596738677899833,5.417017651209403e-05
0.5115924226878135,0.00021250656443222985,5.187959856637904e-05
0.5155374473710834,0.00020909723900145127,4.965123054685428e-05
0.5195128931846545,0.00020573872850092496,4.748426722305867e-05
0.5235189947139208,0.00020243035816450814,4.537790611776171e-05
0.5275559883532254,0.0001991714604100019,4.333134739769723e-05
0.531624112319812,0.00019596137480260497,4.1343793764054296e-05
0.5357236066678801,0.00019279944801751313,3.9414450342875796e-05
0.5398547133027514,0.0001896850338016899,3.754252457551042e-05
0.5440176759951418,0.00018661749293485518,3.5727226109277506e-05
0.5482127403955497,0.0001835961931897112,3.396776668849765e-05
0.5524401540487485,0.00018062050929144955,3.2263360046057854e-05
0.5567001664083954,0.00017768982287656623,3.061322179567438e-05
0.5609930288517512,0.00017480352245101638,2.9016569325026587e-05
0.5653189946945116,0.00017196100334774167,2.747262168993837e-05
0.5696783192057586,0.00016916166768359516,2.5980599509785116e-05
0.5740712596230211,0.00016640492431569998,2.453972486431517e-05
0.578498075167455,0.00016369018879726442,2.3149221192072652e-05
0.5829590270591377,0.00016101688333288567,2.180831319061801e-05
0.5874543785324858,0.00015838443673336458,2.0516226718742885e-05
0.5919843948517852,0.00015579228437006504,1.9272188700886894e-05
0.5965493433268452,0.00015323986812883737,1.8075427033961485e-05
0.6011494933287722,0.00015072663636353517,1.6925170496795926e-05
0.6057851163058632,0.00014825204384915098,1.5820648662423543e-05
0.6104564857996263,0.00014581555173458932,1.476109181342881e-05
0.6151638774609203,0.0001434166274951097,1.374573086058558e-05
0.6199075690662211,0.00014105474488445468,1.2773797265015682e-05
0.6246878405340113,0.00013872938388669138,1.1844522964105913e-05
0.6295049739413001,0.00013644003066778232,1.0957140301422151e-05
0.6343592535402673,0.0001341861775269147,1.0110881960867795e-05
0.6392509657750369,0.00013196732284760114,9.304980905333736e-06
0.6441803992985776,0.00012978297104857998,8.538670320094255e-06
0.6491478449897394,0.00012763263253452573,7.811183561203942e-06
0.6541535959704157,0.00012551582364659885,7.1217541091582e-06
0.6591979476228402,0.0001234320666128465,6.469615528079592e-06
0.6642811976070181,0.00012138088949847553,5.854001430697552e-06
0.6694036458782878,0.00011936182615601556,5.274145449391536e-06
0.6745655947050245,0.0001173744161753873,4.729281213569122e-06
0.6797673486864746,0.0001154182048338963,4.218642333654848e-06
0.6850092147707304,0.000113492743046165,3.7414623919653903e-06
0.6902915022728402,0.00011159758731402337,3.2969749407497687e-06
0.6956145228930648,0.00010973229967636685,2.8844135076725084e-06
0.7009785907352675,0.00010789644765900448,2.5030116090208612e-06
0.7063840223254495,0.00010608960422450536,2.152002770914693e-06
0.7118311366304289,0.00010431134772206171,1.8306205587988367e-06
0.7173202550766589,0.00010256126183738066,1.5380986154963722e-06
0.7228517015691996,0.00010083893554261625,1.2736707080989983e-06
0.7284258025108283,9.914396304635864e-05,1.0365707839698751e-06
0.7340428868213008,9.747594374369002e-05,8.260330361299064e-07
0.7397032859567585,9.58344821663203e-05,6.41291978295808e-07
0.7454073339292908,9.421918793281323e-05,4.815825298332181e-07
0.7511553673266423,9.262967569891668e-05,3.461401108836806e-07
0.7569477253320757,9.106556510800516e-05,2.3420074791746273e-07
0.7627847497443828,8.952648074164892e-05,1.450011899578198e-07
0.7686667849980593,8.801205207031442e-05,7.777903571393292e-08
0.7745941781836256,8.652191340421238e-05,3.177287185144539e-08
0.7805672790681092,8.505570384429843e-05,6.222422619058248e-09
0.7865864401156841,8.361306723343754e-05,3.6871103898687083e-10
0.7926520165084672,8.219365210774134e-05,1.3454231856882572e-08
0.7987643661674805,8.079711164808531e-05,4.472313643355742e-08
0.8049238497737694,7.942310363181632e-05,9.342142974639225e-08
0.8111308307896872,7.807129038465713e-05,1.5879717965255673e-07
0.8173856754803391,7.674133873281625e-05,2.401007385491062e-07
0.8236887529352,7.543291995530958e-05,3.365849775468297e-07
0.830040435089891,7.414570973650233e-05,4.4750553325470303e-07
0.8364410967481266,7.287938811887708e-05,5.721210672508817e-07
0.8428911156038337,7.163363945603485e-05,7.096935382935155e-07
0.8493908722634338,7.040815236593644e-05,8.594884873003454e-07
0.8559407502683085,6.920261968438732e-05,1.0207753351009907e-06
0.8625411361174276,6.80167384187755e-05,1.1928276929378644e-06
0.8691924192901571,6.685020970206528e-05,1.3749236856637136e-06
0.87589499226924,6.570273874705413e-05,1.5663462875528978e-06
0.8826492505639594,6.457403480089473e-05,1.7663836706120952e-06
0.8894555927334747,6.346381109989116e-05,1.97432956524195e-06
0.8963144204103416,6.237178482457049e-05,2.1894836330666625e-06
0.903226138324208,6.129767705503605e-05,2.4111518517111094e-06
0.9101911543257019,6.024121272660501e-05,2.6386469112674198e-06
0.9172098794104947,5.920212058573605e-05,2.8712886221518607e-06
0.9242827277435545,5.8180133146249595e-05,3.108404334012259e-06
0.9314101166835858,5.7174986645844085e-05,3.3493293653023467e-06
0.9385924668076538,5.6186421002913284e-05,3.593407443094813e-06
0.9458302019360082,5.521417977366502e-05,3.839991152659089e-06
0.9531237491570872,5.425801010954717e-05,4.088442396281175e-06
0.9604735388527227,5.3317662714981834e-05,4.338132860754991e-06
0.9678800047235315,5.239289180541158e-05,4.588444492923333e-06
0.975343583814514,5.1483455065658456e-05,4.838769982596008e-06
0.9828647165408392,5.058911360860047e-05,5.088513252118754e-06
0.990443846713834,4.970963193416545e-05,5.337089951813962e-06
0.9980814215671736,4.8844777888645535e-05,5.583927960459055e-06
1.0057778917832667,4.7994322624334286e-05,5.828467889912839e-06
1.013533711519857,4.715804055948621e-05,6.070163592944959e-06
1.021349338436818,4.633570933860281e-05,6.30848267326581e-06
1.02922523372316,4.552710979304481e-05,6.542906996698811e-06
1.0371618621242416,4.473202590197241e-05,6.772933202379157e-06
1.0451596919691983,4.395024475361393e-05,6.998073212807262e-06
1.0532191951985757,4.318155650686518e-05,7.217854741527696e-06
1.0613408473921766,4.242575435321923e-05,7.431821797149508e-06
1.0695251277971278,4.168263447902768e-05,7.63953518236843e-06
1.077772519356154,4.0951996028094266e-05,7.840572986597213e-06
1.086083508736082,4.023364106460049e-05,8.034531070758763e-06
1.0944585863565552,3.9527374536364755e-05,8.221023542744583e-06
1.1028982464189734,3.8833004238434526e-05,8.399683221993277e-06
1.1114029869356503,3.815034077701203e-05,8.570162091596504e-06
1.1199733097592093,3.747919753371251e-05,8.732131736296817e-06
1.12860972061219,3.681939063015707e-05,8.88528376469973e-06
1.1373127291168939,3.6170738892897674e-05,9.02933021398613e-06
1.1460828488254517,3.5533063818676086e-05,9.164003935376777e-06
1.1549205972501344,3.490618954001418e-05,9.28905895857164e-06
1.1638264958938853,3.428994279113746e-05,9.40427083336156e-06
1.1728010702810958,3.368415287423005e-05,9.509436946590455e-06
1.1818448499886158,3.3088651626020286e-05,9.604376812631573e-06
1.1909583686769991,3.250327338469763e-05,9.688932335533051e-06
1.200142164122001,3.192785495715811e-05,9.762968040986117e-06
1.2093967782463064,3.1362235586579645e-05,9.826371276273515e-06
1.218722757151512,3.080625692032454e-05,9.879052376368133e-06
1.2281206511503437,3.025976297816992e-05,9.920944794371168e-06
1.237591014799139,2.9722600120862856e-05,9.952005194506835e-06
1.2471344069305643,2.9194617019001334e-05,9.972213505926743e-06
1.2567513906865937,2.8675664622238655e-05,9.981572935622413e-06
1.2664425335517384,2.816559612881012e-05,9.980109938798434e-06
1.27620840738653,2.7664266955381386e-05,9.96787414512329e-06
1.2860495884612717,2.7171534707215985e-05,9.944938239348586e-06
1.2959666574900384,2.6687259148661952e-05,9.911397794872318e-06
1.305960199664946,2.6211302173955332e-05,9.867371058916761e-06
1.3160308046906781,2.5743527778339276e-05,9.81299868809761e-06
1.3261790668192919,2.528380202949681e-05,9.74844343327835e-06
1.336405584885277,2.4831993039296728e-05,9.673889772732287e-06
1.346710962340897,2.4387970935849595e-05,9.58954349277432e-06
1.357095807291791,2.3951607835873775e-05,9.495631215176434e-06
1.3675607325328658,2.35227778173678e-05,9.392399870842839e-06
1.378106355584451,2.3101356892589586e-05,9.280116119395985e-06
1.388733298728739,2.2687222981338863e-05,9.159065714508965e-06
1.399442189046506,2.2280255884541966e-05,9.029552815017171e-06
1.4102336584541109,2.1880337258137078e-05,8.891899242048785e-06
1.4211083437407899,2.148735058725751e-05,8.74644368263116e-06
1.4320668866062292,2.110118116071177e-05,8.593540840457774e-06
1.4431099336984325,2.0721716045758043e-05,8.433560534736696e-06
1.4542381366518735,2.0348844063171573e-05,8.266886748287041e-06
1.4654521521259554,1.9982455762602117e-05,8.093916626302208e-06
1.4767526418437553,1.9622443398220436e-05,7.915059427459421e-06
1.4881402726310722,1.926870090465125e-05,7.73073542932012e-06
1.4996157164557768,1.8921123873190606e-05,7.54137479023658e-06
1.5111796504674575,1.8579609528305924e-05,7.3474163702542726e-06
1.5228327570373867,1.8244056704415943e-05,7.149306513775328e-06
1.5345757237987818,1.7914365822949266e-05,6.947497797026249e-06
1.546409243687383,1.7590438869678913e-05,6.742447743648515e-06
1.558334014982337,1.7272179372330933e-05,6.534617512004874e-06
1.5703507413474107,1.6959492378464357e-05,6.324470558063128e-06
1.5824601318725071,1.6652284433621363e-05,6.112471277983323e-06
1.5946629011155107,1.6350463559744506e-05,5.899083634788486e-06
1.6069597691444466,1.6053939233859423e-05,5.6847697737448585e-06
1.61935146157998,1.5762622367020298e-05,5.469988631309488e-06
1.631838709638227,1.5476425283516447e-05,5.2551945427221845e-06
1.6444222501739059,1.5195261700337332e-05,5.040835853519314e-06
1.657102825723818,1.4919046706894038e-05,4.8273535404299185e-06
1.6698811845506571,1.4647696744995023e-05,4.615179847275508e-06
1.682758080687175,1.4381129589073366e-05,4.404736941631724e-06
1.6957342739806671,1.4119264326664157e-05,4.196435598122526e-06
1.7088105301378147,1.3862021339129096e-05,3.990673914299427e-06
1.7219876207698608,1.3609322282626286e-05,3.787836065111894e-06
1.7352663234381525,1.3361090069322914e-05,3.588291101994347e-06
1.7486474217000165,1.3117248848848664e-05,3.3923918025814496e-06
1.7621317051549976,1.2877723989987543e-05,3.2004735770115623e-06
1.7757199694914538,1.2642442062605871e-05,3.012853436689329e-06
1.7894130165335014,1.2411330819814231e-05,2.829829031249236e-06
1.8032116542883396,1.2184319180360967e-05,2.651677759291359e-06
1.8171166969939245,1.1961337211255216e-05,2.4786559582486344e-06
1.8311289651670175,1.1742316110617065e-05,2.3109981784888544e-06
1.8452492856515974,1.1527188190752813e-05,2.148916546455833e-06
1.8594784916676608,1.1315886861452548e-05,1.9926002213108438e-06
1.873817422860383,1.110834661350862e-05,1.8422149491495926e-06
1.8882669253496653,1.0904503002452122e-05,1.6979027184396247e-06
1.9028278517800663,1.0704292632505385e-05,1.559781519851792e-06
1.9175010613711059,1.0507653140748538e-05,1.4279452131469049e-06
1.9322874199679798,1.0314523181497177e-05,1.3024635032267716e-06
1.9471878000926428,1.0124842410889987e-05,1.1833820268715503e-06
1.9622030809953006,9.938551471683117e-06,1.070722551062395e-06
1.9773341487062832,9.755591978249966e-06,9.64483283136331e-07
1.9925818960883415,9.57590650178341e-06,8.646392923398935e-07
2.0079472228893254,9.39943855569903e-06,7.71143041646108e-07
2.0234310357952814,9.226132581236652e-06,6.83925027977976e-07
2.039034248483946,9.055933933258461e-06,6.0289452824814e-07
2.0547577816786715,8.888788866241055e-06,5.279404478825205e-07
2.070602563202752,8.72464452045985e-06,4.5893226775298165e-07
2.0865695280341714,8.563448908363342e-06,3.9572108470519e-07
2.102659618360779,8.405150901135239e-06,3.3814074014072586e-07
2.1188737836358777,8.249700215442515e-06,2.860090304034062e-07
2.135212980634263,8.097047400366862e-06,2.3912899203570174e-07
2.151678173508671,7.947143824518047e-06,1.972902543200491e-07
2.168270333846679,7.79994166332667e-06,1.6027045090801793e-07
2.1849904407280256,7.65539388651454e-06,1.278366817761465e-07
2.2018394807823993,7.513454245740355e-06,9.97470162371694e-08
2.21881844824765,7.374077262418966e-06,7.575202728712405e-08
2.2359283450284573,7.237218215712088e-06,5.559634718858938e-08
2.253170180755458,7.1028331306883215e-06,3.902023388508453e-08
2.2705449728448093,6.970878766650822e-06,2.5761137617122356e-08
2.2880537465582407,6.841312605630246e-06,1.5555256971974028e-08
2.3056975350635462,6.7140928410413695e-06,8.139073551840006e-09
2.323477379495551,6.589178366501259e-06,3.2508544924578726e-09
2.3413943290175396,6.466528764807114e-06,6.321122096220008e-10
2.3594494408831803,6.346104297071776e-06,2.9010996591187675e-11
2.377643780498902,6.2278658920151725e-06,1.1937104421001424e-09
2.3959784214867663,6.111775135409683e-06,3.88563608656837e-09
2.4144544457478125,5.997794259677614e-06,7.872668281961129e-09
2.433072943525913,5.885886133638825e-06,1.2932240866093457e-08
2.4518350134720968,5.77601425240683e-06,1.8852342001223925e-08
2.4707417627093804,5.6681427274314545e-06,2.54324103545495e-08
2.489794306898104,5.562236276686147e-06,3.2484120708276265e-08
2.508993770301752,5.458260214998409e-06,3.983205407165889e-08
2.5283412858533088,5.356180444521193e-06,4.7314248417891376e-08
2.5478379952221037,5.255963445343868e-06,5.4782627274774714e-08
2.5674850488811827,5.157576266240748e-06,6.210330454856163e-08
2.5872836061751863,5.060986515555613e-06,6.915676514289452e-08
2.6072348353887778,4.966162352220284e-06,7.583792213623269e-08
2.6273399138155678,4.8730724769058565e-06,8.205605248759182e-08
2.6476000278275924,4.781686123304601e-06,8.77346144374096e-08
2.6680163729453175,4.691973049541055e-06,9.281095094286685e-08
2.6885901539081773,4.603903529710589e-06,9.723588462004277e-08
2.7093225847456774,4.5174483455436966e-06,1.0097321074375776e-07
2.730214888849026,4.432578778194586e-06,1.0399909586503391e-07
2.7512682990433257,4.349266600152285e-06,1.0630139053153982e-07
2.772484057660313,4.267484067272779e-06,1.0787886542457744e-07
2.7938634166116803,4.187203910930446e-06,1.0874038094459416e-07
2.8154076374629415,4.108399330287443e-06,1.0890400087454517e-07
2.8371179915078764,4.031043984679267e-06,1.0839606121686419e-07
2.858995759843549,3.955111986115144e-06,1.0725020562718503e-07
2.881042233445895,3.880577891891588e-06,1.0550639905005334e-07
2.903258713245916,3.8074166973176544e-06,1.0320993119452494e-07
2.9256465102064326,3.735603828550487e-06,1.004104213688227e-07
2.948206945399453,3.665115135539551e-06,9.716083592350209e-08
2.97094135008411,3.5959268850782105e-06,9.35165291346837e-08
2.9938510657852384,3.528015753961098e-06,8.953431779806373e-08
3.0169374443725228,3.4613588222459258e-06,8.527159910831591e-08
3.040201848140277,3.3959335666183014e-06,8.078552057714764e-08
3.063645649887816,3.331717853858169e-06,7.613220980898776e-08
3.0872702330004853,3.268689934406383e-06,7.136607092040492e-08
3.1110769915312773,3.206828436030232e-06,6.653915327420416e-08
3.1350673302830963,3.1461123575863836e-06,6.17005970195202e-08
3.1592426648916563,3.0865210628800164e-06,5.689615870442559e-08
3.183604421909005,3.0280342746187886e-06,5.216781897773707e-08
3.2081540388877197,2.9706320684602682e-06,4.755347314267449e-08
3.2328929644657234,2.9142948671516374e-06,4.308670408787288e-08
3.257822658451773,2.8590034347603248e-06,3.8796635921759384e-08
3.2829445919115874,2.804738870994316e-06,3.4707865494794245e-08
3.3082602472546734,2.7514826056108257e-06,3.0840467929668406e-08
3.333771118321786,2.69921639291224e-06,2.721007131008053e-08
3.3594787104730828,2.64792230632795e-06,2.3827994820006652e-08
3.385384540676955,2.597582733080942e-06,2.070144389124382e-08
3.4114901375995292,2.5481803689379733e-06,1.783375531859802e-08
3.4377970416948913,2.499698213042057e-06,1.522468484785429e-08
3.4643068052959736,2.452119562826179e-06,1.2870729437088322e-08
3.4910209927061624,2.40542800900706e-06,1.0765476239241902e-08
3.5179411802915905,2.359607430657825e-06,8.899970352388098e-09
3.5450689565741786,2.3146419903584024e-06,7.2630935296918246e-09
3.5724059223253577,2.2705161294226276e-06,5.841946326650767e-09
3.5999536906605334,2.2272145632008963e-06,4.622226578713487e-09
3.6277138871342625,2.1847222764572965e-06,3.5885976351465252e-09
3.6556881498361933,2.1430245188200895e-06,2.725040409963915e-09
3.6838781294877134,2.1021068003045895e-06,2.0151840308054725e-09
3.7122854895393615,2.061954886907297e-06,1.4426106532237704e-09
3.740911906268986,2.022554796270276e-06,9.91130841239563e-10
3.769759068880649,1.983892793414797e-06,6.450267749675204e-10
3.798828679604321,1.9459553865431415e-06,3.892614122752623e-10
3.8281224537963174,1.9087293229076766e-06,2.0965258395615833e-10
3.8576421200405226,1.8722015847461387e-06,9.301182187076994e-11
3.8873894202503787,1.8363593852822016e-06,2.7248489504398123e-11
3.9173661097716947,1.8011901647903064e-06,1.4404888299708768e-12
3.9475739574862123,1.7666815867238886e-06,5.873442952449127e-12
3.97801474591599,1.7328215339059956e-06,3.205078999614332e-11
4.008690271328588,1.6995981047814018e-06,7.267766212634532e-11
4.039602343843051,1.6669996097293168e-06,1.216217594440878e-10
4.070752787536743,1.6350145674357466e-06,1.738546597113069e-10
4.102143440552967,1.6036317013246644e-06,2.2537713234226844e-10
4.133776155209441,1.572839936047079e-06,2.7313205253077925e-10
4.1656527981075815,1.5426283940271753e-06,3.149084450534113e-10
4.197775250242677,1.512986392064597e-06,3.492400357750225e-10
4.230145407114866,1.483903437992116e-06,3.753014626986037e-10
4.262765178840986,1.4553692273878036e-06,3.928050095894038e-10
4.2956364902673005,1.4273736403408767e-06,4.019003868842873e-10
4.3287612810830565,1.3999067382704566e-06,4.0307971050622437e-10
4.362141505934974,1.3729587607963534e-06,3.9708943321722404e-10
4.395779134542565,1.3465201226612037e-06,3.848505788236387e-10
4.429676151814374,1.3205814107030653e-06,3.673882297181429e-10
4.463834557965092,1.2951333808777915e-06,3.457708346040608e-10
4.498256368633606,1.2701669553303537e-06,3.2105954605685513e-10
4.532943615001923,1.2456732195144261e-06,2.942674753917892e-10
4.5678983439150365,1.2216434193594555e-06,2.6632847180367726e-10
4.603122618001695,1.1980689584845071e-06,2.380747986222647e-10
4.638618515796132,1.1749413954581378e-06,2.10222894482084e-10
4.674388131860707,1.1522524411036422e-06,1.833662719913929e-10
4.710433576909504,1.129993955848918e-06,1.5797452003600606e-10
4.746756977932889,1.1081579471202959e-06,1.34397335477847e-10
4.783360478322996,1.086736566779653e-06,1.1287251162402983e-10
4.820246238000242,1.065722108604096e-06,9.35368492598697e-11
4.857416433540754,1.0451070058076259e-06,7.643902526072792e-11
4.894873258304822,1.0248838286040712e-06,6.155354732874796e-11
4.9326189225663,1.005045281810688e-06,4.8795034558583447e-11
4.970655653643068,9.855842024917388e-07,3.803218573724674e-11
5.008985696028438,9.664935576415032e-07,2.9100924302736726e-11
5.047611311523601,9.477664419060351e-07,2.1816335078160748e-11
5.086534779371106,9.293960753430936e-07,1.598312837034655e-11
5.125758396389326,9.113758012196489e-07,1.140447775853256e-11
5.1652844771080275,8.93699083846341e-07,7.889175832487267e-12
5.205115353904921,8.763595064483619e-07,5.257135172565526e-12
5.245253377143306,8.593507690721337e-07,3.343328841983186e-12
5.28570091531074,8.426666865272717e-07,2.0003153047249928e-12
5.326460355158833,8.263011863632001e-07,1.0995274851621756e-12
5.367534101844059,8.102483068799614e-07,5.315257883493539e-13
5.408924579069702,7.945021951726039e-07,2.0542194660987598e-13
5.450634229228842,7.790571052086593e-07,4.767654433503136e-14
5.49266551354852,7.639073959381413e-07,4.601980989904895e-16
5.535020912234942,7.490475294356048e-07,1.9748896065383226e-14
5.577702924619842,7.344720690736964e-07,7.330013165665719e-14
5.6207140693079705,7.201756777277275e-07,1.3863024015909216e-13
5.664056884325687,7.06153116010771e-07,2.01086558241172e-13
5.707733927270761,6.923992405387698e-07,2.5208217169997584e-13
5.751747775463272,6.789090022252043e-07,2.875372640332494e-13
5.796101026097705,6.656774446048267e-07,3.0655026008793855e-13
5.840796296396177,6.526997021860048e-07,3.103045851749708e-13
5.88583622376292,6.399709988311943e-07,3.0120314808382866e-13
5.931223465939879,6.274866461651132e-07,2.8221257286262865e-13
5.976960701163556,6.152420420101517e-07,2.5639251408618594e-13
6.023050628323045,6.032326688485828e-07,2.265817101118271e-13
6.069495967119274,5.914540923111446e-07,1.9521127892629195e-13
6.116299458225523,5.799019596915457e-07,1.6421661465246493e-13
6.163463863449122,5.685719984865046e-07,1.3502156776230781e-13
6.2109919658944355,5.574600149608831e-07,1.085718863587838e-13
6.258886570127065,5.465618927375169e-07,8.539871282216305e-14
6.30715050233938,5.358735914113269e-07,6.56968952672457e-14
6.355786610517259,5.25391145187336e-07,4.940669307015875e-14
6.404797764608162,5.151106615421831e-07,3.629091866760815e-14
6.4541868566904546,5.050283199087593e-07,2.6002529653389663e-14
6.503956801144105,4.951403703835756e-07,1.8140099771096578e-14
6.5541105348226285,4.854431324565055e-07,1.2290444784785772e-14
6.604651017226398,4.7593299376252273e-07,8.058992370238718e-15
6.655581230677283,4.6660640885507284e-07,5.08932668928619e-15
6.706904180494608,4.574598980007366e-07,3.0737880658211945e-15
6.758622895172531,4.4849004599480284e-07,1.7571527502748234e-15
6.810740426558721,4.3969350099744517e-07,9.353419620426527e-16
6.863259850034464,4.31066973390129e-07,4.508901639882728e-16
6.916184264696103,4.2260723465193767e-07,1.866049828769553e-16
6.969516793537952,4.143111162554637e-07,5.852678829775198e-17
7.02326058363656,4.0617550858196496e-07,8.982191887066567e-18
7.0774188063364125,3.9819735985545056e-07,2.4720650200248597e-19
7.1319946574370805,3.903736750953856e-07,9.105980101595069e-18
7.186991357381771,3.8270151508770703e-07,2.2414515712102965e-17
7.242412151447404,3.751779953738386e-07,3.365376784377351e-17
7.298260309936079,3.6780028525741344e-07,4.037691253834347e-17
7.354539128368073,3.6056560682840235e-07,4.241309840212071e-17
7.411251927676268,3.534712340043639e-07,4.067555435480156e-17
7.468402054402161,3.465144915885121e-07,3.6426914242002756e-17
7.525992880893312,3.3969275434434534e-07,3.087149889562142e-17
7.584027805502341,3.330034460865369e-07,2.496704436006952e-17
7.64251025278748,3.26444038787825e-07,1.937253813182578e-17
7.701443673714611,3.2001205170163534e-07,1.4471464218298238e-17
7.760831545860945,3.1370505050015454e-07,1.0429164219372848e-17
7.820677373620215,3.0752064642761765e-07,7.258478633500548e-18
7.880984688409461,3.0145649546853764e-07,4.879318735661255e-18
7.941757048877396,2.955102975306277e-07,3.165749423208512e-18
8.00299804111444,2.8967979564216726e-07,1.9791756744081022e-18
8.064711278864296,2.8396277516357156e-07,1.189022927335131e-18
8.126900403737212,2.7835706301292043e-07,6.835469737537054e-19
8.18956908542483,2.728605269052105e-07,3.7366279514781343e-19
8.252721021916784,2.674710746050943e-07,1.923791511673196e-19
8.316359939718877,2.6218665319288595e-07,9.18761277860769e-20
8.380489594072982,2.5700524834359835e-07,3.9665792798647797e-20
8.445113769178649,2.519248836187943e-07,1.4744048964958796e-20
8.510236278416365,2.469436197710358e-07,4.224403118534864e-21
8.575860964572632,2.420595540607073e-07,6.505888883425644e-22
8.641991700066688,2.3727081958501375e-07,6.87497550025817e-25
8.708632387179026,2.3257558461893603e-07,2.9642275815501694e-22
8.775786958281639,2.279720519679441e-07,6.918893002026604e-22
8.843459376070099,2.2345845833226234e-07,9.134725038766477e-22
8.911653633797371,2.1903307368249296e-07,9.396725660793898e-22
8.980373755509449,2.1469420064640132e-07,8.339273517170474e-22
9.049623796282821,2.1044017390666972e-07,6.680259410599256e-22
9.119407842463717,2.0626935960943532e-07,4.945871727938868e-22
9.189730011909294,2.021801547834174e-07,3.43036393685137e-22
9.260594454230583,1.9817098676946578e-07,2.2467222502271193e-22
9.33200535103738,1.9424031266033536e-07,1.3959097871889433e-22
9.403966916184944,1.9038661875052512e-07,8.245583627331055e-23
9.47648339602273,1.8660841999599095e-07,4.632032553734146e-23
9.549559069644895,1.8290425948357987e-07,2.4709039058297222e-23
9.623198249142845,1.7927270791000195e-07,1.2472279027580806e-23
9.69740527985963,1.7571236307018586e-07,5.9206033783102924e-24
9.772184540646423,1.7222184935484606e-07,2.6165164732508864e-24
9.847540444120867,1.6879981725710952e-07,1.0585808039213306e-24
9.923477436927469,1.654449428880404e-07,3.806324058849524e-25
10.0,1.621559275009087e-07,1.1472248933367374e-25
