material,E_Pa,rho_kg_m3,b_m,h_m,A_m2,I_m4,L_m,boundary_condition,mode,lambda_n,frequency_hz
Steel,200000000000.0,7850,0.02,0.002,4e-05,1.3333333333333334e-11,0.3,Cantilever (fixed-free),1,1.87510407,18.119571257508536
Steel,200000000000.0,7850,0.02,0.002,4e-05,1.3333333333333334e-11,0.3,Cantilever (fixed-free),2,4.69409113,113.55341444373677
Steel,200000000000.0,7850,0.02,0.002,4e-05,1.3333333333333334e-11,0.3,Cantilever (fixed-free),3,7.85475744,317.95284904971027
Steel,200000000000.0,7850,0.02,0.002,4e-05,1.3333333333333334e-11,0.3,Cantilever (fixed-free),4,10.99554073,623.0606839944704
Steel,200000000000.0,7850,0.02,0.002,4e-05,1.3333333333333334e-11,0.3,Simply supported,1,3.141592653589793,50.86240710767958
Steel,200000000000.0,7850,0.02,0.002,4e-05,1.3333333333333334e-11,0.3,Simply supported,2,6.283185307179586,203.44962843071832
Steel,200000000000.0,7850,0.02,0.002,4e-05,1.3333333333333334e-11,0.3,Simply supported,3,9.42477796076938,457.7616639691163
Steel,200000000000.0,7850,0.02,0.002,4e-05,1.3333333333333334e-11,0.3,Simply supported,4,12.566370614359172,813.7985137228733
Steel,200000000000.0,7850,0.02,0.002,4e-05,1.3333333333333334e-11,0.3,Fixed–fixed,1,4.73004074,115.29936806081764
Steel,200000000000.0,7850,0.02,0.002,4e-05,1.3333333333333334e-11,0.3,Fixed–fixed,2,7.85320462,317.82714822589224
Steel,200000000000.0,7850,0.02,0.002,4e-05,1.3333333333333334e-11,0.3,Fixed–fixed,3,10.99560784,623.0682895740653
Steel,200000000000.0,7850,0.02,0.002,4e-05,1.3333333333333334e-11,0.3,Fixed–fixed,4,14.13716839,1029.9639550419545
Steel,200000000000.0,7850,0.02,0.002,4e-05,1.3333333333333334e-11,0.5,Cantilever (fixed-free),1,1.87510407,6.523045652703074
Steel,200000000000.0,7850,0.02,0.002,4e-05,1.3333333333333334e-11,0.5,Cantilever (fixed-free),2,4.69409113,40.87922919974524
Steel,200000000000.0,7850,0.02,0.002,4e-05,1.3333333333333334e-11,0.5,Cantilever (fixed-free),3,7.85475744,114.4630256578957
Steel,200000000000.0,7850,0.02,0.002,4e-05,1.3333333333333334e-11,0.5,Cantilever (fixed-free),4,10.99554073,224.30184623800935
Steel,200000000000.0,7850,0.02,0.002,4e-05,1.3333333333333334e-11,0.5,Simply supported,1,3.141592653589793,18.31046655876465
Steel,200000000000.0,7850,0.02,0.002,4e-05,1.3333333333333334e-11,0.5,Simply supported,2,6.283185307179586,73.2418662350586
Steel,200000000000.0,7850,0.02,0.002,4e-05,1.3333333333333334e-11,0.5,Simply supported,3,9.42477796076938,164.79419902888185
Steel,200000000000.0,7850,0.02,0.002,4e-05,1.3333333333333334e-11,0.5,Simply supported,4,12.566370614359172,292.9674649402344
Steel,200000000000.0,7850,0.02,0.002,4e-05,1.3333333333333334e-11,0.5,Fixed–fixed,1,4.73004074,41.50777250189435
Steel,200000000000.0,7850,0.02,0.002,4e-05,1.3333333333333334e-11,0.5,Fixed–fixed,2,7.85320462,114.41777336132121
Steel,200000000000.0,7850,0.02,0.002,4e-05,1.3333333333333334e-11,0.5,Fixed–fixed,3,10.99560784,224.3045842466635
Steel,200000000000.0,7850,0.02,0.002,4e-05,1.3333333333333334e-11,0.5,Fixed–fixed,4,14.13716839,370.7870238151036
Steel,200000000000.0,7850,0.02,0.002,4e-05,1.3333333333333334e-11,1.0,Cantilever (fixed-free),1,1.87510407,1.6307614131757684
Steel,200000000000.0,7850,0.02,0.002,4e-05,1.3333333333333334e-11,1.0,Cantilever (fixed-free),2,4.69409113,10.21980729993631
Steel,200000000000.0,7850,0.02,0.002,4e-05,1.3333333333333334e-11,1.0,Cantilever (fixed-free),3,7.85475744,28.615756414473925
Steel,200000000000.0,7850,0.02,0.002,4e-05,1.3333333333333334e-11,1.0,Cantilever (fixed-free),4,10.99554073,56.07546155950234
Steel,200000000000.0,7850,0.02,0.002,4e-05,1.3333333333333334e-11,1.0,Simply supported,1,3.141592653589793,4.577616639691162
Steel,200000000000.0,7850,0.02,0.002,4e-05,1.3333333333333334e-11,1.0,Simply supported,2,6.283185307179586,18.31046655876465
Steel,200000000000.0,7850,0.02,0.002,4e-05,1.3333333333333334e-11,1.0,Simply supported,3,9.42477796076938,41.19854975722046
Steel,200000000000.0,7850,0.02,0.002,4e-05,1.3333333333333334e-11,1.0,Simply supported,4,12.566370614359172,73.2418662350586
Steel,200000000000.0,7850,0.02,0.002,4e-05,1.3333333333333334e-11,1.0,Fixed–fixed,1,4.73004074,10.376943125473588
Steel,200000000000.0,7850,0.02,0.002,4e-05,1.3333333333333334e-11,1.0,Fixed–fixed,2,7.85320462,28.604443340330302
Steel,200000000000.0,7850,0.02,0.002,4e-05,1.3333333333333334e-11,1.0,Fixed–fixed,3,10.99560784,56.076146061665874
Steel,200000000000.0,7850,0.02,0.002,4e-05,1.3333333333333334e-11,1.0,Fixed–fixed,4,14.13716839,92.6967559537759
Steel,200000000000.0,7850,0.02,0.004,8e-05,1.0666666666666667e-10,0.3,Cantilever (fixed-free),1,1.87510407,36.23914251501707
Steel,200000000000.0,7850,0.02,0.004,8e-05,1.0666666666666667e-10,0.3,Cantilever (fixed-free),2,4.69409113,227.10682888747354
Steel,200000000000.0,7850,0.02,0.004,8e-05,1.0666666666666667e-10,0.3,Cantilever (fixed-free),3,7.85475744,635.9056980994205
Steel,200000000000.0,7850,0.02,0.004,8e-05,1.0666666666666667e-10,0.3,Cantilever (fixed-free),4,10.99554073,1246.1213679889408
Steel,200000000000.0,7850,0.02,0.004,8e-05,1.0666666666666667e-10,0.3,Simply supported,1,3.141592653589793,101.72481421535916
Steel,200000000000.0,7850,0.02,0.004,8e-05,1.0666666666666667e-10,0.3,Simply supported,2,6.283185307179586,406.89925686143664
Steel,200000000000.0,7850,0.02,0.004,8e-05,1.0666666666666667e-10,0.3,Simply supported,3,9.42477796076938,915.5233279382326
Steel,200000000000.0,7850,0.02,0.004,8e-05,1.0666666666666667e-10,0.3,Simply supported,4,12.566370614359172,1627.5970274457466
Steel,200000000000.0,7850,0.02,0.004,8e-05,1.0666666666666667e-10,0.3,Fixed–fixed,1,4.73004074,230.59873612163528
Steel,200000000000.0,7850,0.02,0.004,8e-05,1.0666666666666667e-10,0.3,Fixed–fixed,2,7.85320462,635.6542964517845
Steel,200000000000.0,7850,0.02,0.004,8e-05,1.0666666666666667e-10,0.3,Fixed–fixed,3,10.99560784,1246.1365791481305
Steel,200000000000.0,7850,0.02,0.004,8e-05,1.0666666666666667e-10,0.3,Fixed–fixed,4,14.13716839,2059.927910083909
Steel,200000000000.0,7850,0.02,0.004,8e-05,1.0666666666666667e-10,0.5,Cantilever (fixed-free),1,1.87510407,13.046091305406147
Steel,200000000000.0,7850,0.02,0.004,8e-05,1.0666666666666667e-10,0.5,Cantilever (fixed-free),2,4.69409113,81.75845839949048
Steel,200000000000.0,7850,0.02,0.004,8e-05,1.0666666666666667e-10,0.5,Cantilever (fixed-free),3,7.85475744,228.9260513157914
Steel,200000000000.0,7850,0.02,0.004,8e-05,1.0666666666666667e-10,0.5,Cantilever (fixed-free),4,10.99554073,448.6036924760187
Steel,200000000000.0,7850,0.02,0.004,8e-05,1.0666666666666667e-10,0.5,Simply supported,1,3.141592653589793,36.6209331175293
Steel,200000000000.0,7850,0.02,0.004,8e-05,1.0666666666666667e-10,0.5,Simply supported,2,6.283185307179586,146.4837324701172
Steel,200000000000.0,7850,0.02,0.004,8e-05,1.0666666666666667e-10,0.5,Simply supported,3,9.42477796076938,329.5883980577637
Steel,200000000000.0,7850,0.02,0.004,8e-05,1.0666666666666667e-10,0.5,Simply supported,4,12.566370614359172,585.9349298804688
Steel,200000000000.0,7850,0.02,0.004,8e-05,1.0666666666666667e-10,0.5,Fixed–fixed,1,4.73004074,83.0155450037887
Steel,200000000000.0,7850,0.02,0.004,8e-05,1.0666666666666667e-10,0.5,Fixed–fixed,2,7.85320462,228.83554672264242
Steel,200000000000.0,7850,0.02,0.004,8e-05,1.0666666666666667e-10,0.5,Fixed–fixed,3,10.99560784,448.609168493327
Steel,200000000000.0,7850,0.02,0.004,8e-05,1.0666666666666667e-10,0.5,Fixed–fixed,4,14.13716839,741.5740476302072
Steel,200000000000.0,7850,0.02,0.004,8e-05,1.0666666666666667e-10,1.0,Cantilever (fixed-free),1,1.87510407,3.261522826351537
Steel,200000000000.0,7850,0.02,0.004,8e-05,1.0666666666666667e-10,1.0,Cantilever (fixed-free),2,4.69409113,20.43961459987262
Steel,200000000000.0,7850,0.02,0.004,8e-05,1.0666666666666667e-10,1.0,Cantilever (fixed-free),3,7.85475744,57.23151282894785
Steel,200000000000.0,7850,0.02,0.004,8e-05,1.0666666666666667e-10,1.0,Cantilever (fixed-free),4,10.99554073,112.15092311900467
Steel,200000000000.0,7850,0.02,0.004,8e-05,1.0666666666666667e-10,1.0,Simply supported,1,3.141592653589793,9.155233279382324
Steel,200000000000.0,7850,0.02,0.004,8e-05,1.0666666666666667e-10,1.0,Simply supported,2,6.283185307179586,36.6209331175293
Steel,200000000000.0,7850,0.02,0.004,8e-05,1.0666666666666667e-10,1.0,Simply supported,3,9.42477796076938,82.39709951444092
Steel,200000000000.0,7850,0.02,0.004,8e-05,1.0666666666666667e-10,1.0,Simply supported,4,12.566370614359172,146.4837324701172
Steel,200000000000.0,7850,0.02,0.004,8e-05,1.0666666666666667e-10,1.0,Fixed–fixed,1,4.73004074,20.753886250947176
Steel,200000000000.0,7850,0.02,0.004,8e-05,1.0666666666666667e-10,1.0,Fixed–fixed,2,7.85320462,57.208886680660605
Steel,200000000000.0,7850,0.02,0.004,8e-05,1.0666666666666667e-10,1.0,Fixed–fixed,3,10.99560784,112.15229212333175
Steel,200000000000.0,7850,0.02,0.004,8e-05,1.0666666666666667e-10,1.0,Fixed–fixed,4,14.13716839,185.3935119075518
Steel,200000000000.0,7850,0.03,0.003,8.999999999999999e-05,6.75e-11,0.3,Cantilever (fixed-free),1,1.87510407,27.179356886262806
Steel,200000000000.0,7850,0.03,0.003,8.999999999999999e-05,6.75e-11,0.3,Cantilever (fixed-free),2,4.69409113,170.33012166560513
Steel,200000000000.0,7850,0.03,0.003,8.999999999999999e-05,6.75e-11,0.3,Cantilever (fixed-free),3,7.85475744,476.9292735745654
Steel,200000000000.0,7850,0.03,0.003,8.999999999999999e-05,6.75e-11,0.3,Cantilever (fixed-free),4,10.99554073,934.5910259917056
Steel,200000000000.0,7850,0.03,0.003,8.999999999999999e-05,6.75e-11,0.3,Simply supported,1,3.141592653589793,76.29361066151937
Steel,200000000000.0,7850,0.03,0.003,8.999999999999999e-05,6.75e-11,0.3,Simply supported,2,6.283185307179586,305.17444264607747
Steel,200000000000.0,7850,0.03,0.003,8.999999999999999e-05,6.75e-11,0.3,Simply supported,3,9.42477796076938,686.6424959536744
Steel,200000000000.0,7850,0.03,0.003,8.999999999999999e-05,6.75e-11,0.3,Simply supported,4,12.566370614359172,1220.6977705843099
Steel,200000000000.0,7850,0.03,0.003,8.999999999999999e-05,6.75e-11,0.3,Fixed–fixed,1,4.73004074,172.94905209122646
Steel,200000000000.0,7850,0.03,0.003,8.999999999999999e-05,6.75e-11,0.3,Fixed–fixed,2,7.85320462,476.74072233883834
Steel,200000000000.0,7850,0.03,0.003,8.999999999999999e-05,6.75e-11,0.3,Fixed–fixed,3,10.99560784,934.6024343610978
Steel,200000000000.0,7850,0.03,0.003,8.999999999999999e-05,6.75e-11,0.3,Fixed–fixed,4,14.13716839,1544.9459325629314
Steel,200000000000.0,7850,0.03,0.003,8.999999999999999e-05,6.75e-11,0.5,Cantilever (fixed-free),1,1.87510407,9.78456847905461
Steel,200000000000.0,7850,0.03,0.003,8.999999999999999e-05,6.75e-11,0.5,Cantilever (fixed-free),2,4.69409113,61.31884379961785
Steel,200000000000.0,7850,0.03,0.003,8.999999999999999e-05,6.75e-11,0.5,Cantilever (fixed-free),3,7.85475744,171.69453848684353
Steel,200000000000.0,7850,0.03,0.003,8.999999999999999e-05,6.75e-11,0.5,Cantilever (fixed-free),4,10.99554073,336.452769357014
Steel,200000000000.0,7850,0.03,0.003,8.999999999999999e-05,6.75e-11,0.5,Simply supported,1,3.141592653589793,27.465699838146975
Steel,200000000000.0,7850,0.03,0.003,8.999999999999999e-05,6.75e-11,0.5,Simply supported,2,6.283185307179586,109.8627993525879
Steel,200000000000.0,7850,0.03,0.003,8.999999999999999e-05,6.75e-11,0.5,Simply supported,3,9.42477796076938,247.19129854332277
Steel,200000000000.0,7850,0.03,0.003,8.999999999999999e-05,6.75e-11,0.5,Simply supported,4,12.566370614359172,439.4511974103516
Steel,200000000000.0,7850,0.03,0.003,8.999999999999999e-05,6.75e-11,0.5,Fixed–fixed,1,4.73004074,62.26165875284152
Steel,200000000000.0,7850,0.03,0.003,8.999999999999999e-05,6.75e-11,0.5,Fixed–fixed,2,7.85320462,171.6266600419818
Steel,200000000000.0,7850,0.03,0.003,8.999999999999999e-05,6.75e-11,0.5,Fixed–fixed,3,10.99560784,336.45687636999526
Steel,200000000000.0,7850,0.03,0.003,8.999999999999999e-05,6.75e-11,0.5,Fixed–fixed,4,14.13716839,556.1805357226553
Steel,200000000000.0,7850,0.03,0.003,8.999999999999999e-05,6.75e-11,1.0,Cantilever (fixed-free),1,1.87510407,2.4461421197636524
Steel,200000000000.0,7850,0.03,0.003,8.999999999999999e-05,6.75e-11,1.0,Cantilever (fixed-free),2,4.69409113,15.329710949904463
Steel,200000000000.0,7850,0.03,0.003,8.999999999999999e-05,6.75e-11,1.0,Cantilever (fixed-free),3,7.85475744,42.92363462171088
Steel,200000000000.0,7850,0.03,0.003,8.999999999999999e-05,6.75e-11,1.0,Cantilever (fixed-free),4,10.99554073,84.1131923392535
Steel,200000000000.0,7850,0.03,0.003,8.999999999999999e-05,6.75e-11,1.0,Simply supported,1,3.141592653589793,6.866424959536744
Steel,200000000000.0,7850,0.03,0.003,8.999999999999999e-05,6.75e-11,1.0,Simply supported,2,6.283185307179586,27.465699838146975
Steel,200000000000.0,7850,0.03,0.003,8.999999999999999e-05,6.75e-11,1.0,Simply supported,3,9.42477796076938,61.79782463583069
Steel,200000000000.0,7850,0.03,0.003,8.999999999999999e-05,6.75e-11,1.0,Simply supported,4,12.566370614359172,109.8627993525879
Steel,200000000000.0,7850,0.03,0.003,8.999999999999999e-05,6.75e-11,1.0,Fixed–fixed,1,4.73004074,15.56541468821038
Steel,200000000000.0,7850,0.03,0.003,8.999999999999999e-05,6.75e-11,1.0,Fixed–fixed,2,7.85320462,42.90666501049545
Steel,200000000000.0,7850,0.03,0.003,8.999999999999999e-05,6.75e-11,1.0,Fixed–fixed,3,10.99560784,84.11421909249881
Steel,200000000000.0,7850,0.03,0.003,8.999999999999999e-05,6.75e-11,1.0,Fixed–fixed,4,14.13716839,139.04513393066384
Aluminum,69000000000.0,2700,0.02,0.002,4e-05,1.3333333333333334e-11,0.3,Cantilever (fixed-free),1,1.87510407,18.147232821573812
Aluminum,69000000000.0,2700,0.02,0.002,4e-05,1.3333333333333334e-11,0.3,Cantilever (fixed-free),2,4.69409113,113.72676650620151
Aluminum,69000000000.0,2700,0.02,0.002,4e-05,1.3333333333333334e-11,0.3,Cantilever (fixed-free),3,7.85475744,318.4382398450405
Aluminum,69000000000.0,2700,0.02,0.002,4e-05,1.3333333333333334e-11,0.3,Cantilever (fixed-free),4,10.99554073,624.0118562259726
Aluminum,69000000000.0,2700,0.02,0.002,4e-05,1.3333333333333334e-11,0.3,Simply supported,1,3.141592653589793,50.94005429439986
Aluminum,69000000000.0,2700,0.02,0.002,4e-05,1.3333333333333334e-11,0.3,Simply supported,2,6.283185307179586,203.76021717759943
Aluminum,69000000000.0,2700,0.02,0.002,4e-05,1.3333333333333334e-11,0.3,Simply supported,3,9.42477796076938,458.46048864959874
Aluminum,69000000000.0,2700,0.02,0.002,4e-05,1.3333333333333334e-11,0.3,Simply supported,4,12.566370614359172,815.0408687103977
Aluminum,69000000000.0,2700,0.02,0.002,4e-05,1.3333333333333334e-11,0.3,Fixed–fixed,1,4.73004074,115.47538551790721
Aluminum,69000000000.0,2700,0.02,0.002,4e-05,1.3333333333333334e-11,0.3,Fixed–fixed,2,7.85320462,318.312347124773
Aluminum,69000000000.0,2700,0.02,0.002,4e-05,1.3333333333333334e-11,0.3,Fixed–fixed,3,10.99560784,624.0194734163404
Aluminum,69000000000.0,2700,0.02,0.002,4e-05,1.3333333333333334e-11,0.3,Fixed–fixed,4,14.13716839,1031.5363108953254
Aluminum,69000000000.0,2700,0.02,0.002,4e-05,1.3333333333333334e-11,0.5,Cantilever (fixed-free),1,1.87510407,6.533003815766572
Aluminum,69000000000.0,2700,0.02,0.002,4e-05,1.3333333333333334e-11,0.5,Cantilever (fixed-free),2,4.69409113,40.941635942232544
Aluminum,69000000000.0,2700,0.02,0.002,4e-05,1.3333333333333334e-11,0.5,Cantilever (fixed-free),3,7.85475744,114.63776634421458
Aluminum,69000000000.0,2700,0.02,0.002,4e-05,1.3333333333333334e-11,0.5,Cantilever (fixed-free),4,10.99554073,224.64426824135012
Aluminum,69000000000.0,2700,0.02,0.002,4e-05,1.3333333333333334e-11,0.5,Simply supported,1,3.141592653589793,18.33841954598395
Aluminum,69000000000.0,2700,0.02,0.002,4e-05,1.3333333333333334e-11,0.5,Simply supported,2,6.283185307179586,73.3536781839358
Aluminum,69000000000.0,2700,0.02,0.002,4e-05,1.3333333333333334e-11,0.5,Simply supported,3,9.42477796076938,165.04577591385555
Aluminum,69000000000.0,2700,0.02,0.002,4e-05,1.3333333333333334e-11,0.5,Simply supported,4,12.566370614359172,293.4147127357432
Aluminum,69000000000.0,2700,0.02,0.002,4e-05,1.3333333333333334e-11,0.5,Fixed–fixed,1,4.73004074,41.571138786446596
Aluminum,69000000000.0,2700,0.02,0.002,4e-05,1.3333333333333334e-11,0.5,Fixed–fixed,2,7.85320462,114.59244496491827
Aluminum,69000000000.0,2700,0.02,0.002,4e-05,1.3333333333333334e-11,0.5,Fixed–fixed,3,10.99560784,224.64701042988253
Aluminum,69000000000.0,2700,0.02,0.002,4e-05,1.3333333333333334e-11,0.5,Fixed–fixed,4,14.13716839,371.35307192231716
Aluminum,69000000000.0,2700,0.02,0.002,4e-05,1.3333333333333334e-11,1.0,Cantilever (fixed-free),1,1.87510407,1.633250953941643
Aluminum,69000000000.0,2700,0.02,0.002,4e-05,1.3333333333333334e-11,1.0,Cantilever (fixed-free),2,4.69409113,10.235408985558136
Aluminum,69000000000.0,2700,0.02,0.002,4e-05,1.3333333333333334e-11,1.0,Cantilever (fixed-free),3,7.85475744,28.659441586053646
Aluminum,69000000000.0,2700,0.02,0.002,4e-05,1.3333333333333334e-11,1.0,Cantilever (fixed-free),4,10.99554073,56.16106706033753
Aluminum,69000000000.0,2700,0.02,0.002,4e-05,1.3333333333333334e-11,1.0,Simply supported,1,3.141592653589793,4.584604886495987
Aluminum,69000000000.0,2700,0.02,0.002,4e-05,1.3333333333333334e-11,1.0,Simply supported,2,6.283185307179586,18.33841954598395
Aluminum,69000000000.0,2700,0.02,0.002,4e-05,1.3333333333333334e-11,1.0,Simply supported,3,9.42477796076938,41.26144397846389
Aluminum,69000000000.0,2700,0.02,0.002,4e-05,1.3333333333333334e-11,1.0,Simply supported,4,12.566370614359172,73.3536781839358
Aluminum,69000000000.0,2700,0.02,0.002,4e-05,1.3333333333333334e-11,1.0,Fixed–fixed,1,4.73004074,10.392784696611649
Aluminum,69000000000.0,2700,0.02,0.002,4e-05,1.3333333333333334e-11,1.0,Fixed–fixed,2,7.85320462,28.648111241229568
Aluminum,69000000000.0,2700,0.02,0.002,4e-05,1.3333333333333334e-11,1.0,Fixed–fixed,3,10.99560784,56.16175260747063
Aluminum,69000000000.0,2700,0.02,0.002,4e-05,1.3333333333333334e-11,1.0,Fixed–fixed,4,14.13716839,92.83826798057929
Aluminum,69000000000.0,2700,0.02,0.004,8e-05,1.0666666666666667e-10,0.3,Cantilever (fixed-free),1,1.87510407,36.294465643147625
Aluminum,69000000000.0,2700,0.02,0.004,8e-05,1.0666666666666667e-10,0.3,Cantilever (fixed-free),2,4.69409113,227.45353301240303
Aluminum,69000000000.0,2700,0.02,0.004,8e-05,1.0666666666666667e-10,0.3,Cantilever (fixed-free),3,7.85475744,636.876479690081
Aluminum,69000000000.0,2700,0.02,0.004,8e-05,1.0666666666666667e-10,0.3,Cantilever (fixed-free),4,10.99554073,1248.0237124519451
Aluminum,69000000000.0,2700,0.02,0.004,8e-05,1.0666666666666667e-10,0.3,Simply supported,1,3.141592653589793,101.88010858879971
Aluminum,69000000000.0,2700,0.02,0.004,8e-05,1.0666666666666667e-10,0.3,Simply supported,2,6.283185307179586,407.52043435519886
Aluminum,69000000000.0,2700,0.02,0.004,8e-05,1.0666666666666667e-10,0.3,Simply supported,3,9.42477796076938,916.9209772991975
Aluminum,69000000000.0,2700,0.02,0.004,8e-05,1.0666666666666667e-10,0.3,Simply supported,4,12.566370614359172,1630.0817374207954
Aluminum,69000000000.0,2700,0.02,0.004,8e-05,1.0666666666666667e-10,0.3,Fixed–fixed,1,4.73004074,230.95077103581443
Aluminum,69000000000.0,2700,0.02,0.004,8e-05,1.0666666666666667e-10,0.3,Fixed–fixed,2,7.85320462,636.624694249546
Aluminum,69000000000.0,2700,0.02,0.004,8e-05,1.0666666666666667e-10,0.3,Fixed–fixed,3,10.99560784,1248.0389468326807
Aluminum,69000000000.0,2700,0.02,0.004,8e-05,1.0666666666666667e-10,0.3,Fixed–fixed,4,14.13716839,2063.072621790651
Aluminum,69000000000.0,2700,0.02,0.004,8e-05,1.0666666666666667e-10,0.5,Cantilever (fixed-free),1,1.87510407,13.066007631533145
Aluminum,69000000000.0,2700,0.02,0.004,8e-05,1.0666666666666667e-10,0.5,Cantilever (fixed-free),2,4.69409113,81.88327188446509
Aluminum,69000000000.0,2700,0.02,0.004,8e-05,1.0666666666666667e-10,0.5,Cantilever (fixed-free),3,7.85475744,229.27553268842917
Aluminum,69000000000.0,2700,0.02,0.004,8e-05,1.0666666666666667e-10,0.5,Cantilever (fixed-free),4,10.99554073,449.28853648270024
Aluminum,69000000000.0,2700,0.02,0.004,8e-05,1.0666666666666667e-10,0.5,Simply supported,1,3.141592653589793,36.6768390919679
Aluminum,69000000000.0,2700,0.02,0.004,8e-05,1.0666666666666667e-10,0.5,Simply supported,2,6.283185307179586,146.7073563678716
Aluminum,69000000000.0,2700,0.02,0.004,8e-05,1.0666666666666667e-10,0.5,Simply supported,3,9.42477796076938,330.0915518277111
Aluminum,69000000000.0,2700,0.02,0.004,8e-05,1.0666666666666667e-10,0.5,Simply supported,4,12.566370614359172,586.8294254714864
Aluminum,69000000000.0,2700,0.02,0.004,8e-05,1.0666666666666667e-10,0.5,Fixed–fixed,1,4.73004074,83.14227757289319
Aluminum,69000000000.0,2700,0.02,0.004,8e-05,1.0666666666666667e-10,0.5,Fixed–fixed,2,7.85320462,229.18488992983654
Aluminum,69000000000.0,2700,0.02,0.004,8e-05,1.0666666666666667e-10,0.5,Fixed–fixed,3,10.99560784,449.29402085976506
Aluminum,69000000000.0,2700,0.02,0.004,8e-05,1.0666666666666667e-10,0.5,Fixed–fixed,4,14.13716839,742.7061438446343
Aluminum,69000000000.0,2700,0.02,0.004,8e-05,1.0666666666666667e-10,1.0,Cantilever (fixed-free),1,1.87510407,3.266501907883286
Aluminum,69000000000.0,2700,0.02,0.004,8e-05,1.0666666666666667e-10,1.0,Cantilever (fixed-free),2,4.69409113,20.470817971116272
Aluminum,69000000000.0,2700,0.02,0.004,8e-05,1.0666666666666667e-10,1.0,Cantilever (fixed-free),3,7.85475744,57.31888317210729
Aluminum,69000000000.0,2700,0.02,0.004,8e-05,1.0666666666666667e-10,1.0,Cantilever (fixed-free),4,10.99554073,112.32213412067506
Aluminum,69000000000.0,2700,0.02,0.004,8e-05,1.0666666666666667e-10,1.0,Simply supported,1,3.141592653589793,9.169209772991975
Aluminum,69000000000.0,2700,0.02,0.004,8e-05,1.0666666666666667e-10,1.0,Simply supported,2,6.283185307179586,36.6768390919679
Aluminum,69000000000.0,2700,0.02,0.004,8e-05,1.0666666666666667e-10,1.0,Simply supported,3,9.42477796076938,82.52288795692778
Aluminum,69000000000.0,2700,0.02,0.004,8e-05,1.0666666666666667e-10,1.0,Simply supported,4,12.566370614359172,146.7073563678716
Aluminum,69000000000.0,2700,0.02,0.004,8e-05,1.0666666666666667e-10,1.0,Fixed–fixed,1,4.73004074,20.785569393223298
Aluminum,69000000000.0,2700,0.02,0.004,8e-05,1.0666666666666667e-10,1.0,Fixed–fixed,2,7.85320462,57.296222482459136
Aluminum,69000000000.0,2700,0.02,0.004,8e-05,1.0666666666666667e-10,1.0,Fixed–fixed,3,10.99560784,112.32350521494126
Aluminum,69000000000.0,2700,0.02,0.004,8e-05,1.0666666666666667e-10,1.0,Fixed–fixed,4,14.13716839,185.67653596115858
Aluminum,69000000000.0,2700,0.03,0.003,8.999999999999999e-05,6.75e-11,0.3,Cantilever (fixed-free),1,1.87510407,27.220849232360724
Aluminum,69000000000.0,2700,0.03,0.003,8.999999999999999e-05,6.75e-11,0.3,Cantilever (fixed-free),2,4.69409113,170.5901497593023
Aluminum,69000000000.0,2700,0.03,0.003,8.999999999999999e-05,6.75e-11,0.3,Cantilever (fixed-free),3,7.85475744,477.6573597675608
Aluminum,69000000000.0,2700,0.03,0.003,8.999999999999999e-05,6.75e-11,0.3,Cantilever (fixed-free),4,10.99554073,936.017784338959
Aluminum,69000000000.0,2700,0.03,0.003,8.999999999999999e-05,6.75e-11,0.3,Simply supported,1,3.141592653589793,76.4100814415998
Aluminum,69000000000.0,2700,0.03,0.003,8.999999999999999e-05,6.75e-11,0.3,Simply supported,2,6.283185307179586,305.6403257663992
Aluminum,69000000000.0,2700,0.03,0.003,8.999999999999999e-05,6.75e-11,0.3,Simply supported,3,9.42477796076938,687.6907329743983
Aluminum,69000000000.0,2700,0.03,0.003,8.999999999999999e-05,6.75e-11,0.3,Simply supported,4,12.566370614359172,1222.5613030655968
Aluminum,69000000000.0,2700,0.03,0.003,8.999999999999999e-05,6.75e-11,0.3,Fixed–fixed,1,4.73004074,173.21307827686084
Aluminum,69000000000.0,2700,0.03,0.003,8.999999999999999e-05,6.75e-11,0.3,Fixed–fixed,2,7.85320462,477.4685206871596
Aluminum,69000000000.0,2700,0.03,0.003,8.999999999999999e-05,6.75e-11,0.3,Fixed–fixed,3,10.99560784,936.0292101245107
Aluminum,69000000000.0,2700,0.03,0.003,8.999999999999999e-05,6.75e-11,0.3,Fixed–fixed,4,14.13716839,1547.3044663429882
Aluminum,69000000000.0,2700,0.03,0.003,8.999999999999999e-05,6.75e-11,0.5,Cantilever (fixed-free),1,1.87510407,9.79950572364986
Aluminum,69000000000.0,2700,0.03,0.003,8.999999999999999e-05,6.75e-11,0.5,Cantilever (fixed-free),2,4.69409113,61.412453913348834
Aluminum,69000000000.0,2700,0.03,0.003,8.999999999999999e-05,6.75e-11,0.5,Cantilever (fixed-free),3,7.85475744,171.9566495163219
Aluminum,69000000000.0,2700,0.03,0.003,8.999999999999999e-05,6.75e-11,0.5,Cantilever (fixed-free),4,10.99554073,336.96640236202524
Aluminum,69000000000.0,2700,0.03,0.003,8.999999999999999e-05,6.75e-11,0.5,Simply supported,1,3.141592653589793,27.50762931897593
Aluminum,69000000000.0,2700,0.03,0.003,8.999999999999999e-05,6.75e-11,0.5,Simply supported,2,6.283185307179586,110.03051727590372
Aluminum,69000000000.0,2700,0.03,0.003,8.999999999999999e-05,6.75e-11,0.5,Simply supported,3,9.42477796076938,247.56866387078338
Aluminum,69000000000.0,2700,0.03,0.003,8.999999999999999e-05,6.75e-11,0.5,Simply supported,4,12.566370614359172,440.1220691036149
Aluminum,69000000000.0,2700,0.03,0.003,8.999999999999999e-05,6.75e-11,0.5,Fixed–fixed,1,4.73004074,62.3567081796699
Aluminum,69000000000.0,2700,0.03,0.003,8.999999999999999e-05,6.75e-11,0.5,Fixed–fixed,2,7.85320462,171.88866744737743
Aluminum,69000000000.0,2700,0.03,0.003,8.999999999999999e-05,6.75e-11,0.5,Fixed–fixed,3,10.99560784,336.9705156448239
Aluminum,69000000000.0,2700,0.03,0.003,8.999999999999999e-05,6.75e-11,0.5,Fixed–fixed,4,14.13716839,557.0296078834758
Aluminum,69000000000.0,2700,0.03,0.003,8.999999999999999e-05,6.75e-11,1.0,Cantilever (fixed-free),1,1.87510407,2.449876430912465
Aluminum,69000000000.0,2700,0.03,0.003,8.999999999999999e-05,6.75e-11,1.0,Cantilever (fixed-free),2,4.69409113,15.353113478337209
Aluminum,69000000000.0,2700,0.03,0.003,8.999999999999999e-05,6.75e-11,1.0,Cantilever (fixed-free),3,7.85475744,42.989162379080476
Aluminum,69000000000.0,2700,0.03,0.003,8.999999999999999e-05,6.75e-11,1.0,Cantilever (fixed-free),4,10.99554073,84.24160059050631
Aluminum,69000000000.0,2700,0.03,0.003,8.999999999999999e-05,6.75e-11,1.0,Simply supported,1,3.141592653589793,6.8769073297439824
Aluminum,69000000000.0,2700,0.03,0.003,8.999999999999999e-05,6.75e-11,1.0,Simply supported,2,6.283185307179586,27.50762931897593
Aluminum,69000000000.0,2700,0.03,0.003,8.999999999999999e-05,6.75e-11,1.0,Simply supported,3,9.42477796076938,61.892165967695846
Aluminum,69000000000.0,2700,0.03,0.003,8.999999999999999e-05,6.75e-11,1.0,Simply supported,4,12.566370614359172,110.03051727590372
Aluminum,69000000000.0,2700,0.03,0.003,8.999999999999999e-05,6.75e-11,1.0,Fixed–fixed,1,4.73004074,15.589177044917475
Aluminum,69000000000.0,2700,0.03,0.003,8.999999999999999e-05,6.75e-11,1.0,Fixed–fixed,2,7.85320462,42.97216686184436
Aluminum,69000000000.0,2700,0.03,0.003,8.999999999999999e-05,6.75e-11,1.0,Fixed–fixed,3,10.99560784,84.24262891120597
Aluminum,69000000000.0,2700,0.03,0.003,8.999999999999999e-05,6.75e-11,1.0,Fixed–fixed,4,14.13716839,139.25740197086895
Titanium,116000000000.0,4500,0.02,0.002,4e-05,1.3333333333333334e-11,0.3,Cantilever (fixed-free),1,1.87510407,18.225963051629563
Titanium,116000000000.0,4500,0.02,0.002,4e-05,1.3333333333333334e-11,0.3,Cantilever (fixed-free),2,4.69409113,114.22016043455214
Titanium,116000000000.0,4500,0.02,0.002,4e-05,1.3333333333333334e-11,0.3,Cantilever (fixed-free),3,7.85475744,319.81975713354655
Titanium,116000000000.0,4500,0.02,0.002,4e-05,1.3333333333333334e-11,0.3,Cantilever (fixed-free),4,10.99554073,626.7190787254702
Titanium,116000000000.0,4500,0.02,0.002,4e-05,1.3333333333333334e-11,0.3,Simply supported,1,3.141592653589793,51.16105339840004
Titanium,116000000000.0,4500,0.02,0.002,4e-05,1.3333333333333334e-11,0.3,Simply supported,2,6.283185307179586,204.64421359360017
Titanium,116000000000.0,4500,0.02,0.002,4e-05,1.3333333333333334e-11,0.3,Simply supported,3,9.42477796076938,460.44948058560044
Titanium,116000000000.0,4500,0.02,0.002,4e-05,1.3333333333333334e-11,0.3,Simply supported,4,12.566370614359172,818.5768543744007
Titanium,116000000000.0,4500,0.02,0.002,4e-05,1.3333333333333334e-11,0.3,Fixed–fixed,1,4.73004074,115.9763656814941
Titanium,116000000000.0,4500,0.02,0.002,4e-05,1.3333333333333334e-11,0.3,Fixed–fixed,2,7.85320462,319.6933182383924
Titanium,116000000000.0,4500,0.02,0.002,4e-05,1.3333333333333334e-11,0.3,Fixed–fixed,3,10.99560784,626.7267289623721
Titanium,116000000000.0,4500,0.02,0.002,4e-05,1.3333333333333334e-11,0.3,Fixed–fixed,4,14.13716839,1036.0115436686165
Titanium,116000000000.0,4500,0.02,0.002,4e-05,1.3333333333333334e-11,0.5,Cantilever (fixed-free),1,1.87510407,6.561346698586643
Titanium,116000000000.0,4500,0.02,0.002,4e-05,1.3333333333333334e-11,0.5,Cantilever (fixed-free),2,4.69409113,41.11925775643878
Titanium,116000000000.0,4500,0.02,0.002,4e-05,1.3333333333333334e-11,0.5,Cantilever (fixed-free),3,7.85475744,115.13511256807675
Titanium,116000000000.0,4500,0.02,0.002,4e-05,1.3333333333333334e-11,0.5,Cantilever (fixed-free),4,10.99554073,225.61886834116928
Titanium,116000000000.0,4500,0.02,0.002,4e-05,1.3333333333333334e-11,0.5,Simply supported,1,3.141592653589793,18.417979223424016
Titanium,116000000000.0,4500,0.02,0.002,4e-05,1.3333333333333334e-11,0.5,Simply supported,2,6.283185307179586,73.67191689369606
Titanium,116000000000.0,4500,0.02,0.002,4e-05,1.3333333333333334e-11,0.5,Simply supported,3,9.42477796076938,165.76181301081616
Titanium,116000000000.0,4500,0.02,0.002,4e-05,1.3333333333333334e-11,0.5,Simply supported,4,12.566370614359172,294.68766757478426
Titanium,116000000000.0,4500,0.02,0.002,4e-05,1.3333333333333334e-11,0.5,Fixed–fixed,1,4.73004074,41.75149164533787
Titanium,116000000000.0,4500,0.02,0.002,4e-05,1.3333333333333334e-11,0.5,Fixed–fixed,2,7.85320462,115.08959456582126
Titanium,116000000000.0,4500,0.02,0.002,4e-05,1.3333333333333334e-11,0.5,Fixed–fixed,3,10.99560784,225.621622426454
Titanium,116000000000.0,4500,0.02,0.002,4e-05,1.3333333333333334e-11,0.5,Fixed–fixed,4,14.13716839,372.9641557207019
Titanium,116000000000.0,4500,0.02,0.002,4e-05,1.3333333333333334e-11,1.0,Cantilever (fixed-free),1,1.87510407,1.6403366746466608
Titanium,116000000000.0,4500,0.02,0.002,4e-05,1.3333333333333334e-11,1.0,Cantilever (fixed-free),2,4.69409113,10.279814439109694
Titanium,116000000000.0,4500,0.02,0.002,4e-05,1.3333333333333334e-11,1.0,Cantilever (fixed-free),3,7.85475744,28.783778142019187
Titanium,116000000000.0,4500,0.02,0.002,4e-05,1.3333333333333334e-11,1.0,Cantilever (fixed-free),4,10.99554073,56.40471708529232
Titanium,116000000000.0,4500,0.02,0.002,4e-05,1.3333333333333334e-11,1.0,Simply supported,1,3.141592653589793,4.604494805856004
Titanium,116000000000.0,4500,0.02,0.002,4e-05,1.3333333333333334e-11,1.0,Simply supported,2,6.283185307179586,18.417979223424016
Titanium,116000000000.0,4500,0.02,0.002,4e-05,1.3333333333333334e-11,1.0,Simply supported,3,9.42477796076938,41.44045325270404
Titanium,116000000000.0,4500,0.02,0.002,4e-05,1.3333333333333334e-11,1.0,Simply supported,4,12.566370614359172,73.67191689369606
Titanium,116000000000.0,4500,0.02,0.002,4e-05,1.3333333333333334e-11,1.0,Fixed–fixed,1,4.73004074,10.437872911334468
Titanium,116000000000.0,4500,0.02,0.002,4e-05,1.3333333333333334e-11,1.0,Fixed–fixed,2,7.85320462,28.772398641455315
Titanium,116000000000.0,4500,0.02,0.002,4e-05,1.3333333333333334e-11,1.0,Fixed–fixed,3,10.99560784,56.4054056066135
Titanium,116000000000.0,4500,0.02,0.002,4e-05,1.3333333333333334e-11,1.0,Fixed–fixed,4,14.13716839,93.24103893017548
Titanium,116000000000.0,4500,0.02,0.004,8e-05,1.0666666666666667e-10,0.3,Cantilever (fixed-free),1,1.87510407,36.451926103259126
Titanium,116000000000.0,4500,0.02,0.004,8e-05,1.0666666666666667e-10,0.3,Cantilever (fixed-free),2,4.69409113,228.44032086910428
Titanium,116000000000.0,4500,0.02,0.004,8e-05,1.0666666666666667e-10,0.3,Cantilever (fixed-free),3,7.85475744,639.6395142670931
Titanium,116000000000.0,4500,0.02,0.004,8e-05,1.0666666666666667e-10,0.3,Cantilever (fixed-free),4,10.99554073,1253.4381574509405
Titanium,116000000000.0,4500,0.02,0.004,8e-05,1.0666666666666667e-10,0.3,Simply supported,1,3.141592653589793,102.32210679680009
Titanium,116000000000.0,4500,0.02,0.004,8e-05,1.0666666666666667e-10,0.3,Simply supported,2,6.283185307179586,409.28842718720034
Titanium,116000000000.0,4500,0.02,0.004,8e-05,1.0666666666666667e-10,0.3,Simply supported,3,9.42477796076938,920.8989611712009
Titanium,116000000000.0,4500,0.02,0.004,8e-05,1.0666666666666667e-10,0.3,Simply supported,4,12.566370614359172,1637.1537087488014
Titanium,116000000000.0,4500,0.02,0.004,8e-05,1.0666666666666667e-10,0.3,Fixed–fixed,1,4.73004074,231.9527313629882
Titanium,116000000000.0,4500,0.02,0.004,8e-05,1.0666666666666667e-10,0.3,Fixed–fixed,2,7.85320462,639.3866364767848
Titanium,116000000000.0,4500,0.02,0.004,8e-05,1.0666666666666667e-10,0.3,Fixed–fixed,3,10.99560784,1253.4534579247443
Titanium,116000000000.0,4500,0.02,0.004,8e-05,1.0666666666666667e-10,0.3,Fixed–fixed,4,14.13716839,2072.023087337233
Titanium,116000000000.0,4500,0.02,0.004,8e-05,1.0666666666666667e-10,0.5,Cantilever (fixed-free),1,1.87510407,13.122693397173286
Titanium,116000000000.0,4500,0.02,0.004,8e-05,1.0666666666666667e-10,0.5,Cantilever (fixed-free),2,4.69409113,82.23851551287756
Titanium,116000000000.0,4500,0.02,0.004,8e-05,1.0666666666666667e-10,0.5,Cantilever (fixed-free),3,7.85475744,230.2702251361535
Titanium,116000000000.0,4500,0.02,0.004,8e-05,1.0666666666666667e-10,0.5,Cantilever (fixed-free),4,10.99554073,451.23773668233855
Titanium,116000000000.0,4500,0.02,0.004,8e-05,1.0666666666666667e-10,0.5,Simply supported,1,3.141592653589793,36.83595844684803
Titanium,116000000000.0,4500,0.02,0.004,8e-05,1.0666666666666667e-10,0.5,Simply supported,2,6.283185307179586,147.34383378739213
Titanium,116000000000.0,4500,0.02,0.004,8e-05,1.0666666666666667e-10,0.5,Simply supported,3,9.42477796076938,331.5236260216323
Titanium,116000000000.0,4500,0.02,0.004,8e-05,1.0666666666666667e-10,0.5,Simply supported,4,12.566370614359172,589.3753351495685
Titanium,116000000000.0,4500,0.02,0.004,8e-05,1.0666666666666667e-10,0.5,Fixed–fixed,1,4.73004074,83.50298329067574
Titanium,116000000000.0,4500,0.02,0.004,8e-05,1.0666666666666667e-10,0.5,Fixed–fixed,2,7.85320462,230.17918913164252
Titanium,116000000000.0,4500,0.02,0.004,8e-05,1.0666666666666667e-10,0.5,Fixed–fixed,3,10.99560784,451.243244852908
Titanium,116000000000.0,4500,0.02,0.004,8e-05,1.0666666666666667e-10,0.5,Fixed–fixed,4,14.13716839,745.9283114414038
Titanium,116000000000.0,4500,0.02,0.004,8e-05,1.0666666666666667e-10,1.0,Cantilever (fixed-free),1,1.87510407,3.2806733492933216
Titanium,116000000000.0,4500,0.02,0.004,8e-05,1.0666666666666667e-10,1.0,Cantilever (fixed-free),2,4.69409113,20.55962887821939
Titanium,116000000000.0,4500,0.02,0.004,8e-05,1.0666666666666667e-10,1.0,Cantilever (fixed-free),3,7.85475744,57.567556284038375
Titanium,116000000000.0,4500,0.02,0.004,8e-05,1.0666666666666667e-10,1.0,Cantilever (fixed-free),4,10.99554073,112.80943417058464
Titanium,116000000000.0,4500,0.02,0.004,8e-05,1.0666666666666667e-10,1.0,Simply supported,1,3.141592653589793,9.208989611712008
Titanium,116000000000.0,4500,0.02,0.004,8e-05,1.0666666666666667e-10,1.0,Simply supported,2,6.283185307179586,36.83595844684803
Titanium,116000000000.0,4500,0.02,0.004,8e-05,1.0666666666666667e-10,1.0,Simply supported,3,9.42477796076938,82.88090650540808
Titanium,116000000000.0,4500,0.02,0.004,8e-05,1.0666666666666667e-10,1.0,Simply supported,4,12.566370614359172,147.34383378739213
Titanium,116000000000.0,4500,0.02,0.004,8e-05,1.0666666666666667e-10,1.0,Fixed–fixed,1,4.73004074,20.875745822668936
Titanium,116000000000.0,4500,0.02,0.004,8e-05,1.0666666666666667e-10,1.0,Fixed–fixed,2,7.85320462,57.54479728291063
Titanium,116000000000.0,4500,0.02,0.004,8e-05,1.0666666666666667e-10,1.0,Fixed–fixed,3,10.99560784,112.810811213227
Titanium,116000000000.0,4500,0.02,0.004,8e-05,1.0666666666666667e-10,1.0,Fixed–fixed,4,14.13716839,186.48207786035096
Titanium,116000000000.0,4500,0.03,0.003,8.999999999999999e-05,6.75e-11,0.3,Cantilever (fixed-free),1,1.87510407,27.338944577444344
Titanium,116000000000.0,4500,0.03,0.003,8.999999999999999e-05,6.75e-11,0.3,Cantilever (fixed-free),2,4.69409113,171.33024065182823
Titanium,116000000000.0,4500,0.03,0.003,8.999999999999999e-05,6.75e-11,0.3,Cantilever (fixed-free),3,7.85475744,479.7296357003198
Titanium,116000000000.0,4500,0.03,0.003,8.999999999999999e-05,6.75e-11,0.3,Cantilever (fixed-free),4,10.99554073,940.0786180882053
Titanium,116000000000.0,4500,0.03,0.003,8.999999999999999e-05,6.75e-11,0.3,Simply supported,1,3.141592653589793,76.74158009760006
Titanium,116000000000.0,4500,0.03,0.003,8.999999999999999e-05,6.75e-11,0.3,Simply supported,2,6.283185307179586,306.96632039040026
Titanium,116000000000.0,4500,0.03,0.003,8.999999999999999e-05,6.75e-11,0.3,Simply supported,3,9.42477796076938,690.6742208784007
Titanium,116000000000.0,4500,0.03,0.003,8.999999999999999e-05,6.75e-11,0.3,Simply supported,4,12.566370614359172,1227.865281561601
Titanium,116000000000.0,4500,0.03,0.003,8.999999999999999e-05,6.75e-11,0.3,Fixed–fixed,1,4.73004074,173.96454852224116
Titanium,116000000000.0,4500,0.03,0.003,8.999999999999999e-05,6.75e-11,0.3,Fixed–fixed,2,7.85320462,479.53997735758855
Titanium,116000000000.0,4500,0.03,0.003,8.999999999999999e-05,6.75e-11,0.3,Fixed–fixed,3,10.99560784,940.0900934435583
Titanium,116000000000.0,4500,0.03,0.003,8.999999999999999e-05,6.75e-11,0.3,Fixed–fixed,4,14.13716839,1554.0173155029245
Titanium,116000000000.0,4500,0.03,0.003,8.999999999999999e-05,6.75e-11,0.5,Cantilever (fixed-free),1,1.87510407,9.842020047879965
Titanium,116000000000.0,4500,0.03,0.003,8.999999999999999e-05,6.75e-11,0.5,Cantilever (fixed-free),2,4.69409113,61.67888663465817
Titanium,116000000000.0,4500,0.03,0.003,8.999999999999999e-05,6.75e-11,0.5,Cantilever (fixed-free),3,7.85475744,172.70266885211512
Titanium,116000000000.0,4500,0.03,0.003,8.999999999999999e-05,6.75e-11,0.5,Cantilever (fixed-free),4,10.99554073,338.4283025117539
Titanium,116000000000.0,4500,0.03,0.003,8.999999999999999e-05,6.75e-11,0.5,Simply supported,1,3.141592653589793,27.626968835136026
Titanium,116000000000.0,4500,0.03,0.003,8.999999999999999e-05,6.75e-11,0.5,Simply supported,2,6.283185307179586,110.5078753405441
Titanium,116000000000.0,4500,0.03,0.003,8.999999999999999e-05,6.75e-11,0.5,Simply supported,3,9.42477796076938,248.64271951622422
Titanium,116000000000.0,4500,0.03,0.003,8.999999999999999e-05,6.75e-11,0.5,Simply supported,4,12.566370614359172,442.0315013621764
Titanium,116000000000.0,4500,0.03,0.003,8.999999999999999e-05,6.75e-11,0.5,Fixed–fixed,1,4.73004074,62.62723746800681
Titanium,116000000000.0,4500,0.03,0.003,8.999999999999999e-05,6.75e-11,0.5,Fixed–fixed,2,7.85320462,172.6343918487319
Titanium,116000000000.0,4500,0.03,0.003,8.999999999999999e-05,6.75e-11,0.5,Fixed–fixed,3,10.99560784,338.432433639681
Titanium,116000000000.0,4500,0.03,0.003,8.999999999999999e-05,6.75e-11,0.5,Fixed–fixed,4,14.13716839,559.4462335810529
Titanium,116000000000.0,4500,0.03,0.003,8.999999999999999e-05,6.75e-11,1.0,Cantilever (fixed-free),1,1.87510407,2.460505011969991
Titanium,116000000000.0,4500,0.03,0.003,8.999999999999999e-05,6.75e-11,1.0,Cantilever (fixed-free),2,4.69409113,15.419721658664542
Titanium,116000000000.0,4500,0.03,0.003,8.999999999999999e-05,6.75e-11,1.0,Cantilever (fixed-free),3,7.85475744,43.17566721302878
Titanium,116000000000.0,4500,0.03,0.003,8.999999999999999e-05,6.75e-11,1.0,Cantilever (fixed-free),4,10.99554073,84.60707562793847
Titanium,116000000000.0,4500,0.03,0.003,8.999999999999999e-05,6.75e-11,1.0,Simply supported,1,3.141592653589793,6.9067422087840065
Titanium,116000000000.0,4500,0.03,0.003,8.999999999999999e-05,6.75e-11,1.0,Simply supported,2,6.283185307179586,27.626968835136026
Titanium,116000000000.0,4500,0.03,0.003,8.999999999999999e-05,6.75e-11,1.0,Simply supported,3,9.42477796076938,62.160679879056055
Titanium,116000000000.0,4500,0.03,0.003,8.999999999999999e-05,6.75e-11,1.0,Simply supported,4,12.566370614359172,110.5078753405441
Titanium,116000000000.0,4500,0.03,0.003,8.999999999999999e-05,6.75e-11,1.0,Fixed–fixed,1,4.73004074,15.656809367001703
Titanium,116000000000.0,4500,0.03,0.003,8.999999999999999e-05,6.75e-11,1.0,Fixed–fixed,2,7.85320462,43.158597962182974
Titanium,116000000000.0,4500,0.03,0.003,8.999999999999999e-05,6.75e-11,1.0,Fixed–fixed,3,10.99560784,84.60810840992025
Titanium,116000000000.0,4500,0.03,0.003,8.999999999999999e-05,6.75e-11,1.0,Fixed–fixed,4,14.13716839,139.86155839526322
Wood (spruce),10000000000.0,600,0.02,0.002,4e-05,1.3333333333333334e-11,0.3,Cantilever (fixed-free),1,1.87510407,14.65521258535692
Wood (spruce),10000000000.0,600,0.02,0.002,4e-05,1.3333333333333334e-11,0.3,Cantilever (fixed-free),2,4.69409113,91.84264929980047
Wood (spruce),10000000000.0,600,0.02,0.002,4e-05,1.3333333333333334e-11,0.3,Cantilever (fixed-free),3,7.85475744,257.16207788374084
Wood (spruce),10000000000.0,600,0.02,0.002,4e-05,1.3333333333333334e-11,0.3,Cantilever (fixed-free),4,10.99554073,503.9350350926785
Wood (spruce),10000000000.0,600,0.02,0.002,4e-05,1.3333333333333334e-11,0.3,Simply supported,1,3.141592653589793,41.137804982947834
Wood (spruce),10000000000.0,600,0.02,0.002,4e-05,1.3333333333333334e-11,0.3,Simply supported,2,6.283185307179586,164.55121993179134
Wood (spruce),10000000000.0,600,0.02,0.002,4e-05,1.3333333333333334e-11,0.3,Simply supported,3,9.42477796076938,370.2402448465305
Wood (spruce),10000000000.0,600,0.02,0.002,4e-05,1.3333333333333334e-11,0.3,Simply supported,4,12.566370614359172,658.2048797271653
Wood (spruce),10000000000.0,600,0.02,0.002,4e-05,1.3333333333333334e-11,0.3,Fixed–fixed,1,4.73004074,93.25478654404625
Wood (spruce),10000000000.0,600,0.02,0.002,4e-05,1.3333333333333334e-11,0.3,Fixed–fixed,2,7.85320462,257.0604103404515
Wood (spruce),10000000000.0,600,0.02,0.002,4e-05,1.3333333333333334e-11,0.3,Fixed–fixed,3,10.99560784,503.9411865288363
Wood (spruce),10000000000.0,600,0.02,0.002,4e-05,1.3333333333333334e-11,0.3,Fixed–fixed,4,14.13716839,833.0407216528328
Wood (spruce),10000000000.0,600,0.02,0.002,4e-05,1.3333333333333334e-11,0.5,Cantilever (fixed-free),1,1.87510407,5.275876530728492
Wood (spruce),10000000000.0,600,0.02,0.002,4e-05,1.3333333333333334e-11,0.5,Cantilever (fixed-free),2,4.69409113,33.063353747928176
Wood (spruce),10000000000.0,600,0.02,0.002,4e-05,1.3333333333333334e-11,0.5,Cantilever (fixed-free),3,7.85475744,92.57834803814671
Wood (spruce),10000000000.0,600,0.02,0.002,4e-05,1.3333333333333334e-11,0.5,Cantilever (fixed-free),4,10.99554073,181.41661263336425
Wood (spruce),10000000000.0,600,0.02,0.002,4e-05,1.3333333333333334e-11,0.5,Simply supported,1,3.141592653589793,14.80960979386122
Wood (spruce),10000000000.0,600,0.02,0.002,4e-05,1.3333333333333334e-11,0.5,Simply supported,2,6.283185307179586,59.23843917544488
Wood (spruce),10000000000.0,600,0.02,0.002,4e-05,1.3333333333333334e-11,0.5,Simply supported,3,9.42477796076938,133.286488144751
Wood (spruce),10000000000.0,600,0.02,0.002,4e-05,1.3333333333333334e-11,0.5,Simply supported,4,12.566370614359172,236.95375670177953
Wood (spruce),10000000000.0,600,0.02,0.002,4e-05,1.3333333333333334e-11,0.5,Fixed–fixed,1,4.73004074,33.571723155856645
Wood (spruce),10000000000.0,600,0.02,0.002,4e-05,1.3333333333333334e-11,0.5,Fixed–fixed,2,7.85320462,92.54174772256253
Wood (spruce),10000000000.0,600,0.02,0.002,4e-05,1.3333333333333334e-11,0.5,Fixed–fixed,3,10.99560784,181.41882715038108
Wood (spruce),10000000000.0,600,0.02,0.002,4e-05,1.3333333333333334e-11,0.5,Fixed–fixed,4,14.13716839,299.89465979501983
Wood (spruce),10000000000.0,600,0.02,0.002,4e-05,1.3333333333333334e-11,1.0,Cantilever (fixed-free),1,1.87510407,1.318969132682123
Wood (spruce),10000000000.0,600,0.02,0.002,4e-05,1.3333333333333334e-11,1.0,Cantilever (fixed-free),2,4.69409113,8.265838436982044
Wood (spruce),10000000000.0,600,0.02,0.002,4e-05,1.3333333333333334e-11,1.0,Cantilever (fixed-free),3,7.85475744,23.14458700953668
Wood (spruce),10000000000.0,600,0.02,0.002,4e-05,1.3333333333333334e-11,1.0,Cantilever (fixed-free),4,10.99554073,45.35415315834106
Wood (spruce),10000000000.0,600,0.02,0.002,4e-05,1.3333333333333334e-11,1.0,Simply supported,1,3.141592653589793,3.702402448465305
Wood (spruce),10000000000.0,600,0.02,0.002,4e-05,1.3333333333333334e-11,1.0,Simply supported,2,6.283185307179586,14.80960979386122
Wood (spruce),10000000000.0,600,0.02,0.002,4e-05,1.3333333333333334e-11,1.0,Simply supported,3,9.42477796076938,33.32162203618775
Wood (spruce),10000000000.0,600,0.02,0.002,4e-05,1.3333333333333334e-11,1.0,Simply supported,4,12.566370614359172,59.23843917544488
Wood (spruce),10000000000.0,600,0.02,0.002,4e-05,1.3333333333333334e-11,1.0,Fixed–fixed,1,4.73004074,8.392930788964161
Wood (spruce),10000000000.0,600,0.02,0.002,4e-05,1.3333333333333334e-11,1.0,Fixed–fixed,2,7.85320462,23.135436930640633
Wood (spruce),10000000000.0,600,0.02,0.002,4e-05,1.3333333333333334e-11,1.0,Fixed–fixed,3,10.99560784,45.35470678759527
Wood (spruce),10000000000.0,600,0.02,0.002,4e-05,1.3333333333333334e-11,1.0,Fixed–fixed,4,14.13716839,74.97366494875496
Wood (spruce),10000000000.0,600,0.02,0.004,8e-05,1.0666666666666667e-10,0.3,Cantilever (fixed-free),1,1.87510407,29.31042517071384
Wood (spruce),10000000000.0,600,0.02,0.004,8e-05,1.0666666666666667e-10,0.3,Cantilever (fixed-free),2,4.69409113,183.68529859960094
Wood (spruce),10000000000.0,600,0.02,0.004,8e-05,1.0666666666666667e-10,0.3,Cantilever (fixed-free),3,7.85475744,514.3241557674817
Wood (spruce),10000000000.0,600,0.02,0.004,8e-05,1.0666666666666667e-10,0.3,Cantilever (fixed-free),4,10.99554073,1007.870070185357
Wood (spruce),10000000000.0,600,0.02,0.004,8e-05,1.0666666666666667e-10,0.3,Simply supported,1,3.141592653589793,82.27560996589567
Wood (spruce),10000000000.0,600,0.02,0.004,8e-05,1.0666666666666667e-10,0.3,Simply supported,2,6.283185307179586,329.1024398635827
Wood (spruce),10000000000.0,600,0.02,0.004,8e-05,1.0666666666666667e-10,0.3,Simply supported,3,9.42477796076938,740.480489693061
Wood (spruce),10000000000.0,600,0.02,0.004,8e-05,1.0666666666666667e-10,0.3,Simply supported,4,12.566370614359172,1316.4097594543307
Wood (spruce),10000000000.0,600,0.02,0.004,8e-05,1.0666666666666667e-10,0.3,Fixed–fixed,1,4.73004074,186.5095730880925
Wood (spruce),10000000000.0,600,0.02,0.004,8e-05,1.0666666666666667e-10,0.3,Fixed–fixed,2,7.85320462,514.120820680903
Wood (spruce),10000000000.0,600,0.02,0.004,8e-05,1.0666666666666667e-10,0.3,Fixed–fixed,3,10.99560784,1007.8823730576726
Wood (spruce),10000000000.0,600,0.02,0.004,8e-05,1.0666666666666667e-10,0.3,Fixed–fixed,4,14.13716839,1666.0814433056655
Wood (spruce),10000000000.0,600,0.02,0.004,8e-05,1.0666666666666667e-10,0.5,Cantilever (fixed-free),1,1.87510407,10.551753061456983
Wood (spruce),10000000000.0,600,0.02,0.004,8e-05,1.0666666666666667e-10,0.5,Cantilever (fixed-free),2,4.69409113,66.12670749585635
Wood (spruce),10000000000.0,600,0.02,0.004,8e-05,1.0666666666666667e-10,0.5,Cantilever (fixed-free),3,7.85475744,185.15669607629343
Wood (spruce),10000000000.0,600,0.02,0.004,8e-05,1.0666666666666667e-10,0.5,Cantilever (fixed-free),4,10.99554073,362.8332252667285
Wood (spruce),10000000000.0,600,0.02,0.004,8e-05,1.0666666666666667e-10,0.5,Simply supported,1,3.141592653589793,29.61921958772244
Wood (spruce),10000000000.0,600,0.02,0.004,8e-05,1.0666666666666667e-10,0.5,Simply supported,2,6.283185307179586,118.47687835088976
Wood (spruce),10000000000.0,600,0.02,0.004,8e-05,1.0666666666666667e-10,0.5,Simply supported,3,9.42477796076938,266.572976289502
Wood (spruce),10000000000.0,600,0.02,0.004,8e-05,1.0666666666666667e-10,0.5,Simply supported,4,12.566370614359172,473.90751340355905
Wood (spruce),10000000000.0,600,0.02,0.004,8e-05,1.0666666666666667e-10,0.5,Fixed–fixed,1,4.73004074,67.14344631171329
Wood (spruce),10000000000.0,600,0.02,0.004,8e-05,1.0666666666666667e-10,0.5,Fixed–fixed,2,7.85320462,185.08349544512507
Wood (spruce),10000000000.0,600,0.02,0.004,8e-05,1.0666666666666667e-10,0.5,Fixed–fixed,3,10.99560784,362.83765430076215
Wood (spruce),10000000000.0,600,0.02,0.004,8e-05,1.0666666666666667e-10,0.5,Fixed–fixed,4,14.13716839,599.7893195900397
Wood (spruce),10000000000.0,600,0.02,0.004,8e-05,1.0666666666666667e-10,1.0,Cantilever (fixed-free),1,1.87510407,2.637938265364246
Wood (spruce),10000000000.0,600,0.02,0.004,8e-05,1.0666666666666667e-10,1.0,Cantilever (fixed-free),2,4.69409113,16.531676873964088
Wood (spruce),10000000000.0,600,0.02,0.004,8e-05,1.0666666666666667e-10,1.0,Cantilever (fixed-free),3,7.85475744,46.28917401907336
Wood (spruce),10000000000.0,600,0.02,0.004,8e-05,1.0666666666666667e-10,1.0,Cantilever (fixed-free),4,10.99554073,90.70830631668213
Wood (spruce),10000000000.0,600,0.02,0.004,8e-05,1.0666666666666667e-10,1.0,Simply supported,1,3.141592653589793,7.40480489693061
Wood (spruce),10000000000.0,600,0.02,0.004,8e-05,1.0666666666666667e-10,1.0,Simply supported,2,6.283185307179586,29.61921958772244
Wood (spruce),10000000000.0,600,0.02,0.004,8e-05,1.0666666666666667e-10,1.0,Simply supported,3,9.42477796076938,66.6432440723755
Wood (spruce),10000000000.0,600,0.02,0.004,8e-05,1.0666666666666667e-10,1.0,Simply supported,4,12.566370614359172,118.47687835088976
Wood (spruce),10000000000.0,600,0.02,0.004,8e-05,1.0666666666666667e-10,1.0,Fixed–fixed,1,4.73004074,16.785861577928323
Wood (spruce),10000000000.0,600,0.02,0.004,8e-05,1.0666666666666667e-10,1.0,Fixed–fixed,2,7.85320462,46.27087386128127
Wood (spruce),10000000000.0,600,0.02,0.004,8e-05,1.0666666666666667e-10,1.0,Fixed–fixed,3,10.99560784,90.70941357519054
Wood (spruce),10000000000.0,600,0.02,0.004,8e-05,1.0666666666666667e-10,1.0,Fixed–fixed,4,14.13716839,149.94732989750992
Wood (spruce),10000000000.0,600,0.03,0.003,8.999999999999999e-05,6.75e-11,0.3,Cantilever (fixed-free),1,1.87510407,21.98281887803538
Wood (spruce),10000000000.0,600,0.03,0.003,8.999999999999999e-05,6.75e-11,0.3,Cantilever (fixed-free),2,4.69409113,137.7639739497007
Wood (spruce),10000000000.0,600,0.03,0.003,8.999999999999999e-05,6.75e-11,0.3,Cantilever (fixed-free),3,7.85475744,385.7431168256113
Wood (spruce),10000000000.0,600,0.03,0.003,8.999999999999999e-05,6.75e-11,0.3,Cantilever (fixed-free),4,10.99554073,755.9025526390177
Wood (spruce),10000000000.0,600,0.03,0.003,8.999999999999999e-05,6.75e-11,0.3,Simply supported,1,3.141592653589793,61.70670747442175
Wood (spruce),10000000000.0,600,0.03,0.003,8.999999999999999e-05,6.75e-11,0.3,Simply supported,2,6.283185307179586,246.826829897687
Wood (spruce),10000000000.0,600,0.03,0.003,8.999999999999999e-05,6.75e-11,0.3,Simply supported,3,9.42477796076938,555.3603672697958
Wood (spruce),10000000000.0,600,0.03,0.003,8.999999999999999e-05,6.75e-11,0.3,Simply supported,4,12.566370614359172,987.307319590748
Wood (spruce),10000000000.0,600,0.03,0.003,8.999999999999999e-05,6.75e-11,0.3,Fixed–fixed,1,4.73004074,139.88217981606937
Wood (spruce),10000000000.0,600,0.03,0.003,8.999999999999999e-05,6.75e-11,0.3,Fixed–fixed,2,7.85320462,385.59061551067725
Wood (spruce),10000000000.0,600,0.03,0.003,8.999999999999999e-05,6.75e-11,0.3,Fixed–fixed,3,10.99560784,755.9117797932545
Wood (spruce),10000000000.0,600,0.03,0.003,8.999999999999999e-05,6.75e-11,0.3,Fixed–fixed,4,14.13716839,1249.561082479249
Wood (spruce),10000000000.0,600,0.03,0.003,8.999999999999999e-05,6.75e-11,0.5,Cantilever (fixed-free),1,1.87510407,7.913814796092737
Wood (spruce),10000000000.0,600,0.03,0.003,8.999999999999999e-05,6.75e-11,0.5,Cantilever (fixed-free),2,4.69409113,49.59503062189226
Wood (spruce),10000000000.0,600,0.03,0.003,8.999999999999999e-05,6.75e-11,0.5,Cantilever (fixed-free),3,7.85475744,138.86752205722007
Wood (spruce),10000000000.0,600,0.03,0.003,8.999999999999999e-05,6.75e-11,0.5,Cantilever (fixed-free),4,10.99554073,272.1249189500464
Wood (spruce),10000000000.0,600,0.03,0.003,8.999999999999999e-05,6.75e-11,0.5,Simply supported,1,3.141592653589793,22.21441469079183
Wood (spruce),10000000000.0,600,0.03,0.003,8.999999999999999e-05,6.75e-11,0.5,Simply supported,2,6.283185307179586,88.85765876316732
Wood (spruce),10000000000.0,600,0.03,0.003,8.999999999999999e-05,6.75e-11,0.5,Simply supported,3,9.42477796076938,199.92973221712649
Wood (spruce),10000000000.0,600,0.03,0.003,8.999999999999999e-05,6.75e-11,0.5,Simply supported,4,12.566370614359172,355.4306350526693
Wood (spruce),10000000000.0,600,0.03,0.003,8.999999999999999e-05,6.75e-11,0.5,Fixed–fixed,1,4.73004074,50.357584733784975
Wood (spruce),10000000000.0,600,0.03,0.003,8.999999999999999e-05,6.75e-11,0.5,Fixed–fixed,2,7.85320462,138.8126215838438
Wood (spruce),10000000000.0,600,0.03,0.003,8.999999999999999e-05,6.75e-11,0.5,Fixed–fixed,3,10.99560784,272.12824072557163
Wood (spruce),10000000000.0,600,0.03,0.003,8.999999999999999e-05,6.75e-11,0.5,Fixed–fixed,4,14.13716839,449.84198969252975
Wood (spruce),10000000000.0,600,0.03,0.003,8.999999999999999e-05,6.75e-11,1.0,Cantilever (fixed-free),1,1.87510407,1.9784536990231842
Wood (spruce),10000000000.0,600,0.03,0.003,8.999999999999999e-05,6.75e-11,1.0,Cantilever (fixed-free),2,4.69409113,12.398757655473066
Wood (spruce),10000000000.0,600,0.03,0.003,8.999999999999999e-05,6.75e-11,1.0,Cantilever (fixed-free),3,7.85475744,34.71688051430502
Wood (spruce),10000000000.0,600,0.03,0.003,8.999999999999999e-05,6.75e-11,1.0,Cantilever (fixed-free),4,10.99554073,68.0312297375116
Wood (spruce),10000000000.0,600,0.03,0.003,8.999999999999999e-05,6.75e-11,1.0,Simply supported,1,3.141592653589793,5.553603672697958
Wood (spruce),10000000000.0,600,0.03,0.003,8.999999999999999e-05,6.75e-11,1.0,Simply supported,2,6.283185307179586,22.21441469079183
Wood (spruce),10000000000.0,600,0.03,0.003,8.999999999999999e-05,6.75e-11,1.0,Simply supported,3,9.42477796076938,49.98243305428162
Wood (spruce),10000000000.0,600,0.03,0.003,8.999999999999999e-05,6.75e-11,1.0,Simply supported,4,12.566370614359172,88.85765876316732
Wood (spruce),10000000000.0,600,0.03,0.003,8.999999999999999e-05,6.75e-11,1.0,Fixed–fixed,1,4.73004074,12.589396183446244
Wood (spruce),10000000000.0,600,0.03,0.003,8.999999999999999e-05,6.75e-11,1.0,Fixed–fixed,2,7.85320462,34.70315539596095
Wood (spruce),10000000000.0,600,0.03,0.003,8.999999999999999e-05,6.75e-11,1.0,Fixed–fixed,3,10.99560784,68.03206018139291
Wood (spruce),10000000000.0,600,0.03,0.003,8.999999999999999e-05,6.75e-11,1.0,Fixed–fixed,4,14.13716839,112.46049742313244
