z,rho_bh,rho_de,rho_dm,w_proxy
6.0,4.001027310623796e-05,1.0,0.3,-0.9999999999978899
5.9750000000000005,3.988661852054149e-05,1.0000000000000075,0.2999999999999958,-0.9999999999978937
5.95,3.976313000154553e-05,1.000000000000015,0.29999999999999166,-0.9999999999979012
5.925000000000001,3.963982666996601e-05,1.0000000000000226,0.29999999999998755,-0.9999999999979088
5.9,3.951672966944595e-05,1.0000000000000302,0.2999999999999835,-0.9999999999979163
5.875,3.939386235854024e-05,1.0000000000000377,0.29999999999997945,-0.9999999999979543
5.8500000000000005,3.92712505183392e-05,1.000000000000045,0.29999999999997545,-0.9999999999979923
5.825,3.9148922576716206e-05,1.0000000000000524,0.29999999999997146,-0.9999999999979996
5.800000000000001,3.902690985021607e-05,1.0000000000000597,0.2999999999999675,-0.9999999999980069
5.775,3.890524680462799e-05,1.000000000000067,0.2999999999999636,-0.9999999999980442
5.75,3.8783971335312284e-05,1.0000000000000742,0.2999999999999597,-0.9999999999980815
5.7250000000000005,3.866312506837034e-05,1.0000000000000813,0.2999999999999558,-0.9999999999980886
5.7,3.854275368376362e-05,1.0000000000000884,0.29999999999995197,-0.9999999999980957
5.675000000000001,3.842290726149858e-05,1.0000000000000955,0.29999999999994814,-0.9999999999981324
5.65,3.830364065199913e-05,1.0000000000001024,0.29999999999994437,-0.999999999998169
5.625,3.818501387178698e-05,1.0000000000001092,0.2999999999999406,-0.9999999999981759
5.6000000000000005,3.806709252558051e-05,1.0000000000001161,0.2999999999999369,-0.9999999999981828
5.575,3.794994825590558e-05,1.000000000000123,0.29999999999993315,-0.9999999999981897
5.550000000000001,3.7833659221284794e-05,1.00000000000013,0.29999999999992943,-0.9999999999982255
5.525,3.7718310604034484e-05,1.0000000000001366,0.29999999999992577,-0.9999999999982614
5.5,3.760399514865117e-05,1.0000000000001432,0.2999999999999221,-0.999999999998268
5.4750000000000005,3.74908137317086e-05,1.0000000000001499,0.2999999999999185,-0.9999999999982747
5.45,3.7378875964113725e-05,1.0000000000001565,0.2999999999999149,-0.9999999999982814
5.425000000000001,3.726830082648316e-05,1.0000000000001632,0.29999999999991134,-0.9999999999983165
5.4,3.7159217338299147e-05,1.0000000000001696,0.2999999999999078,-0.9999999999983515
5.375,3.7051765261387016e-05,1.000000000000176,0.2999999999999043,-0.999999999998358
5.3500000000000005,3.69460958381208e-05,1.0000000000001825,0.2999999999999008,-0.9999999999983644
5.325,3.684237256461208e-05,1.000000000000189,0.2999999999998973,-0.9999999999983709
5.300000000000001,3.6740771998965646e-05,1.0000000000001954,0.29999999999989385,-0.9999999999984052
5.275,3.6641484604495804e-05,1.0000000000002016,0.2999999999998904,-0.9999999999984395
5.25,3.654471562758661e-05,1.0000000000002078,0.299999999999887,-0.9999999999984457
5.2250000000000005,3.645068600964825e-05,1.000000000000214,0.29999999999988364,-0.9999999999984519
5.2,3.635963333236952e-05,1.0000000000002203,0.29999999999988025,-0.9999999999984581
5.175000000000001,3.6271812795192166e-05,1.0000000000002265,0.2999999999998769,-0.9999999999984643
5.15,3.618749822363658e-05,1.0000000000002327,0.2999999999998736,-0.9999999999984978
5.125,3.610698310679019e-05,1.0000000000002387,0.29999999999987026,-0.9999999999985312
5.1000000000000005,3.603058166192899e-05,1.0000000000002447,0.299999999999867,-0.9999999999985372
5.075,3.595862992388019e-05,1.0000000000002507,0.2999999999998637,-0.9999999999985432
5.050000000000001,3.589148685634955e-05,1.0000000000002567,0.29999999999986043,-0.9999999999985492
5.025,3.582953548203149e-05,1.0000000000002627,0.29999999999985716,-0.9999999999985552
5.0,3.5773184027894565e-05,1.0000000000002687,0.29999999999985394,-0.9999999999985612
4.9750000000000005,3.572286708158977e-05,1.0000000000002747,0.2999999999998507,-0.9999999999985671
4.95,3.567904675446658e-05,1.0000000000002807,0.2999999999998475,-0.9999999999985731
4.925000000000001,3.564221384620254e-05,1.0000000000002867,0.2999999999998443,-0.9999999999985791
4.9,3.561288900555878e-05,1.0000000000002927,0.29999999999984106,-0.9999999999986112
4.875,3.559162388126824e-05,1.0000000000002984,0.29999999999983784,-0.9999999999986433
4.8500000000000005,3.557900225654828e-05,1.0000000000003042,0.2999999999998346,-0.9999999999986491
4.825,3.557564116020688e-05,1.00000000000031,0.2999999999998314,-0.9999999999986549
4.800000000000001,3.558219194678605e-05,1.0000000000003157,0.29999999999982824,-0.9999999999986606
4.775,3.559934133765991e-05,1.0000000000003215,0.299999999999825,-0.9999999999986664
4.75,3.562781241448202e-05,1.0000000000003273,0.2999999999998218,-0.9999999999986467
4.7250000000000005,3.566836555586202e-05,1.0000000000003333,0.2999999999998186,-0.9999999999986271
4.7,3.572179930764846e-05,1.0000000000003393,0.29999999999981536,-0.9999999999986331
4.675,3.57889511767086e-05,1.0000000000003453,0.29999999999981214,-0.9999999999986391
4.65,3.5870698337632005e-05,1.0000000000003513,0.2999999999998089,-0.9999999999986451
4.625,3.59679582413474e-05,1.0000000000003573,0.29999999999980564,-0.9999999999986511
4.6000000000000005,3.6081689114237755e-05,1.0000000000003633,0.29999999999980237,-0.9999999999986571
4.575,3.621289033597282e-05,1.0000000000003693,0.2999999999997991,-0.9999999999986384
4.55,3.636260268395626e-05,1.0000000000003755,0.29999999999979576,-0.9999999999986198
4.525,3.653190843201385e-05,1.0000000000003817,0.29999999999979243,-0.999999999998626
4.5,3.6721931290734216e-05,1.000000000000388,0.29999999999978905,-0.9999999999986322
4.4750000000000005,3.693383617672247e-05,1.0000000000003941,0.2999999999997856,-0.9999999999986142
4.45,3.7168828797944764e-05,1.0000000000004006,0.2999999999997821,-0.9999999999985962
4.425,3.742815504233498e-05,1.000000000000407,0.2999999999997786,-0.9999999999985787
4.4,3.771310015691008e-05,1.0000000000004137,0.299999999999775,-0.9999999999985612
4.375,3.8024987704803105e-05,1.0000000000004203,0.29999999999977134,-0.999999999998544
4.3500000000000005,3.836517828787932e-05,1.0000000000004272,0.2999999999997676,-0.999999999998527
4.325,3.873506802295622e-05,1.000000000000434,0.29999999999976384,-0.9999999999985103
4.3,3.913608676010716e-05,1.0000000000004412,0.29999999999975996,-0.9999999999984702
4.275,3.9569696032097355e-05,1.0000000000004485,0.299999999999756,-0.9999999999984306
4.25,4.003738672468149e-05,1.000000000000456,0.29999999999975197,-0.9999999999983914
4.2250000000000005,4.054067645829023e-05,1.0000000000004639,0.2999999999997478,-0.9999999999983527
4.2,4.108110667255073e-05,1.0000000000004718,0.2999999999997435,-0.9999999999983143
4.175,4.166023940612458e-05,1.00000000000048,0.2999999999997391,-0.9999999999982765
4.15,4.227965376550955e-05,1.0000000000004885,0.29999999999973453,-0.9999999999982391
4.125,4.294094207773709e-05,1.0000000000004972,0.2999999999997298,-0.9999999999982021
4.1000000000000005,4.364570572330609e-05,1.000000000000506,0.29999999999972493,-0.999999999998143
4.075,4.439555064722528e-05,1.0000000000005154,0.2999999999997199,-0.999999999998062
4.05,4.519208254768494e-05,1.0000000000005251,0.2999999999997146,-0.9999999999980042
4.025,4.6036901743645524e-05,1.0000000000005351,0.2999999999997091,-0.9999999999979472
4.0,4.6931597724506e-05,1.0000000000005456,0.2999999999997034,-0.9999999999978465
3.975,4.7877743386995023e-05,1.0000000000005567,0.2999999999996974,-0.9999999999977467
3.95,4.887688896650773e-05,1.0000000000005682,0.2999999999996911,-0.9999999999976701
3.9250000000000003,4.993055567227585e-05,1.0000000000005802,0.2999999999996846,-0.9999999999975726
3.9000000000000004,5.1040229038006415e-05,1.0000000000005929,0.2999999999996777,-0.9999999999974544
3.875,5.220735200193739e-05,1.0000000000006062,0.2999999999996705,-0.9999999999973375
3.85,5.343331773262881e-05,1.0000000000006202,0.29999999999966287,-0.9999999999972219
3.825,5.471946221921995e-05,1.0000000000006348,0.2999999999996548,-0.9999999999970863
3.8000000000000003,5.6067056647322524e-05,1.0000000000006504,0.2999999999996463,-0.9999999999969309
3.7750000000000004,5.7477299584171495e-05,1.0000000000006668,0.2999999999996374,-0.9999999999967772
3.75,5.895130899910182e-05,1.0000000000006841,0.2999999999996279,-0.9999999999966044
3.725,6.049011414784307e-05,1.0000000000007025,0.29999999999961785,-0.9999999999964124
3.7,6.209464735150672e-05,1.000000000000722,0.29999999999960725,-0.9999999999962227
3.6750000000000003,6.376573570346223e-05,1.0000000000007427,0.299999999999596,-0.9999999999960145
3.6500000000000004,6.550409273954017e-05,1.0000000000007647,0.299999999999584,-0.999999999995788
3.625,6.731031010914011e-05,1.000000000000788,0.2999999999995713,-0.9999999999955438
3.6,6.918484928683974e-05,1.000000000000813,0.29999999999955773,-0.9999999999952819
3.575,7.112803336597744e-05,1.0000000000008393,0.2999999999995433,-0.9999999999950029
3.5500000000000003,7.314003897739187e-05,1.0000000000008675,0.299999999999528,-0.9999999999947069
3.5250000000000004,7.522088837803016e-05,1.0000000000008975,0.29999999999951166,-0.9999999999943945
3.5,7.737044175545925e-05,1.0000000000009295,0.2999999999994942,-0.9999999999940459
3.475,7.958838979541193e-05,1.0000000000009637,0.29999999999947563,-0.9999999999936815
3.45,8.187424656035569e-05,1.000000000001,0.2999999999994558,-0.9999999999933019
3.4250000000000003,8.42273427276638e-05,1.000000000001039,0.2999999999994347,-0.9999999999929072
3.4000000000000004,8.66468192362843e-05,1.0000000000010802,0.2999999999994122,-0.9999999999924786
3.375,8.913162139082291e-05,1.0000000000011244,0.2999999999993882,-0.9999999999920162
3.35,9.168049347166996e-05,1.0000000000011715,0.2999999999993626,-0.9999999999915403
3.325,9.429197389919533e-05,1.0000000000012217,0.29999999999933535,-0.9999999999910321
3.3000000000000003,9.696439099909937e-05,1.0000000000012752,0.29999999999930627,-0.999999999990511
3.2750000000000004,9.969585941473473e-05,1.000000000001332,0.2999999999992753,-0.9999999999899588
3.25,0.0001024842772105985,1.0000000000013927,0.2999999999992423,-0.9999999999893571
3.225,0.00010532732370922937,1.0000000000014573,0.2999999999992072,-0.9999999999887442
3.2,0.00010822245810143748,1.000000000001526,0.2999999999991698,-0.9999999999881023
3.1750000000000003,0.00011116691886713761,1.000000000001599,0.2999999999991301,-0.9999999999874131
3.1500000000000004,0.00011415772404106468,1.0000000000016767,0.29999999999908783,-0.9999999999867144
3.125,0.00011719167235432286,1.000000000001759,0.299999999999043,-0.9999999999859887
3.1,0.0001202653452790728,1.0000000000018465,0.2999999999989954,-0.9999999999852179
3.075,0.0001233751099997076,1.0000000000019393,0.29999999999894494,-0.9999999999844215
3.0500000000000003,0.0001265171233296201,1.0000000000020377,0.2999999999988915,-0.9999999999835999
3.0250000000000004,0.00012968733658814935,1.0000000000021418,0.29999999999883487,-0.9999999999827539
3.0,0.00013288150144752535,1.000000000002252,0.29999999999877497,-0.9999999999818842
2.975,0.00013609517675464174,1.0000000000023683,0.2999999999987117,-0.9999999999809913
2.95,0.00013932373632729865,1.0000000000024911,0.2999999999986449,-0.999999999980076
2.9250000000000003,0.00014256237771920292,1.0000000000026206,0.29999999999857446,-0.999999999979139
2.9000000000000004,0.00014580613194252665,1.000000000002757,0.29999999999850024,-0.9999999999781637
2.875,0.00014904987413123715,1.0000000000029006,0.29999999999842214,-0.9999999999771679
2.85,0.00015228833512275863,1.0000000000030516,0.2999999999983401,-0.9999999999761697
2.825,0.0001555161139298537,1.00000000000321,0.29999999999825394,-0.9999999999751694
2.8000000000000003,0.00015872769106894534,1.0000000000033762,0.29999999999816357,-0.9999999999741507
2.7750000000000004,0.0001619174427054959,1.0000000000035503,0.2999999999980689,-0.9999999999731137
2.75,0.00016507965557154325,1.0000000000037323,0.2999999999979699,-0.9999999999720762
2.725,0.0001682085426051173,1.0000000000039226,0.2999999999978664,-0.9999999999710383
2.7,0.00017129825925606175,1.0000000000041211,0.29999999999775845,-0.9999999999700004
2.6750000000000003,0.00017434292039780148,1.000000000004328,0.2999999999976459,-0.999999999968979
2.6500000000000004,0.00017733661777987513,1.0000000000045433,0.29999999999752885,-0.9999999999679584
2.625,0.00018027343795162714,1.000000000004767,0.2999999999974072,-0.9999999999669382
2.6,0.0001831474805833616,1.0000000000049993,0.2999999999972809,-0.9999999999659512
2.575,0.00018595287710754696,1.00000000000524,0.29999999999715,-0.999999999964981
2.5500000000000003,0.00018868380959934255,1.0000000000054892,0.2999999999970145,-0.9999999999640278
2.5250000000000004,0.00019133452981284687,1.0000000000057467,0.29999999999687443,-0.999999999963107
2.5,0.0001938993782870558,1.0000000000060125,0.2999999999967299,-0.9999999999622184
2.475,0.0001963728034335988,1.0000000000062865,0.2999999999965809,-0.9999999999613617
2.45,0.00019874938051691907,1.0000000000065685,0.29999999999642757,-0.9999999999605518
2.4250000000000003,0.00020102383043668555,1.0000000000068583,0.29999999999627003,-0.999999999959788
2.4000000000000004,0.00020319103822190188,1.0000000000071556,0.2999999999961083,-0.9999999999590699
2.375,0.0002052460711464058,1.0000000000074603,0.2999999999959427,-0.9999999999584114
2.35,0.00020718419637624698,1.0000000000077718,0.2999999999957732,-0.999999999957797
2.325,0.00020900089806079528,1.0000000000080902,0.29999999999560006,-0.9999999999572404
2.3000000000000003,0.0002106918937813531,1.0000000000084148,0.2999999999954235,-0.9999999999567558
2.275,0.00021225315027353323,1.0000000000087454,0.2999999999952436,-0.9999999999563269
2.25,0.0002136808983426916,1.0000000000090816,0.2999999999950608,-0.999999999955953
2.225,0.00021497164689526882,1.0000000000094231,0.2999999999948751,-0.999999999955647
2.2,0.0002161221960129692,1.0000000000097693,0.29999999999468685,-0.9999999999554222
2.1750000000000003,0.00021712964900127055,1.0000000000101197,0.29999999999449634,-0.9999999999552767
2.15,0.00021799142334878326,1.0000000000104736,0.29999999999430377,-0.9999999999551951
2.125,0.00021870526053943248,1.000000000010831,0.2999999999941095,-0.9999999999551756
2.1,0.00021926923466528825,1.0000000000111908,0.29999999999391375,-0.9999999999552448
2.075,0.00021968175979407382,1.0000000000115528,0.2999999999937169,-0.999999999955387
2.0500000000000003,0.00021994159605190597,1.0000000000119162,0.2999999999935192,-0.999999999955587
2.025,0.00022004785438861342,1.0000000000122808,0.29999999999332094,-0.9999999999558699
2.0,0.00022,1.0000000000126457,0.2999999999931225,-0.9999999999562211
1.975,0.00021979785438861344,1.0000000000130105,0.29999999999292415,-0.9999999999566384
1.9500000000000002,0.00021944159605190595,1.0000000000133744,0.2999999999927262,-0.9999999999571335
1.925,0.00021893175979407383,1.000000000013737,0.29999999999252897,-0.9999999999576913
1.9000000000000001,0.00021826923466528825,1.0000000000140976,0.2999999999923328,-0.9999999999583102
1.875,0.00021745526053943247,1.0000000000144558,0.29999999999213794,-0.9999999999589758
1.85,0.00021649142334878327,1.000000000014811,0.29999999999194477,-0.9999999999596992
1.8250000000000002,0.00021537964900127056,1.0000000000151628,0.29999999999175353,-0.9999999999604915
1.8,0.0002141221960129692,1.0000000000155103,0.29999999999156446,-0.9999999999613259
1.7750000000000001,0.00021272164689526885,1.0000000000158533,0.2999999999913779,-0.9999999999622008
1.75,0.0002111808983426916,1.0000000000161913,0.2999999999911941,-0.9999999999631273
1.725,0.00020950315027353324,1.0000000000165237,0.2999999999910133,-0.9999999999640915
1.7000000000000002,0.0002076918937813531,1.00000000001685,0.2999999999908357,-0.9999999999650804
1.675,0.00020575089806079529,1.0000000000171703,0.2999999999906616,-0.9999999999661042
1.6500000000000001,0.00020368419637624703,1.0000000000174836,0.2999999999904912,-0.9999999999671623
1.625,0.00020149607114640578,1.0000000000177898,0.2999999999903246,-0.9999999999682296
1.6,0.00019919103822190195,1.0000000000180886,0.2999999999901621,-0.9999999999693171
1.5750000000000002,0.00019677383043668558,1.0000000000183797,0.2999999999900037,-0.9999999999704239
1.55,0.0001942493805169191,1.0000000000186628,0.29999999998984966,-0.9999999999715263
1.5250000000000001,0.00019162280343359886,1.000000000018938,0.29999999998970006,-0.999999999972635
1.5,0.00018889937828705578,1.0000000000192046,0.299999999989555,-0.9999999999737497
1.475,0.0001860845298128469,1.0000000000194629,0.29999999998941457,-0.9999999999748583
1.4500000000000002,0.00018318380959934257,1.0000000000197125,0.29999999998927884,-0.9999999999759609
1.425,0.000180202877107547,1.0000000000199534,0.2999999999891479,-0.9999999999770568
1.4000000000000001,0.00017714748058336166,1.0000000000201854,0.2999999999890217,-0.9999999999781459
1.375,0.00017402343795162712,1.0000000000204086,0.2999999999889003,-0.9999999999792174
1.35,0.00017083661777987522,1.0000000000206228,0.29999999998878374,-0.9999999999802607
1.3250000000000002,0.0001675929203978015,1.0000000000208285,0.29999999998867194,-0.9999999999812862
1.3,0.00016429825925606177,1.0000000000210252,0.29999999998856486,-0.9999999999822944
1.2750000000000001,0.00016095854260511733,1.0000000000212133,0.2999999999884625,-0.9999999999832648
1.25,0.00015757965557154324,1.0000000000213929,0.2999999999883648,-0.9999999999842081
1.225,0.000154167442705496,1.000000000021564,0.2999999999882717,-0.9999999999851247
1.2000000000000002,0.0001507276910689454,1.000000000021727,0.2999999999881831,-0.9999999999860147
1.175,0.0001472661139298537,1.0000000000218818,0.29999999998809895,-0.9999999999868788
1.1500000000000001,0.00014378833512275864,1.0000000000220286,0.2999999999880191,-0.9999999999877077
1.125,0.00014029987413123713,1.0000000000221676,0.2999999999879434,-0.9999999999884925
1.1,0.0001368061319425267,1.0000000000222993,0.29999999998787186,-0.9999999999892434
1.075,0.00013331237771920293,1.0000000000224236,0.2999999999878043,-0.9999999999899705
1.05,0.0001298237363272987,1.0000000000225409,0.2999999999877406,-0.9999999999906649
1.0250000000000001,0.00012634517675464175,1.0000000000226512,0.29999999998768057,-0.9999999999913274
1.0,0.00012288150144752535,1.000000000022755,0.2999999999876241,-0.9999999999919498
0.9750000000000001,0.00011943733658814938,1.0000000000228524,0.2999999999875711,-0.9999999999925415
0.9500000000000001,0.00011601712332962017,1.0000000000229436,0.2999999999875214,-0.9999999999931037
0.925,0.00011262510999970761,1.0000000000230291,0.2999999999874749,-0.9999999999936282
0.9,0.00010926534527907281,1.000000000023109,0.29999999998743143,-0.9999999999941245
0.875,0.00010594167235432286,1.0000000000231837,0.29999999998739085,-0.9999999999945933
0.8500000000000001,0.00010265772404106472,1.0000000000232532,0.299999999987353,-0.9999999999950271
0.8250000000000001,9.941691886713768e-05,1.000000000023318,0.29999999998731774,-0.9999999999954347
0.8,9.62224581014375e-05,1.0000000000233782,0.299999999987285,-0.9999999999958171
0.775,9.307732370922937e-05,1.0000000000234341,0.2999999999872546,-0.999999999996167
0.75,8.99842772105985e-05,1.000000000023486,0.2999999999872263,-0.999999999996493
0.7250000000000001,8.694585941473479e-05,1.0000000000235343,0.29999999998720017,-0.9999999999968036
0.7000000000000001,8.396439099909943e-05,1.0000000000235787,0.29999999998717597,-0.9999999999970917
0.675,8.104197389919536e-05,1.0000000000236198,0.2999999999871536,-0.9999999999973502
0.65,7.818049347166995e-05,1.0000000000236577,0.29999999998713295,-0.9999999999975949
0.625,7.53816213908229e-05,1.0000000000236926,0.29999999998711396,-0.9999999999978192
0.6000000000000001,7.264681923628433e-05,1.0000000000237248,0.2999999999870965,-0.9999999999980232
0.5750000000000001,6.997734272766386e-05,1.0000000000237543,0.2999999999870804,-0.9999999999982151
0.55,6.73742465603557e-05,1.0000000000237814,0.2999999999870656,-0.9999999999983881
0.525,6.483838979541192e-05,1.0000000000238063,0.29999999998705207,-0.9999999999985428
0.5,6.237044175545925e-05,1.0000000000238292,0.29999999998703963,-0.9999999999986866
0.47500000000000003,5.99708883780302e-05,1.00000000002385,0.29999999998702825,-0.9999999999988199
0.45,5.7640038977391875e-05,1.0000000000238691,0.2999999999870178,-0.9999999999989367
0.42500000000000004,5.5378033365977466e-05,1.0000000000238867,0.29999999998700827,-0.9999999999990437
0.4,5.318484928683974e-05,1.0000000000239027,0.29999999998699955,-0.9999999999991414
0.375,5.1060310109140104e-05,1.0000000000239173,0.2999999999869916,-0.99999999999923
0.35000000000000003,4.9004092739540196e-05,1.0000000000239306,0.2999999999869844,-0.99999999999931
0.325,4.701573570346224e-05,1.0000000000239428,0.2999999999869778,-0.9999999999993816
0.30000000000000004,4.5094647351506735e-05,1.000000000023954,0.2999999999869718,-0.999999999999451
0.275,4.3240114147843066e-05,1.000000000023964,0.29999999998696636,-0.9999999999995126
0.25,4.145130899910182e-05,1.000000000023973,0.2999999999869614,-0.9999999999995666
0.225,3.9727299584171504e-05,1.0000000000239813,0.2999999999869569,-0.9999999999996134
0.2,3.806705664732254e-05,1.0000000000239888,0.2999999999869528,-0.9999999999996533
0.17500000000000002,3.646946221921997e-05,1.0000000000239957,0.2999999999869491,-0.9999999999996918
0.15000000000000002,3.493331773262881e-05,1.000000000024002,0.2999999999869457,-0.999999999999729
0.125,3.345735200193739e-05,1.0000000000240075,0.29999999998694266,-0.99999999999976
0.1,3.2040229038006434e-05,1.0000000000240126,0.2999999999869399,-0.9999999999997848
0.07500000000000001,3.0680555672275857e-05,1.0000000000240172,0.2999999999869374,-0.9999999999998088
0.05,2.937688896650773e-05,1.0000000000240215,0.2999999999869351,-0.9999999999998319
0.025,2.812774338699502e-05,1.0000000000240252,0.29999999998693305,-0.9999999999998497
0.0,2.6931597724505996e-05,1.0000000000240288,0.29999999998693117,-0.9999999999998561
