CID,IDSURVEY,zHD,zHDERR,zCMB,zCMBERR,zHEL,zHELERR,m_b_corr,m_b_corr_err_DIAG,MU_SH0ES,MU_SH0ES_ERR_DIAG,CEPH_DIST,IS_CALIBRATOR,USED_IN_SH0ES_HF,c,cERR,x1,x1ERR,mB,mBERR,x0,x0ERR,COV_x1_c,COV_x1_x0,COV_c_x0,RA,DEC,HOST_RA,HOST_DEC,HOST_ANGSEP,VPEC,VPECERR,MWEBV,HOST_LOGMASS,HOST_LOGMASS_ERR,PKMJD,PKMJDERR,NDOF,FITCHI2,FITPROB,m_b_corr_err_RAW,m_b_corr_err_VPEC,biasCor_m_b,biasCorErr_m_b,biasCor_m_b_COVSCALE,biasCor_m_b_COVADD
2009cz,56,0.02343,0.00085,0.02315,1e-05,0.02227,1e-05,15.6052,0.258869,34.8582,0.260273,-9.0,0,1,0.00834,0.049726,0.73538,0.25892,15.5189,0.0411628,0.0111291,0.000421929,0.00116268,-3.53358e-05,-1.54388e-05,138.75,29.7353,-999,-999,-9.0,-82.8904,250,0.0222801,10.5159,0.001,54943.6,0.2198,22,6.11632,0.99966,0.1321,0.0797,-0.056,0.001,1.0,0.007
2009cz,5,0.02343,0.00085,0.02315,1e-05,0.02227,1e-05,15.6052,0.168487,34.8582,0.170636,-9.0,0,1,-0.02851,0.021882,0.70449,0.051791,15.4303,0.0256619,0.0120744,0.000285383,-0.000113426,5.90533e-07,-4.82562e-06,138.75,29.7353,-999,-999,-9.0,-82.8904,250,0.0222801,10.5159,0.13,54944.0,0.0479,28,8.37327,0.99988,0.052,0.0797,-0.0352,0.001,1.0,0.004
ASASSN-15nr,150,0.02344,0.00087,0.02309,0.00018,0.0232,0.00018,15.5801,0.262385,34.8331,0.263771,-9.0,0,1,0.028589,0.039662,1.20679,0.19025,15.5816,0.0829089,0.0105042,0.000802121,0.000708509,-1.49877e-05,-2.54093e-05,261.674,13.9098,-999,-999,-9.0,-101.959,250,0.11158,9.88465,0.013,57250.1,0.1506,8,10.0364,0.26248,0.0792,0.0815,0.0387,0.002,1.0,0.018
2004bk,57,0.02352,0.00085,0.02405,1e-05,0.02306,1e-05,15.5861,0.214185,34.8391,0.21588,-9.0,0,1,-0.022127,0.026292,0.47024,0.0686,15.5119,0.0354353,0.0112004,0.000365548,-0.000187288,2.07298e-07,-7.26099e-06,204.37,4.1031,-999,-999,-9.0,155.85,250,0.0218071,7.0,-9.0,53113.5,0.2801,41,38.9738,0.56101,0.0615,0.0794,0.0112,0.002,1.0,0.009
2007qe,57,0.02357,0.00085,0.0228,5e-05,0.02396,5e-05,15.7876,0.2048,35.0406,0.206572,-9.0,0,1,-0.016581,0.026886,0.34568,0.069934,15.7493,0.0360905,0.00900033,0.000299176,3.09335e-05,-2.54102e-06,-6.56791e-06,358.554,27.4093,-999,-999,-9.0,-227.141,250,0.0329468,8.34246,-9.0,54429.7,0.0533,33,39.4067,0.20508,0.059,0.0792,0.0116,0.002,1.0,0.01
2007qe,64,0.02357,0.00085,0.0228,5e-05,0.02396,5e-05,15.6979,0.257717,34.9509,0.259128,-9.0,0,1,0.044782,0.026522,0.68284,0.04526,15.8094,0.036172,0.00851616,0.000283722,-6.7233e-05,-7.12697e-07,-5.93927e-06,358.554,27.4093,-999,-999,-9.0,-227.141,250,0.0329468,8.34246,0.375,54429.8,0.0363,74,111.699,0.00305636,0.059,0.0792,0.0214,0.004,1.0,0.021
ATLAS17bas,150,0.02357,0.00085,0.02331,1e-05,0.02222,1e-05,15.3185,0.260349,34.5715,0.261746,-9.0,0,1,0.027298,0.033387,0.80072,0.12208,15.3776,0.0398948,0.0126753,0.000465747,-5.06449e-06,-1.08059e-05,-1.33422e-05,166.898,22.8514,-999,-999,-9.0,-76.1109,250,0.0196324,8.18544,0.001,57813.2,0.1451,7,13.4349,0.0621951,0.0761,0.0792,0.0404,0.001,1.0,0.018
ASASSN-15tz,150,0.02365,0.00085,0.0222,3e-05,0.02286,3e-05,15.7013,0.272706,34.9543,0.274039,-9.0,0,1,0.11405,0.045533,-1.51814,0.1542,16.2645,0.10167,0.0056004,0.000524417,0.000460562,-1.00231e-05,-1.89695e-05,40.287,43.6802,-999,-999,-9.0,-424.049,250,0.14106,10.1999,0.005,57376.1,0.1787,8,3.81395,0.87351,0.0899,0.079,-0.0659,0.002,1.0,0.019
2010ao,51,0.02369,0.00085,0.02422,1e-05,0.02324,1e-05,15.69,0.208056,34.943,0.2098,-9.0,0,1,-0.093006,0.031168,-0.432206,0.13307,15.5645,0.0363036,0.0106705,0.00035679,6.39618e-05,-9.025e-06,-9.12891e-06,205.921,3.9,-999,-999,-9.0,155.85,250,0.0225968,8.813,0.003,55289.1,0.1699,30,21.2284,0.88061,0.0739,0.0788,0.046,0.002,1.0,0.006
2006sr,64,0.02388,0.00085,0.02307,1e-05,0.02425,1e-05,15.7419,0.178773,34.9949,0.180801,-9.0,0,1,-0.015239,0.031519,-1.36612,0.117,15.9144,0.0609277,0.00773082,0.000433826,1.96782e-05,-4.47924e-07,-1.0571e-05,0.8959,23.1962,-999,-999,-9.0,-237.713,250,0.0809657,10.7951,0.05,54092.8,0.1209,34,38.5211,0.27233,0.0658,0.0782,-0.0343,0.001,1.0,0.005
2000ca,50,0.02391,0.00088,0.02454,0.0002,0.02361,0.0002,15.6463,0.188406,34.8993,0.190331,-9.0,0,1,-0.11565,0.028209,0.52115,0.071322,15.3237,0.0486377,0.01332,0.000596697,-0.000329163,3.38782e-06,-1.32428e-05,203.846,-34.1603,-999,-999,-9.0,185.438,250,0.0594052,7.0,0.28089,51666.7,0.128,35,56.9625,0.0109105,0.0602,0.0809,0.0595,0.002,1.0,0.005
PS1-14xw,56,0.02411,0.00085,0.02436,3e-05,0.02427,3e-05,15.8519,0.309153,35.1049,0.31033,-9.0,0,1,-0.036617,0.056981,1.22828,0.70865,15.6206,0.0604653,0.0101338,0.00056436,0.00604883,-0.000116907,-1.98074e-05,253.24,2.3935,-999,-999,-9.0,74.4935,250,0.0654106,9.22547,0.007,56786.3,0.4803,12,3.09984,0.9948,0.1752,0.0775,0.0107,0.003,1.0,0.007
2000bh,50,0.02412,0.00087,0.02421,0.00015,0.02304,0.00015,15.6252,0.222434,34.8782,0.224067,-9.0,0,1,-0.004958,0.02787,-0.112692,0.071024,15.6912,0.0440967,0.00949566,0.000385662,-0.000510193,-1.21512e-06,-8.21002e-06,185.313,-21.9988,-999,-999,-9.0,25.4885,250,0.0435667,9.5093,-9.0,51636.8,0.2811,23,25.5384,0.32314,0.0647,0.0793,0.0123,0.002,1.0,0.012
2007F,51,0.02417,0.00085,0.0242,1e-05,0.02362,1e-05,15.6891,0.206529,34.9421,0.208286,-9.0,0,1,-0.012123,0.0263,0.40579,0.10875,15.6559,0.0310608,0.00980905,0.000280618,0.000178283,-4.90435e-06,-6.44866e-06,195.813,50.6188,-999,-999,-9.0,9.672,250,0.01493,9.63941,0.003,54123.9,0.0778,41,25.9674,0.96752,0.0585,0.0773,0.0118,0.002,1.0,0.011
2007F,64,0.02417,0.00085,0.0242,1e-05,0.02362,1e-05,15.831,0.181558,35.084,0.183555,-9.0,0,1,-0.068213,0.02585,0.53061,0.040745,15.6167,0.0298228,0.01017,0.000279349,-0.00017642,5.84475e-07,-6.26807e-06,195.813,50.6188,-999,-999,-9.0,9.672,250,0.01493,9.63941,0.473,54124.0,0.0443,65,52.6201,0.86522,0.0576,0.0773,0.0225,0.002,1.0,0.006
2006ac,57,0.02432,0.00085,0.02395,1e-05,0.02309,1e-05,15.7341,0.182157,34.9871,0.184147,-9.0,0,1,-0.04336,0.028723,-0.782527,0.12179,15.7497,0.038536,0.00899711,0.000319334,-0.000438417,2.99192e-06,-7.78831e-06,190.437,35.0686,-999,-999,-9.0,-107.473,250,0.0135209,11.1921,-9.0,53782.0,0.3131,14,14.477,0.41481,0.0646,0.0768,-0.0181,0.001,1.0,0.004
2006ac,64,0.02432,0.00085,0.02395,1e-05,0.02309,1e-05,15.7,0.196215,34.953,0.198064,-9.0,0,1,0.010966,0.026327,-0.998087,0.066287,15.8825,0.0306084,0.00796154,0.000224447,-9.24927e-05,-8.59317e-07,-5.32295e-06,190.437,35.0686,-999,-999,-9.0,-107.473,250,0.0135209,11.1921,0.098,53781.8,0.0853,49,78.4643,0.00475478,0.0574,0.0768,-0.051,0.001,1.0,0.007
ASASSN-15sf,150,0.02432,0.00131,0.02349,0.001,0.02468,0.001,15.9787,0.23365,35.2317,0.235205,-9.0,0,1,-0.069691,0.032833,0.87267,0.13555,15.7165,0.0413885,0.00927729,0.000353653,6.67276e-05,-1.17304e-05,-9.61968e-06,2.865,-6.4273,-999,-999,-9.0,-241.913,250,0.0263781,8.21725,0.034,57333.3,0.1668,10,36.4549,7.02915e-05,0.0762,0.1184,0.0296,0.001,1.0,0.006
2005bg,5,0.02434,0.00085,0.02414,1e-05,0.02303,1e-05,15.7572,0.200135,35.0102,0.201948,-9.0,0,1,-0.060615,0.021939,0.38747,0.057364,15.5864,0.0279705,0.0104579,0.000269413,-0.000267834,3.66517e-06,-4.62217e-06,184.322,16.3716,-999,-999,-9.0,-59.0594,250,0.0276121,9.73321,0.01,53470.4,0.1179,60,206.142,6.4944100000000004e-18,0.0512,0.0767,0.0214,0.002,1.0,0.006
2009D,5,0.02453,0.00086,0.02476,0.00012,0.0251,0.00012,15.755,0.159749,35.008,0.162015,-9.0,0,1,-0.096976,0.021905,0.6502,0.02688,15.4324,0.0356025,0.0120514,0.00039518,-0.00017537,1.93566e-06,-6.03316e-06,58.5951,-19.1817,-999,-999,-9.0,65.3409,250,0.0455357,10.1971,0.13,54841.9,0.0386,80,110.289,0.0140223,0.0512,0.0771,0.0208,0.001,1.0,0.003
2009D,51,0.02453,0.00086,0.02476,0.00012,0.0251,0.00012,15.8216,0.208209,35.0746,0.209952,-9.0,0,1,-0.087507,0.041305,1.04468,0.41085,15.4615,0.0742255,0.011733,0.000802119,-0.00935423,0.000218514,-3.664e-05,58.5951,-19.1817,-999,-999,-9.0,65.3409,250,0.0455357,10.1971,-9.0,54840.5,1.6089,4,1.66173,0.79766,0.106,0.0771,0.0122,0.001,1.0,0.003
2009D,65,0.02453,0.00086,0.02476,0.00012,0.0251,0.00012,15.6963,0.168725,34.9493,0.170871,-9.0,0,1,-0.070908,0.03005,0.42486,0.11797,15.4615,0.0466725,0.0117329,0.00050436,-0.000150683,3.17609e-06,-1.23396e-05,58.5951,-19.1817,-999,-999,-9.0,65.3409,250,0.0455357,10.1971,3.965,54841.9,0.3124,43,35.7476,0.77574,0.0641,0.0771,-0.0053,0.001,1.0,0.003
PS16ccn,150,0.02457,0.00087,0.02395,0.00016,0.02431,0.00016,15.9254,0.187175,35.1784,0.189112,-9.0,0,1,-0.125246,0.035357,0.37785,0.11105,15.6057,0.0558374,0.0102734,0.000528342,-0.000445957,1.62543e-06,-1.54172e-05,273.122,31.2799,-999,-999,-9.0,-183.015,250,0.0577757,7.58621,0.013,57508.6,0.2459,18,41.8436,0.00116288,0.075,0.0778,0.0709,0.001,1.0,0.004
ASASSN-16hz,150,0.02466,0.00087,0.02406,0.00015,0.02531,0.00015,15.5582,0.316446,34.8112,0.317595,-9.0,0,1,0.09128,0.034225,-0.271228,0.12153,15.9978,0.0471584,0.00715947,0.000310968,-0.000462661,5.51552e-06,-8.66567e-06,348.94,-1.3396,-999,-999,-9.0,-175.764,250,0.0311734,9.55271,0.002,57605.3,0.4073,8,8.6616,0.37164,0.0761,0.0775,0.0649,0.003,1.0,0.032
2003he,57,0.02491,0.00087,0.02404,0.00015,0.02526,0.00015,15.8332,0.239027,35.0862,0.240547,-9.0,0,1,0.032819,0.019746,0.33862,0.046096,15.9552,0.0303613,0.00744594,0.000208216,-0.000124393,4.40099e-07,-3.17671e-06,359.738,-2.2481,-999,-999,-9.0,-252.988,250,0.033686,7.0,-9.0,52876.9,0.0546,66,124.354,1.87702e-05,0.0439,0.0768,0.0181,0.003,1.0,0.019
2001cj,57,0.02494,0.00085,0.02491,2e-05,0.02409,2e-05,15.9443,0.226892,35.1973,0.228493,-9.0,0,1,-0.128297,0.040956,0.71544,0.10931,15.5679,0.0319093,0.010637,0.000312616,-0.000663218,1.00222e-06,-1.04672e-05,200.437,31.2468,-999,-999,-9.0,-9.2981,250,0.0120998,7.0,-9.0,52066.3,0.1175,40,34.7165,0.70659,0.1062,0.0749,0.0735,0.003,1.0,0.005
Gaia16agf,150,0.02509,0.00086,0.02553,2e-05,0.02507,2e-05,15.9622,0.267166,35.2152,0.268527,-9.0,0,1,0.037954,0.034382,1.3638,0.14605,15.9737,0.0527444,0.00732001,0.000355602,3.02931e-05,-7.00554e-06,-9.666e-06,98.5373,-25.1846,-999,-999,-9.0,130.452,250,0.0571243,8.65931,0.1,57455.9,0.1672,10,13.7941,0.18259,0.0772,0.0754,0.043,0.002,1.0,0.02
2007cq,56,0.0251,0.00086,0.02481,8e-05,0.02604,8e-05,15.5839,0.286774,34.8369,0.288042,-9.0,0,1,-0.006157,0.054416,-0.13142,0.34467,15.6483,0.0724473,0.0098779,0.000659117,0.00135261,-2.60199e-05,-2.30628e-05,333.668,5.0803,-999,-999,-9.0,-83.9674,250,0.0934993,9.36898,0.004,54280.8,0.395,20,9.70671,0.97318,0.1417,0.0753,0.0117,0.002,1.0,0.012
2007cq,64,0.0251,0.00086,0.02481,8e-05,0.02604,8e-05,15.5952,0.179903,34.8482,0.181918,-9.0,0,1,-0.061404,0.029805,-0.689247,0.11692,15.5833,0.0661008,0.0104877,0.0006385,2.94163e-05,-1.10993e-06,-1.57203e-05,333.668,5.0803,-999,-999,-9.0,-83.9674,250,0.0934993,9.36898,0.139,54281.0,0.0706,33,54.2139,0.0114048,0.0557,0.0753,0.0239,0.002,1.0,0.006
2003it,63,0.0251,0.00085,0.02413,1e-05,0.02528,1e-05,15.826,0.204219,35.079,0.205996,-9.0,0,1,0.026245,0.032674,-1.5665,0.16037,16.1328,0.0517252,0.00632246,0.000301206,-9.66099e-05,-4.79265e-06,-7.6375e-06,1.452,27.4527,-999,-999,-9.0,-284.915,250,0.0608018,10.4235,0.026,52935.1,0.3436,8,7.47616,0.48623,0.0753,0.0744,-0.0579,0.001,1.0,0.008
2007cq,57,0.0251,0.00086,0.02481,8e-05,0.02604,8e-05,15.756,0.174816,35.009,0.176889,-9.0,0,1,-0.113141,0.029985,-0.3274,0.066198,15.5662,0.0661209,0.0106538,0.000648811,-0.000388668,5.42518e-06,-1.62861e-05,333.668,5.0803,-999,-999,-9.0,-83.9674,250,0.0934993,9.36898,-9.0,54281.1,0.077,43,48.5473,0.25931,0.0547,0.0753,0.0594,0.002,1.0,0.005
2011dn,56,0.02513,0.00085,0.02443,2e-05,0.02527,2e-05,15.2053,0.332169,34.4583,0.333265,-9.0,0,1,0.0523,0.058411,0.21601,0.27569,15.4132,0.10542,0.0122659,0.00119101,0.0013975,-4.50803e-05,-4.56953e-05,299.648,2.6045,-999,-999,-9.0,-205.825,250,0.15109,9.15925,0.013,55745.1,0.2025,22,24.8286,0.30534,0.1424,0.0744,0.0257,0.004,1.0,0.023
2007sw,65,0.02517,0.00086,0.025,6e-05,0.02428,6e-05,15.6587,0.305292,34.9117,0.306484,-9.0,0,1,0.096088,0.030831,0.074801,0.13097,16.0333,0.0392569,0.00692909,0.000250535,6.82528e-05,-1.57286e-06,-6.56088e-06,183.404,46.4934,-999,-999,-9.0,-50.8392,250,0.0161382,8.41811,0.131,54468.5,0.2761,52,111.56,3.12166e-06,0.0682,0.0751,0.0361,0.005,1.0,0.033
2012bh,51,0.02517,0.00086,0.025,6e-05,0.02428,6e-05,15.9459,0.236747,35.1989,0.238281,-9.0,0,1,-0.033322,0.045007,-0.412737,0.26293,15.9697,0.0930226,0.00734722,0.000629488,-0.00362827,2.83104e-05,-2.0257e-05,183.406,46.4835,-999,-999,-9.0,-50.8392,250,0.0158608,8.41938,0.003,56016.3,1.8721,2,1.64876,0.43851,0.1144,0.0751,0.0135,0.002,1.0,0.007
2002bf,50,0.02525,0.00085,0.02494,1e-05,0.02438,1e-05,15.6533,0.267708,34.9063,0.269066,-9.0,0,1,0.13662,0.031903,-0.318008,0.13092,16.0595,0.048654,0.00676408,0.000303112,0.000528514,-1.41797e-05,-7.74033e-06,153.926,55.6685,-999,-999,-9.0,-91.716,250,0.00963584,10.3104,0.031,52339.2,0.3463,32,43.0875,0.0912128,0.0706,0.074,-0.1156,0.003,1.0,0.021
PS15ahs,150,0.02534,0.00086,0.02522,4e-05,0.02551,4e-05,15.9444,0.183966,35.1974,0.185937,-9.0,0,1,-0.091254,0.031897,0.17315,0.097042,15.7344,0.040576,0.00912508,0.000341021,-0.000162818,-2.5131e-06,-9.22949e-06,269.874,43.3901,-999,-999,-9.0,-36.7715,250,0.0308673,9.35319,0.015,57156.7,0.1114,10,22.6525,0.0121047,0.0709,0.0746,0.0453,0.001,1.0,0.005
PSNJ0153424,150,0.02556,0.00085,0.02474,1e-05,0.02565,1e-05,15.9298,0.23216,35.1828,0.233724,-9.0,0,1,0.069316,0.033712,-0.609377,0.09066,16.2304,0.0481898,0.00577895,0.000256496,-0.000140587,-1.77445e-06,-7.07197e-06,28.4267,29.9363,-999,-999,-9.0,-237.62,250,0.0465803,10.2733,0.001,57393.6,0.1038,10,19.6557,0.0326823,0.0733,0.0731,-0.0561,0.001,1.0,0.014
SN2017hn,150,0.02557,0.00085,0.02492,1e-05,0.02385,1e-05,15.8091,0.188251,35.0621,0.190177,-9.0,0,1,-0.027287,0.035539,0.62439,0.21566,15.6562,0.0432661,0.00980663,0.00039079,-0.000558218,-7.1589e-06,-1.1458e-05,196.914,6.3376,-999,-999,-9.0,-189.322,250,0.0283978,10.8634,0.001,57768.2,0.399,5,3.34465,0.64701,0.0887,0.0731,-0.0288,0.001,1.0,0.003
SN2017ms,150,0.02591,0.00086,0.02538,1e-05,0.02448,1e-05,15.8651,0.198351,35.1181,0.200181,-9.0,0,1,-0.120033,0.033733,0.43188,0.23212,15.5491,0.0375811,0.0108229,0.000374618,-0.000178095,-1.90942e-05,-9.24018e-06,156.676,36.6805,-999,-999,-9.0,-156.121,250,0.00854963,8.61119,0.002,57782.3,0.3625,4,21.5039,0.000650383,0.092,0.073,0.0665,0.001,1.0,0.005
2005M,57,0.02598,0.00086,0.02584,5e-05,0.02484,5e-05,16.0401,0.177503,35.2931,0.179545,-9.0,0,1,-0.092071,0.026546,1.50783,0.072066,15.6227,0.0330614,0.0101141,0.00030798,-0.00046396,1.77892e-06,-6.82669e-06,144.385,23.2007,-999,-999,-9.0,-42.1176,250,0.026828,8.67964,-9.0,53405.7,0.0823,44,58.5878,0.0694804,0.0615,0.0728,0.0373,0.004,1.0,0.006
2005M,5,0.02598,0.00086,0.02584,5e-05,0.02484,5e-05,15.8551,0.196395,35.1081,0.198242,-9.0,0,1,-0.016115,0.020927,1.27672,0.030701,15.6789,0.0265838,0.00960343,0.000235136,-0.000200983,1.3862e-06,-3.85166e-06,144.385,23.2007,-999,-999,-9.0,-42.1176,250,0.026828,8.67964,0.01,53406.8,0.0344,155,200.213,0.00840804,0.0486,0.0728,0.0096,0.003,1.0,0.01
2005M,64,0.02598,0.00086,0.02584,5e-05,0.02484,5e-05,15.582,0.347266,34.835,0.348314,-9.0,0,1,0.14443,0.044361,1.55227,0.33156,15.8973,0.0558557,0.00785403,0.000404051,0.00186147,-2.45032e-05,-1.64573e-05,144.385,23.2007,-999,-999,-9.0,-42.1176,250,0.026828,8.67964,0.034,53404.3,0.7712,1,10.9367,0.000942779,0.0978,0.0728,0.0453,0.018,1.0,0.041
SN2017mf,150,0.02598,0.00086,0.02618,1e-05,0.02561,1e-05,16.0581,0.176679,35.3111,0.17873,-9.0,0,1,-0.027296,0.033476,-0.158018,0.14413,16.0258,0.0376897,0.00697691,0.000242193,0.00011409,-6.38538e-07,-6.75995e-06,214.129,39.5864,-999,-999,-9.0,59.0114,250,0.00942174,10.508,0.013,57779.1,0.3612,7,16.024,0.024898,0.0775,0.0728,-0.0236,0.001,1.0,0.003
2005ms,64,0.02669,0.00086,0.02595,1e-05,0.02522,1e-05,16.055,0.177546,35.308,0.179587,-9.0,0,1,-0.055584,0.026914,0.43692,0.077026,15.8904,0.0351219,0.00790395,0.000255681,-9.39526e-05,-1.81408e-06,-5.74138e-06,132.31,36.13,-999,-999,-9.0,-217.485,250,0.0291768,8.49436,0.102,53744.2,0.0632,26,34.9169,0.11346,0.0598,0.0709,0.0193,0.002,1.0,0.006
1999gp,62,0.02691,0.00086,0.02603,3e-05,0.02675,3e-05,16.0158,0.181374,35.2688,0.183373,-9.0,0,1,0.015337,0.026351,1.66138,0.038532,15.8052,0.0417555,0.00854906,0.000328782,-0.000253268,1.8938e-06,-6.62841e-06,37.9131,39.3812,-999,-999,-9.0,-258.629,250,0.0480734,10.9727,0.28089,51551.4,0.0417,120,328.446,2.74527e-21,0.0581,0.0703,-0.0653,0.002,1.0,0.007
1999gp,57,0.02691,0.00086,0.02603,3e-05,0.02675,3e-05,16.0362,0.204105,35.2892,0.205883,-9.0,0,1,-0.046336,0.042141,1.38983,0.11167,15.7147,0.0445346,0.00929207,0.000381141,-0.000407593,1.64103e-07,-1.1392e-05,37.9131,39.3812,-999,-999,-9.0,-258.629,250,0.0480734,10.9727,-9.0,51550.8,0.0937,41,34.0233,0.77165,0.1066,0.0703,-0.0256,0.001,1.0,0.003
ASASSN-17at,150,0.02713,0.00086,0.02643,1e-05,0.02537,1e-05,15.9983,0.184798,35.2513,0.18676,-9.0,0,1,-0.02295,0.034274,-1.46792,0.27096,16.1718,0.0407156,0.00609918,0.000228722,0.000158751,-3.18839e-06,-6.68127e-06,174.64,25.3971,-999,-999,-9.0,-204.188,250,0.0236917,10.1022,0.0,57776.8,0.4103,6,15.9545,0.025535,0.0846,0.0698,-0.0245,0.0,1.0,0.004
2013fn,56,0.0273,0.00086,0.02724,5e-05,0.02823,5e-05,16.0362,0.297685,35.2892,0.298907,-9.0,0,1,-0.04987,0.059293,0.037964,0.51229,15.9474,0.0473954,0.00749983,0.000327389,0.00341237,-4.15738e-05,-1.26731e-05,315.099,-14.4978,-999,-999,-9.0,-18.0539,250,0.0342391,7.2614,0.036,56571.4,0.4694,10,6.85133,0.7394,0.17,0.0693,0.0186,0.002,1.0,0.007
2002eb,57,0.02731,0.00091,0.02633,0.0003,0.02751,0.0003,16.0143,0.170229,35.2673,0.172357,-9.0,0,1,-0.07121,0.020783,0.78251,0.038435,15.7518,0.0400898,0.00898012,0.000331583,-7.6215e-05,3.37498e-07,-5.25993e-06,334.772,24.5944,-999,-999,-9.0,-284.347,250,0.0520682,7.0,-9.0,52494.7,0.0373,95,141.212,0.00148106,0.0435,0.0733,0.0207,0.002,1.0,0.006
2007co,57,0.02731,0.00086,0.02655,0.00011,0.02696,0.00011,16.0907,0.229204,35.3437,0.230789,-9.0,0,1,0.021976,0.030572,-0.065862,0.055708,16.2334,0.0689543,0.00576286,0.000365995,-0.000183369,1.37785e-06,-8.95624e-06,275.765,29.8971,-999,-999,-9.0,-221.823,250,0.0973434,9.81719,-9.0,54265.2,0.059,62,50.0214,0.86282,0.0585,0.0693,0.0126,0.003,1.0,0.016
2007co,56,0.02731,0.00086,0.02655,0.00011,0.02696,0.00011,15.8588,0.345538,35.1118,0.346591,-9.0,0,1,0.066694,0.058991,-0.697511,0.37661,16.2323,0.0762542,0.00576863,0.000405146,0.00200815,-1.88916e-05,-1.51763e-05,275.765,29.8971,-999,-999,-9.0,-221.823,250,0.0973434,9.81719,0.008,54265.4,0.4164,16,3.08261,0.9998,0.154,0.0693,0.012,0.007,1.0,0.027
2007co,64,0.02731,0.00086,0.02655,0.00011,0.02696,0.00011,15.974,0.260248,35.227,0.261645,-9.0,0,1,0.054766,0.030725,-0.210051,0.062151,16.2374,0.0693092,0.00574181,0.000366535,-5.96165e-05,4.54232e-07,-8.86974e-06,275.765,29.8971,-999,-999,-9.0,-221.823,250,0.0973434,9.81719,3.818,54265.1,0.0584,74,74.8427,0.45074,0.0598,0.0693,0.0106,0.005,1.0,0.024
1992P,50,0.02736,0.00086,0.02643,1e-05,0.02531,1e-05,16.06,0.218475,35.313,0.220137,-9.0,0,1,-0.104397,0.042826,0.15615,0.27557,15.7953,0.0358796,0.00862712,0.000285095,-0.000955395,1.23526e-06,-9.60769e-06,190.704,10.3601,-999,-999,-9.0,-272.653,250,0.0175178,10.1744,-9.0,48719.8,0.381,12,16.2844,0.17855,0.1176,0.0692,0.0288,0.001,1.0,0.003
2005na,5,0.02748,0.00086,0.02717,8e-05,0.02665,8e-05,15.86,0.170601,35.113,0.172724,-9.0,0,1,-0.130216,0.024077,-0.435652,0.030748,15.6486,0.0474874,0.00987564,0.000431936,-0.00015282,1.60331e-06,-7.27449e-06,105.403,14.1333,-999,-999,-9.0,-88.8817,250,0.0668144,8.83614,0.04,53741.2,0.0575,76,298.49,3.9965499999999995e-28,0.0544,0.0689,0.0746,0.003,1.0,0.005
2005na,64,0.02748,0.00086,0.02717,8e-05,0.02665,8e-05,15.9008,0.184895,35.1538,0.186856,-9.0,0,1,-0.073397,0.031585,-0.361526,0.097977,15.8067,0.0582785,0.00853714,0.000458244,-2.34642e-05,-1.70401e-06,-1.02624e-05,105.403,14.1333,-999,-999,-9.0,-88.8817,250,0.0668144,8.83614,3.0,53741.3,0.4352,27,34.905,0.14129,0.0718,0.0689,0.0271,0.002,1.0,0.006
2005na,57,0.02748,0.00086,0.02717,8e-05,0.02665,8e-05,15.8587,0.168141,35.1117,0.170295,-9.0,0,1,-0.087572,0.024515,-0.319979,0.082437,15.7287,0.0504852,0.00917286,0.000426525,-7.2143e-05,-8.29345e-08,-7.84395e-06,105.403,14.1333,-999,-999,-9.0,-88.8817,250,0.0668144,8.83614,-9.0,53741.3,0.217,42,65.4433,0.0117749,0.0527,0.0689,0.0412,0.002,1.0,0.006
2010ii,51,0.02805,0.00086,0.02704,5e-05,0.02814,5e-05,15.8776,0.182787,35.1306,0.184771,-9.0,0,1,-0.106486,0.031299,-1.63665,0.18002,15.9035,0.0566189,0.00780882,0.000407213,0.000248144,-2.23965e-06,-9.64551e-06,339.555,35.4917,-999,-999,-9.0,-294.382,250,0.0746751,7.97988,0.002,55481.1,0.1247,21,6.78703,0.99852,0.0697,0.0675,0.0614,0.004,1.0,0.005
PSNJ0252467,150,0.02816,0.00086,0.02748,3e-05,0.02809,3e-05,16.1083,0.188706,35.3613,0.190628,-9.0,0,1,-0.098566,0.044015,-0.242102,0.14107,15.943,0.1139,0.00753016,0.000789942,-0.000202164,1.65956e-06,-2.82425e-05,43.1946,46.9464,-999,-999,-9.0,-197.78,250,0.17,7.0,0.083,57289.7,0.2651,10,51.4588,1.43694e-07,0.0828,0.0672,0.0514,0.001,1.0,0.005
2009aa,5,0.02819,0.00088,0.02827,0.00018,0.02705,0.00018,16.0644,0.171301,35.3174,0.173415,-9.0,0,1,-0.080131,0.021855,-0.776049,0.027635,16.0179,0.0281524,0.007028,0.000182231,-0.00014077,6.16517e-07,-2.98171e-06,170.926,-22.2707,-999,-999,-9.0,25.3172,250,0.0292082,9.29935,0.02,54879.0,0.028,72,51.4399,0.96809,0.0513,0.0687,0.0344,0.003,1.0,0.006
2011hb,56,0.0282,0.00089,0.02775,0.00022,0.02901,0.00022,16.0344,0.291687,35.2874,0.292934,-9.0,0,1,0.033306,0.062281,0.14953,0.35962,16.0947,0.0597009,0.00654842,0.000360075,0.00635645,-6.46469e-05,-1.47763e-05,351.981,8.7794,-999,-999,-9.0,-131.722,250,0.0510806,11.031,0.004,55872.3,0.2153,13,2.92459,0.99819,0.1603,0.0695,-0.0731,0.001,1.0,0.009
2005eq,57,0.02823,0.00086,0.02831,1e-05,0.02893,1e-05,16.2531,0.160842,35.5061,0.163093,-9.0,0,1,-0.010084,0.025201,1.50904,0.089028,16.0004,0.0481914,0.00714215,0.000317011,-0.000136818,-3.14576e-07,-6.2257e-06,47.2055,-7.0332,-999,-999,-9.0,23.0788,250,0.0636272,10.3697,-9.0,53654.7,0.0975,55,34.3517,0.98689,0.0534,0.0671,-0.0513,0.001,1.0,0.005
2005eq,5,0.02823,0.00086,0.02831,1e-05,0.02893,1e-05,16.3033,0.157926,35.5563,0.160218,-9.0,0,1,-0.018126,0.02438,1.43934,0.054209,16.0393,0.0464354,0.00689109,0.000294722,-0.000363008,2.7919e-06,-5.36627e-06,47.2055,-7.0332,-999,-999,-9.0,23.0788,250,0.0636272,10.3697,0.14,53655.3,0.1003,68,62.287,0.67246,0.0537,0.0671,-0.048,0.001,1.0,0.004
2005eq,64,0.02823,0.00086,0.02831,1e-05,0.02893,1e-05,16.305,0.158705,35.558,0.160985,-9.0,0,1,-0.022145,0.028769,1.30814,0.076229,16.051,0.0503167,0.00681705,0.000315926,-0.000452898,1.55569e-06,-7.48426e-06,47.2055,-7.0332,-999,-999,-9.0,23.0788,250,0.0636272,10.3697,0.478,53654.8,0.0894,66,61.7964,0.62383,0.0595,0.0671,-0.0449,0.001,1.0,0.004
2009ad,65,0.02844,0.00086,0.02834,0.0,0.0284,0.0,16.119,0.158011,35.372,0.160301,-9.0,0,1,-0.08227,0.031352,0.14801,0.075007,15.9027,0.068596,0.00781468,0.000493726,-0.000103992,-1.92092e-07,-1.23156e-05,75.8891,6.6599,-999,-999,-9.0,-30.4927,250,0.0960493,10.4871,3.5,54886.5,0.1214,48,23.6257,0.9988,0.0612,0.0666,0.0076,0.001,1.0,0.003
2009ad,5,0.02844,0.00086,0.02834,0.0,0.0284,0.0,16.0891,0.15418,35.3421,0.156527,-9.0,0,1,-0.069418,0.0265,0.1767,0.032497,15.8932,0.0648409,0.00788368,0.000470819,-0.000229421,2.92566e-06,-9.5956e-06,75.8891,6.6599,-999,-999,-9.0,-30.4927,250,0.0960493,10.4871,0.04,54887.1,0.0334,44,63.5644,0.0282689,0.0535,0.0666,-0.0076,0.001,1.0,0.003
2008ar,57,0.02849,0.00086,0.02732,1e-05,0.02617,1e-05,16.1838,0.178289,35.4368,0.180322,-9.0,0,1,-0.092002,0.028139,0.19622,0.086288,15.9649,0.0356722,0.00737955,0.000242458,-1.32006e-05,-2.62083e-06,-5.59768e-06,186.158,10.8382,-999,-999,-9.0,-342.801,250,0.0316567,9.98914,-9.0,54535.1,0.0735,38,52.6928,0.0569034,0.0636,0.0665,0.0422,0.002,1.0,0.006
2008ar,5,0.02849,0.00086,0.02732,1e-05,0.02617,1e-05,16.0383,0.176186,35.2913,0.178243,-9.0,0,1,-0.065509,0.022788,-0.139414,0.037394,15.9302,0.0301581,0.00761907,0.000211632,-0.000108081,-8.36138e-08,-3.54917e-06,186.158,10.8382,-999,-999,-9.0,-342.801,250,0.0316567,9.98914,0.05,54535.4,0.0444,56,69.5915,0.10477,0.0537,0.0665,0.0216,0.002,1.0,0.006
2008ar,65,0.02849,0.00086,0.02732,1e-05,0.02617,1e-05,16.106,0.178209,35.359,0.180243,-9.0,0,1,-0.070904,0.027043,-0.003834,0.070529,15.9633,0.0354561,0.00739088,0.000241358,-0.000113208,-3.91351e-07,-5.36265e-06,186.158,10.8382,-999,-999,-9.0,-342.801,250,0.0316567,9.98914,0.052,54534.7,0.0719,40,28.4649,0.9136,0.0601,0.0665,0.0235,0.002,1.0,0.006
2007is,65,0.02866,0.00086,0.02953,1e-05,0.02953,1e-05,16.0919,0.209647,35.3449,0.211378,-9.0,0,1,0.004586,0.031987,-0.440798,0.18389,16.1685,0.0402055,0.00611796,0.000226552,-0.0015436,1.05359e-05,-6.09435e-06,251.811,40.2436,-999,-999,-9.0,253.015,250,0.0174834,10.7887,0.067,54366.7,0.5851,13,15.008,0.30685,0.0794,0.0661,-0.055,0.001,1.0,0.006
1998ab,62,0.02873,0.00086,0.02806,1e-05,0.02731,1e-05,15.6957,0.226143,34.9487,0.227749,-9.0,0,1,0.08478,0.027209,0.22754,0.074312,15.8787,0.0328133,0.0079893,0.000241454,0.000248509,-4.67913e-06,-5.47396e-06,192.197,41.9245,-999,-999,-9.0,-194.196,250,0.0145775,10.3527,0.18,50914.7,0.059,25,147.841,2.10645e-19,0.0603,0.0659,-0.098,0.002,1.0,0.015
ASASSN-15la,150,0.02902,0.00086,0.02845,1e-05,0.02782,1e-05,15.8028,0.21699,35.0558,0.218663,-9.0,0,1,0.053166,0.034029,-1.01539,0.22257,16.109,0.0397499,0.00646223,0.000236589,0.00100247,-7.96918e-06,-6.98025e-06,213.213,35.7112,-999,-999,-9.0,-166.734,250,0.01626,10.5989,0.125,57190.0,0.2456,9,28.8126,0.00069692,0.0772,0.0653,-0.0604,0.001,1.0,0.011
1996C,61,0.02913,0.00086,0.02875,2e-05,0.02823,2e-05,16.2622,0.249362,35.5152,0.250819,-9.0,0,1,0.042514,0.029332,0.66261,0.13046,16.3611,0.0352173,0.00512359,0.00016619,-0.000605728,3.84194e-06,-3.96896e-06,207.702,49.3186,-999,-999,-9.0,-112.455,250,0.0120767,9.36646,0.19,50129.6,0.3495,36,42.123,0.22305,0.0704,0.065,0.0128,0.004,1.0,0.02
PS16cvc,150,0.02915,0.00086,0.02844,9e-05,0.02954,9e-05,16.4418,0.181346,35.6948,0.183345,-9.0,0,1,-0.099116,0.036324,1.16607,0.13242,16.0629,0.0673696,0.006743,0.000418401,-0.000998739,4.37221e-06,-1.19535e-05,318.097,14.7793,-999,-999,-9.0,-206.273,250,0.0823755,7.95752,0.258,57564.5,0.3466,23,83.2724,9.29885e-09,0.0796,0.065,0.0472,0.001,1.0,0.005
ASASSN-15fs,150,0.02917,0.00086,0.0285,5e-05,0.02902,5e-05,15.9861,0.183851,35.2391,0.185823,-9.0,0,1,0.006798,0.034783,-0.021703,0.13116,16.0172,0.0620571,0.00703289,0.000401977,0.000172452,-1.73379e-06,-1.09874e-05,284.67,43.4689,-999,-999,-9.0,-196.215,250,0.0774664,10.0517,0.001,57113.4,0.2092,11,34.7234,0.000275213,0.0723,0.0649,-0.0456,0.001,1.0,0.006
PSNJ0859349,150,0.02938,0.00086,0.02874,1e-05,0.02812,1e-05,16.219,0.224134,35.472,0.225755,-9.0,0,1,0.064272,0.033467,-0.88688,0.13659,16.5366,0.0398645,0.00435888,0.000160043,0.000208879,-2.09811e-06,-4.52495e-06,134.895,45.9259,-999,-999,-9.0,-185.72,250,0.0208491,10.2177,0.01,57099.4,0.2334,8,18.8488,0.0156893,0.0755,0.0645,-0.0644,0.001,1.0,0.013
LSQ12gdj,56,0.02947,0.00086,0.02886,0.0001,0.02991,0.0001,15.8409,0.271354,35.0939,0.272694,-9.0,0,1,-0.007815,0.051505,1.27062,0.23744,15.6921,0.0428162,0.00948811,0.000374165,0.00185701,-3.86275e-05,-1.39982e-05,358.681,-25.6761,-999,-999,-9.0,-175.715,250,0.0201236,8.87386,0.083,56254.2,0.1864,24,14.0232,0.94612,0.1347,0.0643,0.0104,0.004,1.0,0.011
2000cw,57,0.02949,0.00086,0.02896,1e-05,0.03013,1e-05,16.3549,0.222602,35.6079,0.224233,-9.0,0,1,-0.034882,0.04422,-0.841401,0.11901,16.4358,0.0519131,0.00478267,0.000228677,-0.000483922,-1.66693e-07,-7.05444e-06,356.855,28.3877,-999,-999,-9.0,-153.644,250,0.0619387,7.0,-9.0,51748.7,0.1014,36,18.8156,0.99185,0.1107,0.0642,0.0123,0.003,1.0,0.007
2002de,57,0.0295,0.00086,0.0305,1e-05,0.03034,1e-05,16.1108,0.282455,35.3638,0.283742,-9.0,0,1,0.086425,0.018529,0.32358,0.066219,16.4092,0.0228616,0.00490147,0.000103207,-3.52532e-05,-4.00117e-08,-1.59737e-06,244.127,35.7084,-999,-999,-9.0,289.982,250,0.016738,9.07466,-9.0,52434.0,0.0708,68,110.719,0.000821397,0.0418,0.0642,0.0265,0.007,1.0,0.03
ASASSN-16hh,18,0.02978,0.00086,0.02935,9e-05,0.03026,9e-05,16.2485,0.188445,35.5015,0.190369,-9.0,0,1,-0.087344,0.040541,0.84206,0.40743,15.9408,0.0842387,0.00754542,0.000585424,0.00693856,-8.61215e-05,-1.9335e-05,31.1559,21.5861,-999,-999,-9.0,-126.591,250,0.10965,7.0,-9.0,57592.2,0.2521,26,15.0604,0.95622,0.0809,0.0636,0.0342,0.002,1.0,0.006
Gaia16bba,150,0.0299,0.00086,0.02934,9e-05,0.03046,9e-05,16.1824,0.183358,35.4354,0.185335,-9.0,0,1,-0.062035,0.036432,0.007502,0.12781,16.0666,0.0544101,0.00671964,0.000336745,-0.000985311,7.42855e-06,-1.03981e-05,15.398,17.1013,-999,-999,-9.0,-161.216,250,0.0400056,7.97207,0.023,57627.1,0.5274,8,13.2362,0.15221,0.0785,0.0634,0.0248,0.001,1.0,0.006
2004ef,57,0.03012,0.00086,0.02978,2e-05,0.03101,2e-05,16.2665,0.19422,35.5195,0.196088,-9.0,0,1,0.038781,0.028285,-1.24846,0.12743,16.5549,0.0449477,0.00428583,0.000177426,-0.000341494,3.02786e-06,-3.8828e-06,340.542,19.9946,-999,-999,-9.0,-99.5544,250,0.0472282,10.3255,-9.0,53263.8,0.3114,38,36.0804,0.55848,0.0635,0.0629,-0.0681,0.002,1.0,0.009
2004ef,5,0.03012,0.00086,0.02978,2e-05,0.03101,2e-05,16.2308,0.197459,35.4838,0.199296,-9.0,0,1,0.052068,0.022244,-1.42181,0.022895,16.5796,0.0365877,0.00418943,0.000141178,-0.000124927,4.48478e-07,-2.23567e-06,340.542,19.9946,-999,-999,-9.0,-99.5544,250,0.0472282,10.3255,0.02,53264.7,0.0257,164,176.102,0.2454,0.0508,0.0629,-0.0744,0.001,1.0,0.011
2004ef,64,0.03012,0.00086,0.02978,2e-05,0.03101,2e-05,16.2231,0.231922,35.4761,0.233488,-9.0,0,1,0.071029,0.03439,-1.65809,0.18889,16.656,0.046568,0.00390486,0.000167482,-5.70297e-05,-5.33859e-06,-4.39408e-06,340.542,19.9946,-999,-999,-9.0,-99.5544,250,0.0472282,10.3255,0.049,53264.7,0.482,10,4.45977,0.92423,0.0848,0.0629,-0.0838,0.002,1.0,0.014
AT2017lm,150,0.03031,0.00086,0.03002,6e-05,0.03064,6e-05,16.3012,0.214581,35.5542,0.216273,-9.0,0,1,-0.016333,0.036082,1.07786,0.31691,16.1577,0.0537933,0.00617899,0.000306141,0.00065026,-7.99276e-06,-8.66566e-06,45.3849,-15.016,-999,-999,-9.0,-83.3033,250,0.0587575,9.52589,0.013,57778.8,0.4514,4,4.15494,0.38544,0.0891,0.0625,0.0136,0.001,1.0,0.01
ASASSN-16hr,150,0.03083,0.00086,0.0298,1e-05,0.03086,1e-05,16.2118,0.277436,35.4648,0.278746,-9.0,0,1,0.054686,0.038983,1.05225,0.19827,16.3179,0.0799116,0.0053313,0.00039239,-0.000402036,-1.81632e-06,-1.16458e-05,336.382,38.9844,-999,-999,-9.0,-300.269,250,0.10526,9.46113,0.003,57597.1,0.033,9,7.82678,0.55169,0.0871,0.0615,0.0399,0.002,1.0,0.023
1990O,50,0.03091,0.00087,0.03093,0.0001,0.03099,0.0001,16.2396,0.164272,35.4926,0.166476,-9.0,0,1,-0.069695,0.0334,0.51757,0.1821,15.9911,0.0639354,0.00720341,0.000424185,-0.000392802,1.39145e-06,-1.09871e-05,258.901,16.322,-999,-999,-9.0,6.1158,250,0.0819047,10.4738,-9.0,48076.9,0.4185,11,4.0925,0.96713,0.0744,0.062,-0.009,0.001,1.0,0.003
2008gg,51,0.03114,0.00087,0.03107,0.00015,0.03203,0.00015,16.417,0.235291,35.67,0.236835,-9.0,0,1,0.040009,0.031928,1.124,0.29643,16.3496,0.038031,0.00517779,0.000181367,-8.73066e-05,-4.27746e-06,-3.89823e-07,21.346,-18.1724,-999,-999,-9.0,-18.6955,250,0.0212022,10.9334,-9.0,54750.4,0.5095,26,23.0991,0.62733,0.1138,0.0616,-0.0777,0.002,1.0,0.009
2008gg,5,0.03114,0.00087,0.03107,0.00015,0.03203,0.00015,16.2879,0.182914,35.5409,0.184896,-9.0,0,1,0.033608,0.022555,0.83388,0.050831,16.2469,0.027168,0.00569157,0.000142418,-0.000344568,2.37676e-06,-2.4807e-06,21.346,-18.1724,-999,-999,-9.0,-18.6955,250,0.0212022,10.9334,0.48,54750.2,0.1752,68,98.7894,0.00871523,0.054,0.0616,-0.0743,0.001,1.0,0.009
1999cc,62,0.03116,0.00086,0.03132,1e-05,0.03111,1e-05,16.3347,0.166924,35.5877,0.169094,-9.0,0,1,-0.027281,0.026522,-1.60696,0.074875,16.5114,0.0311547,0.00446117,0.000128011,-0.00016901,5.05718e-07,-2.85617e-06,240.675,37.3596,-999,-999,-9.0,46.9799,250,0.0195936,11.2896,0.095,51315.9,0.1339,47,34.0611,0.92086,0.0603,0.0609,-0.0284,0.001,1.0,0.004
2007bd,51,0.0312,0.00087,0.03141,0.0001,0.03044,0.0001,16.2427,0.17387,35.4957,0.175954,-9.0,0,1,-0.056702,0.033189,-1.2054,0.22471,16.2903,0.0415602,0.0054687,0.000209333,0.000573057,-1.63554e-05,-5.38557e-06,127.889,-1.1994,-999,-999,-9.0,62.7014,250,0.0292147,10.4344,0.002,54206.7,0.2262,10,2.54105,0.99026,0.0848,0.0615,-0.0073,0.001,1.0,0.003
2007bd,5,0.0312,0.00087,0.03141,0.0001,0.03044,0.0001,16.3263,0.146208,35.5793,0.14868,-9.0,0,1,-0.102398,0.023026,-1.07849,0.038739,16.2545,0.0285756,0.00565174,0.000148749,-0.0001799,3.81241e-07,-2.59892e-06,127.889,-1.1994,-999,-999,-9.0,62.7014,250,0.0292147,10.4344,0.16,54207.3,0.0461,40,91.8366,5.92132e-06,0.0546,0.0615,0.0334,0.001,1.0,0.003
2007bd,64,0.0312,0.00087,0.03141,0.0001,0.03044,0.0001,16.2311,0.151414,35.4841,0.153803,-9.0,0,1,-0.054047,0.027002,-1.4426,0.06532,16.3202,0.0343354,0.00531998,0.000168239,-0.000161018,5.96236e-08,-3.75801e-06,127.889,-1.1994,-999,-999,-9.0,62.7014,250,0.0292147,10.4344,0.442,54206.5,0.0571,30,28.3614,0.55129,0.0604,0.0615,-0.009,0.001,1.0,0.003
ASASSN-15hg,150,0.03143,0.00086,0.03107,1e-05,0.02992,1e-05,16.3931,0.194347,35.6461,0.196214,-9.0,0,1,0.011862,0.035988,-1.28742,0.13594,16.6256,0.0503451,0.00401584,0.000186213,-0.000261138,-8.04685e-07,-5.0068e-06,148.452,9.1939,-999,-999,-9.0,-105.007,250,0.0420214,10.2789,0.006,57131.5,0.0208,10,11.5475,0.31648,0.0852,0.0603,-0.0466,0.001,1.0,0.006
ATLAS17axb,150,0.03143,0.00087,0.03264,0.0001,0.03165,0.0001,16.3072,0.183588,35.5602,0.185563,-9.0,0,1,-0.102111,0.038173,-0.127194,0.14813,16.1111,0.0717496,0.00645015,0.00042625,-0.000343842,-3.08602e-06,-1.26911e-05,205.847,-19.9437,-999,-999,-9.0,351.466,250,0.0940993,9.60754,0.002,57796.7,0.2355,6,14.6283,0.0233537,0.0826,0.061,0.0485,0.001,1.0,0.005
CSS160428,150,0.03148,0.00087,0.03081,0.00015,0.03029,0.00015,16.4487,0.162055,35.7017,0.164289,-9.0,0,1,-0.057822,0.032365,0.8256,0.14949,16.1861,0.0364702,0.00601971,0.000202204,-0.000185429,-1.49032e-06,-5.65096e-06,200.78,52.6491,-999,-999,-9.0,-196.002,250,0.00952833,10.078,0.1,57517.6,0.2586,10,20.184,0.0275592,0.076,0.0609,-0.0144,0.001,1.0,0.003
2000dn,57,0.03148,0.00089,0.03081,0.00022,0.03207,0.00022,16.454,0.218912,35.707,0.22057,-9.0,0,1,-0.082751,0.0447,-0.301281,0.12132,16.3301,0.0431834,0.00527195,0.000209683,-0.00031527,-3.58612e-06,-6.79639e-06,346.274,-3.2003,-999,-999,-9.0,-192.92,250,0.0412535,7.0,-9.0,51825.1,0.084,30,15.7859,0.98448,0.1146,0.0623,0.0351,0.003,1.0,0.006
2006en,57,0.03162,0.00086,0.03081,1e-05,0.03198,1e-05,16.3944,0.192354,35.6474,0.19424,-9.0,0,1,0.03606,0.029484,-0.171952,0.14609,16.5072,0.0484629,0.00447841,0.000199898,-0.00060446,4.8501e-06,-4.5538e-06,347.521,30.2233,-999,-999,-9.0,-236.154,250,0.0552784,10.183,-9.0,53973.5,0.3536,41,25.919,0.96805,0.0671,0.06,-0.0765,0.002,1.0,0.009
2006en,64,0.03162,0.00086,0.03081,1e-05,0.03198,1e-05,16.4317,0.186128,35.6847,0.188076,-9.0,0,1,0.023112,0.029649,-0.46389,0.09966,16.5576,0.0522806,0.00427533,0.000205867,-0.000173504,-2.45665e-07,-4.3167e-06,347.521,30.2233,-999,-999,-9.0,-236.154,250,0.0552784,10.183,0.058,53973.2,0.0112,29,57.013,0.00143153,0.069,0.06,-0.0664,0.002,1.0,0.008
2008bq,5,0.03166,0.00087,0.03279,0.00014,0.03232,0.00014,16.4749,0.175991,35.7279,0.17805,-9.0,0,1,0.013262,0.02537,0.36029,0.039658,16.4518,0.0545161,0.00471292,0.000236641,-0.00027968,2.00151e-06,-4.43739e-06,100.26,-38.0386,-999,-999,-9.0,328.616,250,0.0777647,10.9133,10.0,54564.0,0.0801,61,101.103,0.000953806,0.0544,0.0606,-0.0634,0.001,1.0,0.007
ASASSN-16oz,150,0.03192,0.00218,0.03207,0.002,0.031,0.002,16.2062,0.274741,35.4592,0.276064,-9.0,0,1,-0.039578,0.036562,1.49117,0.18574,15.9323,0.0501589,0.00760498,0.000351335,0.000772264,-1.50056e-05,-1.00314e-05,135.056,-13.634,-999,-999,-9.0,42.8736,250,0.0468263,8.01111,0.008,57749.9,0.2813,7,5.28065,0.62576,0.0844,0.1506,0.016,0.001,1.0,0.006
2006az,64,0.03201,0.00086,0.03158,1e-05,0.03103,1e-05,16.2366,0.146203,35.4896,0.148675,-9.0,0,1,-0.106375,0.026597,-1.42383,0.044635,16.2089,0.0296513,0.0058945,0.000160978,-0.000160482,3.72256e-07,-3.725e-06,183.061,56.1794,-999,-999,-9.0,-124.251,250,0.011932,11.1124,0.021,53826.9,0.0786,85,160.593,1.38966e-06,0.0598,0.0593,0.0388,0.001,1.0,0.003
010026,15,0.03236,0.00086,0.03174,3e-05,0.03123,3e-05,16.4216,0.200299,35.6746,0.20211,-9.0,0,1,-0.031578,0.032595,-0.409321,0.082041,16.4521,0.0382227,0.00471142,0.000165863,0.000205188,-3.70719e-06,-4.74179e-06,160.674,58.8438,-999,-999,14.8541,-178.946,250,0.00699953,9.61222,0.01,55248.0,0.0796,15,20.5415,0.15213,0.0712,0.0586,0.0154,0.012,1.0,0.01
AT2017po,150,0.03255,0.00086,0.03201,1e-05,0.03183,1e-05,16.323,0.194953,35.576,0.196814,-9.0,0,1,-0.0745,0.036728,0.21503,0.2454,16.1447,0.0462986,0.00625354,0.000266667,-0.000222569,-4.06378e-06,-6.89764e-06,240.965,39.9901,-999,-999,-9.0,-156.239,250,0.0119043,8.98827,0.082,57784.3,0.0472,6,18.9048,0.00849089,0.0968,0.0583,0.0314,0.001,1.0,0.005
2007ux,5,0.03264,0.00086,0.03183,1e-05,0.0307,1e-05,16.6278,0.188113,35.8808,0.19004,-9.0,0,1,0.044949,0.023599,-1.93734,0.051458,17.0308,0.0333747,0.00276481,8.49882e-05,-0.000198597,3.41428e-07,-1.48835e-06,152.333,14.9924,-999,-999,-9.0,-233.209,250,0.0386548,10.0948,0.01,54465.2,0.008,48,185.686,4.428120000000001e-18,0.055,0.0581,-0.0742,0.001,1.0,0.01
ASASSN-15pr,150,0.03264,0.00087,0.03189,0.00015,0.03309,0.00015,16.6552,0.19632,35.9082,0.198168,-9.0,0,1,-0.055939,0.044616,-0.669639,0.2244,16.6543,0.0661809,0.00391077,0.00023838,-0.0049346,3.2168e-05,-1.00805e-05,346.664,-12.5728,-999,-999,-9.0,-217.887,250,0.0294079,9.55707,0.002,57282.9,0.837,8,12.6701,0.17811,0.0952,0.0588,0.0209,0.001,1.0,0.006
SN2016hpx,150,0.03282,0.00098,0.0337,0.00046,0.03338,0.00046,16.3799,0.202232,35.6329,0.204026,-9.0,0,1,-0.028927,0.037089,0.83599,0.1692,16.2306,0.0476938,0.00577786,0.000253808,0.000675607,-1.48216e-05,-8.02999e-06,90.8194,-26.8986,-999,-999,-9.0,254.849,250,0.0245107,9.09468,0.013,57703.9,0.2153,5,15.2925,0.00918294,0.0832,0.0659,0.0111,0.001,1.0,0.008
SN2017cii,150,0.03289,0.00086,0.03337,1e-05,0.03323,1e-05,16.5851,0.176607,35.8381,0.178659,-9.0,0,1,-0.115009,0.036509,0.33544,0.15317,16.2878,0.0600732,0.00548104,0.000303263,-0.00124793,1.18157e-05,-9.17209e-06,248.333,23.7313,-999,-999,-9.0,138.77,250,0.0579897,8.8988,0.002,57837.4,0.5833,8,14.0151,0.0813729,0.078,0.0577,0.0555,0.001,1.0,0.004
2006te,64,0.0329,0.00086,0.03212,1e-05,0.03155,1e-05,16.4718,0.151157,35.7248,0.15355,-9.0,0,1,-0.08068,0.030485,-0.090751,0.098736,16.2935,0.0452019,0.0054524,0.000226997,-0.00084691,6.45083e-06,-5.81835e-06,122.929,41.5547,-999,-999,-9.0,-227.18,250,0.0389139,10.4808,0.076,54097.1,0.3658,39,50.6305,0.10049,0.0661,0.0577,0.0054,0.001,1.0,0.003
2004as,57,0.03296,0.00086,0.0325,1e-05,0.03139,1e-05,16.4794,0.218528,35.7324,0.22019,-9.0,0,1,0.027296,0.019024,-0.251932,0.087269,16.6528,0.0226211,0.00391643,8.15982e-05,0.000126786,-1.27113e-06,-1.29794e-06,171.413,22.8304,-999,-999,-9.0,-136.074,250,0.0131774,8.76504,-9.0,53085.6,0.0594,64,87.5825,0.0268203,0.0436,0.0576,-0.0006,0.004,1.0,0.016
2004as,63,0.03296,0.00086,0.0325,1e-05,0.03139,1e-05,16.6377,0.22412,35.8907,0.225741,-9.0,0,1,0.021543,0.028066,0.42134,0.13801,16.6988,0.0322341,0.00375385,0.000111447,8.83673e-05,-2.74325e-06,-2.69086e-06,171.413,22.8304,-999,-999,-9.0,-136.074,250,0.0131774,8.76504,0.06,53086.3,0.148,16,37.7745,0.00162947,0.0658,0.0576,0.0043,0.004,1.0,0.015
2008gp,51,0.03333,0.00088,0.03245,0.0002,0.03303,0.0002,16.4738,0.160376,35.7268,0.162633,-9.0,0,1,-0.130539,0.031345,-0.205011,0.33919,16.209,0.0725705,0.00589384,0.000393944,0.00184882,-1.86792e-05,-9.56875e-06,50.753,1.3619,-999,-999,-9.0,-257.669,250,0.10369,10.4696,-9.0,54779.6,0.2606,26,7.82743,0.99978,0.0748,0.0583,0.0562,0.002,1.0,0.003
2010ag,66,0.03335,0.00086,0.03336,2e-05,0.0334,2e-05,16.5629,0.19712,35.8159,0.198961,-9.0,0,1,0.028141,0.030831,1.79713,0.21663,16.3599,0.038038,0.00512906,0.000179693,-0.000237543,-3.02053e-06,-4.35802e-06,255.973,31.5017,-999,-999,-9.0,3.241,250,0.0264046,10.6105,0.461,55268.2,0.5502,30,119.715,2.31871e-12,0.0791,0.0569,-0.0773,0.003,1.0,0.008
2005iq,64,0.03341,0.00087,0.03292,0.00012,0.03404,0.00012,16.6117,0.148553,35.8647,0.150987,-9.0,0,1,-0.098536,0.027585,-1.11399,0.11021,16.5537,0.0324163,0.00429054,0.0001281,-0.000145681,-2.94306e-07,-3.01068e-06,359.635,-18.7092,-999,-999,-9.0,-141.551,250,0.0190066,10.49,0.28089,53687.8,0.1393,40,36.9316,0.60916,0.0635,0.0575,0.03,0.001,1.0,0.003
2005iq,5,0.03341,0.00087,0.03292,0.00012,0.03404,0.00012,16.5986,0.141058,35.8516,0.143619,-9.0,0,1,-0.126797,0.021964,-1.16049,0.04371,16.4917,0.0241147,0.00454286,0.000100899,-0.000161599,2.48491e-07,-1.73208e-06,359.635,-18.7092,-999,-999,-9.0,-141.551,250,0.0190066,10.49,0.17,53688.3,0.0451,60,51.37,0.77859,0.053,0.0575,0.0616,0.002,1.0,0.003
PS15bsq,150,0.03371,0.00086,0.03309,2e-05,0.0343,2e-05,16.5267,0.1574,35.7797,0.159699,-9.0,0,1,-0.069085,0.033475,0.51225,0.13182,16.2831,0.0419123,0.00550476,0.000212498,0.000102345,-5.59667e-06,-5.87957e-06,355.467,-8.6379,-999,-999,-9.0,-179.377,250,0.029599,10.9397,0.013,57262.9,0.1232,8,8.30139,0.4046,0.0769,0.0563,-0.0068,0.001,1.0,0.002
2004L,63,0.03373,0.00086,0.03344,1e-05,0.03229,1e-05,16.576,0.272338,35.829,0.273673,-9.0,0,1,0.15241,0.032163,-1.03269,0.24302,17.1121,0.044689,0.00256535,0.00010559,0.000112504,-1.37205e-06,-2.43857e-06,156.767,16.0187,-999,-999,-9.0,-83.4708,250,0.0273815,10.1437,0.047,53031.4,0.6967,17,30.2296,0.0247357,0.0828,0.0563,-0.1399,0.004,1.0,0.021
2003gn,57,0.03375,0.00086,0.03316,2e-05,0.03438,2e-05,16.7699,0.241513,36.0229,0.243018,-9.0,0,1,0.048082,0.025656,-1.09542,0.10076,17.1435,0.0390999,0.0024922,8.97501e-05,0.000264846,-1.34194e-06,-1.81706e-06,338.465,20.8024,-999,-999,-9.0,-170.66,250,0.0427439,7.0,-9.0,52853.1,0.0684,46,87.6453,0.000209175,0.0555,0.0563,0.011,0.007,1.0,0.021
2003cq,63,0.03378,0.00086,0.03323,2e-05,0.03275,2e-05,16.5746,0.257715,35.8276,0.259126,-9.0,0,1,0.09667,0.050938,-0.735787,0.15753,16.9267,0.0608434,0.00304311,0.000170533,-0.000249224,-2.38629e-06,-8.22534e-06,179.059,60.522,-999,-999,-9.0,-159.416,250,0.0173813,10.4839,0.037,52739.6,0.1613,12,34.9449,0.000477861,0.1067,0.0562,-0.1078,0.003,1.0,0.016
2006S,64,0.03393,0.00086,0.0331,1e-05,0.03224,1e-05,16.6559,0.175145,35.9089,0.177213,-9.0,0,1,0.023002,0.026337,0.8864,0.067147,16.5789,0.0297753,0.00419221,0.000114968,-0.000236704,5.2304e-08,-2.6427e-06,191.413,35.0868,-999,-999,-9.0,-240.121,250,0.0143507,10.2024,0.087,53770.3,0.0902,58,126.679,5.00474e-07,0.06,0.056,-0.0698,0.001,1.0,0.007
2006gr,57,0.03428,0.00086,0.03352,1e-05,0.03467,1e-05,16.6658,0.205651,35.9188,0.207416,-9.0,0,1,0.065043,0.029857,0.81322,0.096726,16.706,0.0566383,0.00372923,0.000194538,0.000218212,-2.17148e-06,-4.46192e-06,338.095,30.8287,-999,-999,-9.0,-220.637,250,0.0731942,10.0957,-9.0,54013.2,0.061,50,101.9,2.06753e-05,0.0624,0.0554,-0.0934,0.002,1.0,0.012
2006gr,64,0.03428,0.00086,0.03352,1e-05,0.03467,1e-05,16.6848,0.209584,35.9378,0.211316,-9.0,0,1,0.071739,0.029083,0.80323,0.068742,16.7436,0.0552809,0.00360219,0.000183407,-0.000203563,3.59343e-07,-4.17718e-06,338.095,30.8287,-999,-999,-9.0,-220.637,250,0.0731942,10.0957,0.432,54013.3,0.0639,53,80.0454,0.00960784,0.0601,0.0554,-0.097,0.002,1.0,0.013
ASASSN-16dw,150,0.03437,0.00088,0.03565,0.00015,0.03466,0.00015,16.5307,0.215389,35.7837,0.217075,-9.0,0,1,0.054822,0.034758,-0.229019,0.14442,16.7191,0.0487269,0.0036843,0.000165348,-0.000513015,1.28727e-06,-4.65935e-06,202.503,-27.9739,-999,-999,-9.0,371.74,250,0.0456106,10.1423,0.001,57482.8,0.3596,12,19.2588,0.0824708,0.079,0.0565,-0.0673,0.001,1.0,0.011
1996bl,61,0.03459,0.00087,0.03481,9e-05,0.036,9e-05,16.4818,0.153296,35.7348,0.155656,-9.0,0,1,-0.019262,0.031572,-0.152679,0.10963,16.4495,0.063819,0.00472265,0.000277595,0.000164367,-1.9689e-06,-6.84133e-06,9.0749,11.3946,-999,-999,-9.0,63.5454,250,0.0855074,10.1459,0.16,50377.1,0.1528,27,46.5117,0.0112009,0.0642,0.0555,-0.0476,0.001,1.0,0.004
2003kc,63,0.03479,0.00086,0.0341,1e-05,0.03316,1e-05,16.6036,0.203994,35.8566,0.205773,-9.0,0,1,0.058669,0.037372,-0.627251,0.17134,16.8423,0.0565346,0.00328912,0.000171266,0.000197909,3.13163e-07,-5.86802e-06,146.643,30.6553,-999,-999,-9.0,-200.587,250,0.0175696,10.3635,0.045,52978.5,0.5325,14,56.6137,4.56308e-07,0.0707,0.0546,-0.0877,0.002,1.0,0.011
ASASSN-15jl,150,0.03512,0.00086,0.03492,1e-05,0.03468,1e-05,16.6286,0.167159,35.8816,0.169326,-9.0,0,1,-0.085933,0.031868,0.22915,0.15282,16.4189,0.0361909,0.00485786,0.000161927,-0.000305211,1.47244e-08,-4.46046e-06,230.671,50.9766,-999,-999,-9.0,-56.2292,250,0.0137576,8.79586,0.142,57166.0,0.2799,10,23.4804,0.00910557,0.0751,0.0541,0.0374,0.001,1.0,0.005
1992bg,50,0.03515,0.00088,0.03574,0.00015,0.03525,0.00015,16.6407,0.209934,35.8937,0.211664,-9.0,0,1,-0.052286,0.052965,-0.452709,0.12174,16.5793,0.10989,0.00419072,0.000424171,-0.0013616,7.98339e-06,-1.64835e-05,115.486,-62.5194,-999,-999,-9.0,169.302,250,0.15688,10.4968,0.28089,48916.6,0.4628,21,16.0548,0.76656,0.116,0.0553,-0.0189,0.001,1.0,0.003
ASASSN-15tg,150,0.03529,0.00086,0.03445,6e-05,0.03561,6e-05,16.608,0.166424,35.861,0.1686,-9.0,0,1,-0.052529,0.034323,1.54158,0.2321,16.2518,0.040328,0.00566595,0.000210453,-0.000676349,-1.44347e-06,-6.08045e-06,5.171,25.229,-999,-999,-9.0,-241.332,250,0.0247216,10.227,0.004,57361.4,0.451,7,15.6283,0.0287382,0.0869,0.0538,-0.0187,0.001,1.0,0.002
PTSS-16efw,150,0.03568,0.00086,0.03542,2e-05,0.03557,2e-05,16.981,0.186511,36.234,0.188455,-9.0,0,1,-0.125294,0.049018,-0.139619,0.15966,16.7345,0.12736,0.00363255,0.000426099,-0.00109002,5.78339e-06,-1.70445e-05,263.908,8.809,-999,-999,-9.0,-76.0813,250,0.17693,9.96056,0.006,57509.6,0.7403,15,27.7843,0.0229589,0.0934,0.0533,0.0679,0.001,1.0,0.004
2016fbk,51,0.03576,0.00086,0.03495,1e-05,0.03587,1e-05,16.7061,0.223548,35.9591,0.225173,-9.0,0,1,0.092859,0.028477,-0.491218,0.11336,17.0065,0.0402182,0.00282762,0.000104742,-0.000376618,6.53331e-07,-2.39295e-06,26.0272,34.3827,-999,-999,-9.0,-233.258,250,0.0419285,10.765,0.002,57626.2,0.2149,18,10.3105,0.9213,0.0651,0.0531,-0.1117,0.003,1.0,0.015
1994T,61,0.03583,0.00086,0.03564,1e-05,0.03457,1e-05,16.6795,0.202439,35.9325,0.204232,-9.0,0,1,0.031814,0.031789,-1.51339,0.15186,16.9856,0.0460261,0.00288234,0.000122187,-0.000590834,2.40408e-06,-2.60918e-06,200.378,-2.149,-999,-999,-9.0,-55.0583,250,0.0255124,10.2173,0.19,49512.4,0.5821,22,215.698,2.98405e-33,0.0805,0.053,-0.0679,0.001,1.0,0.008
ASASSN-15mi,150,0.03585,0.00086,0.03501,0.0,0.03442,0.0,16.2985,0.202534,35.5515,0.204326,-9.0,0,1,-0.007576,0.032119,0.49532,0.1448,16.2652,0.0375196,0.00559656,0.000193399,-7.68823e-05,-3.29031e-06,-5.29917e-06,210.815,41.6041,-999,-999,-9.0,-241.958,250,0.018092,9.51083,0.297,57221.3,0.1801,8,49.0429,6.23851e-08,0.0751,0.053,0.0108,0.001,1.0,0.01
ASASSN-15ss,150,0.03599,0.00087,0.03592,0.00012,0.03556,0.00012,16.7379,0.185228,35.9909,0.187185,-9.0,0,1,-0.120564,0.050478,0.79388,0.23176,16.3442,0.13425,0.00520366,0.000643411,0.000281829,-5.95665e-06,-2.58305e-05,93.1391,-14.2575,-999,-999,-9.0,-19.5249,250,0.19921,10.7564,0.104,57338.2,0.0534,8,10.8254,0.28787,0.1017,0.0534,0.0439,0.001,1.0,0.002
2001ck,57,0.03616,0.00093,0.03544,0.00036,0.03483,0.00036,16.6056,0.221845,35.8586,0.223482,-9.0,0,1,-0.070943,0.045185,0.012403,0.15725,16.4577,0.0340582,0.00468729,0.000147035,-0.000524374,-2.99386e-06,-5.37857e-06,219.459,30.4839,-999,-999,-9.0,-209.706,250,0.0109,7.0,-9.0,52073.0,0.1225,30,22.1254,0.84944,0.1192,0.0568,0.0209,0.002,1.0,0.006
PS15bbn,150,0.03624,0.00087,0.03602,0.00012,0.0371,0.00012,16.9315,0.185288,36.1845,0.187245,-9.0,0,1,-0.047187,0.037277,1.50732,0.25123,16.6331,0.0620079,0.00398809,0.000227765,-0.00056526,3.08202e-06,-6.509e-06,315.99,13.3684,-999,-999,-9.0,-64.0261,250,0.071218,7.94021,0.012,57213.9,0.5459,8,9.03538,0.33932,0.0884,0.0531,0.0175,0.001,1.0,0.005
2008hj,5,0.03682,0.00088,0.03643,0.00015,0.03761,0.00015,16.6752,0.154255,35.9282,0.1566,-9.0,0,1,-0.0755,0.02205,0.18381,0.036397,16.4945,0.0287141,0.00453102,0.00011983,-0.000132903,3.9565e-07,-1.9749e-06,1.008,-11.1687,-999,-999,-9.0,-111.993,250,0.0308616,9.9461,0.39,54802.4,0.0353,60,87.636,0.0114946,0.0517,0.0528,0.0275,0.002,1.0,0.006
2008hj,65,0.03682,0.00088,0.03643,0.00015,0.03761,0.00015,16.6306,0.183129,35.8836,0.185109,-9.0,0,1,-0.090516,0.03231,-0.463779,0.30543,16.5136,0.0387637,0.00445217,0.000158954,-0.000227285,-2.98738e-06,-4.05169e-06,1.008,-11.1687,-999,-999,-9.0,-111.993,250,0.0308616,9.9461,0.155,54803.5,0.5825,8,28.9699,0.000320976,0.0885,0.0528,0.042,0.003,1.0,0.005
2002hu,63,0.03705,0.00132,0.03591,0.001,0.0367,0.001,16.7107,0.164362,35.9637,0.166565,-9.0,0,1,-0.099791,0.026596,0.52295,0.093247,16.3971,0.0373428,0.00495625,0.000170465,6.72674e-05,-1.25188e-06,-3.61336e-06,34.5836,37.4663,-999,-999,-9.0,-326.811,250,0.0383887,10.099,4.71,52592.5,0.0955,29,31.5182,0.34141,0.059,0.0788,0.0197,0.001,1.0,0.003
2000cf,62,0.03707,0.00087,0.03646,7e-05,0.03642,7e-05,16.7945,0.164133,36.0475,0.166339,-9.0,0,1,-0.047118,0.028055,-0.520479,0.083082,16.7894,0.0386271,0.00345332,0.000122858,-0.00023789,2.058e-06,-2.75499e-06,238.234,65.9369,-999,-999,-9.0,-178.209,250,0.028725,9.49238,0.28089,51673.2,0.273,42,72.1833,0.0025821,0.062,0.0519,0.0114,0.003,1.0,0.006
2001eh,57,0.03725,0.00088,0.03627,0.00016,0.03713,0.00016,16.7537,0.13249,36.0067,0.135213,-9.0,0,1,-0.042863,0.025636,1.78553,0.091747,16.3815,0.0434015,0.00502826,0.000201001,0.00229763,-1.14958e-05,-4.70549e-06,24.5504,41.6552,-999,-999,-9.0,-283.424,250,0.0546999,11.1794,-9.0,52169.5,0.1216,77,44.228,0.99901,0.0489,0.0522,-0.0287,0.003,1.0,0.003
2001eh,63,0.03725,0.00088,0.03627,0.00016,0.03713,0.00016,16.7397,0.146711,35.9927,0.149174,-9.0,0,1,-0.030117,0.028355,1.71263,0.13209,16.4071,0.0453657,0.00491103,0.000205199,-0.000783567,3.61749e-06,-4.7029e-06,24.5504,41.6552,-999,-999,-9.0,-283.424,250,0.0546999,11.1794,3.186,52170.2,0.303,32,80.1299,5.24198e-06,0.0646,0.0522,-0.0392,0.002,1.0,0.003
ASASSN-16db,150,0.0373,0.00086,0.03589,1e-05,0.03486,1e-05,16.6168,0.187759,35.8698,0.18969,-9.0,0,1,0.016022,0.03646,-1.00742,0.15357,16.8165,0.0433864,0.00336814,0.000134592,-3.52258e-05,-3.81914e-06,-4.17373e-06,167.357,29.5732,-999,-999,-9.0,-408.932,250,0.0226062,10.678,0.013,57465.3,0.2439,13,24.5376,0.0265304,0.0848,0.051,-0.0508,0.001,1.0,0.006
AT2016hns,150,0.0374,0.00087,0.03704,6e-05,0.03817,6e-05,16.7259,0.16144,35.9789,0.163683,-9.0,0,1,-0.096867,0.035762,-1.00508,0.17591,16.6564,0.0545461,0.00390337,0.000196101,-0.000106342,-2.7789e-06,-5.38671e-06,324.921,24.4065,-999,-999,-9.0,-105.312,250,0.0626788,10.4701,0.017,57697.5,0.2082,6,11.0277,0.0875225,0.0833,0.0514,0.0294,0.001,1.0,0.002
ASASSN-15bc,150,0.03753,0.00087,0.03639,0.0001,0.03672,0.0001,16.696,0.261217,35.949,0.262609,-9.0,0,1,0.056405,0.031777,0.56778,0.15933,16.8648,0.0426935,0.00322175,0.000126686,0.000228519,-3.06956e-06,-3.30764e-06,61.561,-8.8856,-999,-999,-9.0,-330.399,250,0.0374655,8.86694,0.011,57047.8,0.1656,10,4.13607,0.941,0.0724,0.0513,0.0257,0.002,1.0,0.022
2007jg,51,0.03756,0.00086,0.03652,1e-05,0.03707,1e-05,17.0803,0.169106,36.3333,0.171248,-9.0,0,1,-0.104639,0.032621,-0.411462,0.25625,16.9229,0.0728308,0.0030539,0.000204854,0.000123741,3.36268e-06,-5.27579e-06,52.4617,0.0568,-999,-999,-9.0,-297.735,250,0.0912795,8.21426,-9.0,54365.8,0.574,44,24.2616,0.99317,0.0696,0.0506,0.053,0.003,1.0,0.005
2007jg,5,0.03756,0.00086,0.03652,1e-05,0.03707,1e-05,16.9655,0.169201,36.2185,0.171341,-9.0,0,1,-0.034681,0.026346,-0.553643,0.058285,16.9973,0.0613891,0.00285167,0.000161237,-0.000203823,6.51946e-07,-3.2508e-06,52.4617,0.0568,-999,-999,-9.0,-297.735,250,0.0912795,8.21426,10.0,54367.1,0.0779,52,53.5059,0.41623,0.0542,0.0506,0.0049,0.003,1.0,0.007
2008gb,65,0.03796,0.00087,0.03641,9e-05,0.037,9e-05,16.8359,0.197034,36.0889,0.198876,-9.0,0,1,-0.026254,0.041743,0.035543,0.26811,16.8088,0.11288,0.00339232,0.000352675,-0.000449936,1.31839e-06,-1.20341e-05,44.488,46.8657,-999,-999,-9.0,-447.194,250,0.17054,9.17934,4.495,54747.1,0.0207,32,15.4862,0.99384,0.0862,0.0507,0.0069,0.003,1.0,0.008
2007O,57,0.03818,0.00087,0.03732,1e-05,0.03694,1e-05,16.6408,0.149302,35.8938,0.151724,-9.0,0,1,-0.068868,0.027717,-0.124259,0.20085,16.4877,0.0326883,0.00455971,0.000137279,-0.000515943,3.41702e-06,-3.12465e-06,224.022,45.4047,-999,-999,-9.0,-245.945,250,0.0199023,10.8351,-9.0,54123.8,0.3108,22,37.003,0.0236379,0.0702,0.0504,-0.0109,0.001,1.0,0.003
2007O,64,0.03818,0.00087,0.03732,1e-05,0.03694,1e-05,16.6087,0.150297,35.8617,0.152703,-9.0,0,1,-0.060189,0.029275,-0.531568,0.099741,16.5407,0.0380664,0.00434212,0.000152237,-6.49915e-05,-1.07857e-06,-3.25417e-06,224.022,45.4047,-999,-999,-9.0,-245.945,250,0.0199023,10.8351,0.031,54125.6,0.3492,34,40.2123,0.21429,0.0705,0.0504,-0.0127,0.001,1.0,0.003
2008fr,65,0.03828,0.00218,0.0379,0.002,0.039,0.002,16.8611,0.234604,36.1141,0.236153,-9.0,0,1,-0.117726,0.029092,0.49771,0.11284,16.5287,0.0416668,0.00439053,0.000168493,-0.000679532,3.27795e-06,-3.86602e-06,17.9548,14.6408,-999,-999,-9.0,-110.971,250,0.0386775,8.07746,0.075,54732.7,0.3369,50,20.928,0.99991,0.0677,0.126,0.0527,0.003,1.0,0.005
2009bv,65,0.03848,0.00087,0.03748,6e-05,0.03667,6e-05,17.0034,0.147524,36.2564,0.149974,-9.0,0,1,-0.139538,0.028849,0.46163,0.085533,16.6178,0.0295837,0.00404461,0.000110206,1.40964e-05,-1.87081e-06,-2.71748e-06,196.835,35.7844,-999,-999,-9.0,-287.734,250,0.00758106,10.123,0.342,54927.3,0.0758,41,250.368,7.505840000000001e-32,0.068,0.05,0.0616,0.002,1.0,0.002
2008051,65,0.03873,0.00087,0.03835,6e-05,0.03777,6e-05,16.7595,0.168197,36.0125,0.17035,-9.0,0,1,-0.132215,0.030391,0.71931,0.13509,16.37,0.0422451,0.00508143,0.000197714,-0.000331775,1.6397e-06,-4.68373e-06,229.995,4.9046,-999,-999,-9.0,-109.175,250,0.0366807,8.26419,0.0,54616.8,0.3395,41,63.0173,0.0151154,0.0709,0.0497,0.0731,0.005,1.0,0.004
ASASSN-15np,150,0.03884,0.00087,0.03832,5e-05,0.03768,5e-05,16.773,0.21784,36.026,0.219507,-9.0,0,1,0.05253,0.037158,-1.06429,0.23568,17.0748,0.0470874,0.00265511,0.00011515,-0.000348197,-7.99749e-07,-3.12978e-06,226.511,7.5615,-999,-999,-9.0,-150.196,250,0.026422,10.1408,0.001,57241.7,0.0471,6,10.294,0.11281,0.0956,0.0496,-0.0701,0.001,1.0,0.01
2008dr,57,0.04014,0.00087,0.03996,1e-05,0.04119,1e-05,17.031,0.145415,36.284,0.147901,-9.0,0,1,-0.001615,0.021237,-1.38746,0.082156,17.2345,0.0321758,0.00229182,6.79183e-05,-9.7201e-05,2.74504e-08,-1.12835e-06,332.715,2.1082,-999,-999,-9.0,-51.0533,250,0.036936,11.3888,-9.0,54649.5,0.1443,50,41.1414,0.80965,0.0477,0.048,-0.0485,0.001,1.0,0.005
PS15cze,150,0.04035,0.00087,0.03891,2e-05,0.03937,2e-05,17.2956,0.233076,36.5486,0.234635,-9.0,0,1,0.030005,0.04777,-1.51168,0.24032,17.5972,0.12296,0.00164105,0.000185846,-0.000441142,-7.87068e-07,-5.91862e-06,56.8476,0.8772,-999,-999,-9.0,-414.188,250,0.18478,10.4136,0.013,57364.3,0.1737,14,27.1304,0.0185153,0.1206,0.0477,-0.0666,0.001,1.0,0.007
2003fa,57,0.04056,0.00088,0.04015,0.00012,0.04039,0.00012,16.7637,0.14091,36.0167,0.143473,-9.0,0,1,-0.094287,0.026125,1.18712,0.056014,16.3639,0.0351339,0.00511018,0.000165363,-7.19816e-05,-2.67245e-07,-3.48768e-06,266.032,40.881,-999,-999,-9.0,-119.777,250,0.0336865,10.3091,-9.0,52807.4,0.0451,85,86.5273,0.43348,0.0577,0.048,0.0145,0.002,1.0,0.003
2003fa,63,0.04056,0.00088,0.04015,0.00012,0.04039,0.00012,16.8288,0.142444,36.0818,0.14498,-9.0,0,1,-0.052499,0.02637,1.50968,0.09639,16.4737,0.0358371,0.00461855,0.000152446,0.000140872,-2.66347e-06,-3.32237e-06,266.032,40.881,-999,-999,-9.0,-119.777,250,0.0336865,10.3091,4.257,52807.5,0.0693,49,61.578,0.10716,0.058,0.048,-0.0224,0.002,1.0,0.003
PS16axi,150,0.04089,0.00087,0.04056,1e-05,0.0393,1e-05,16.8733,0.166662,36.1263,0.168835,-9.0,0,1,-0.028406,0.03884,-0.724985,0.18818,16.9177,0.0507428,0.00306839,0.000143404,-0.00163205,4.78165e-06,-4.9151e-06,162.03,0.1635,-999,-999,-9.0,-93.2801,250,0.0338311,10.1805,0.001,57461.3,0.4706,14,23.7947,0.0485062,0.0895,0.0471,-0.0271,0.001,1.0,0.003
2009do,65,0.04099,0.00087,0.04027,1e-05,0.03964,1e-05,16.7873,0.144749,36.0403,0.147245,-9.0,0,1,-0.035481,0.029125,-1.16148,0.064154,16.8767,0.0329066,0.00318644,9.65749e-05,1.01132e-05,1.27812e-07,-2.33504e-06,188.743,50.8512,-999,-999,-9.0,-206.576,250,0.0127325,10.4649,0.02,54946.6,0.1913,44,192.771,1.5900699999999994e-20,0.0659,0.047,-0.0246,0.001,1.0,0.003
2001az,63,0.04101,0.00087,0.04059,9e-05,0.04069,9e-05,17.0623,0.148357,36.3153,0.150794,-9.0,0,1,-0.081271,0.029423,1.11507,0.40795,16.7018,0.0480562,0.00374357,0.000165696,0.00153605,1.58741e-05,-3.40658e-06,248.615,76.0297,-999,-999,-9.0,-120.833,250,0.043583,10.239,0.059,52031.2,0.8186,14,9.76209,0.77936,0.0731,0.047,0.0029,0.001,1.0,0.003
1992bl,50,0.04222,0.00089,0.0428,0.00018,0.04359,0.00018,16.9571,0.206282,36.2101,0.208042,-9.0,0,1,-0.069318,0.04571,-1.72194,0.084356,17.0492,0.0417672,0.00271849,0.000104578,-0.000388039,-1.10828e-06,-3.10487e-06,348.805,-44.7433,-999,-999,-9.0,167.011,250,0.0102831,10.8343,0.28089,48947.6,0.3179,21,21.8328,0.4092,0.1212,0.0467,-0.0,0.001,1.0,0.003
2014bj,51,0.04258,0.00507,0.04239,0.005,0.043,0.005,17.2576,0.425631,36.5106,0.426487,-9.0,0,1,-0.010656,0.029043,0.80842,0.42646,17.1604,0.0731528,0.0024539,0.000165334,0.0007157,-2.92822e-06,-3.34464e-06,290.663,43.8908,-999,-999,-9.0,-53.1604,250,0.090819,7.87303,-9.0,56796.4,0.0336,62,73.0754,0.15867,0.0892,0.2639,0.0026,0.004,1.0,0.01
2006cf,64,0.04268,0.00087,0.04223,1e-05,0.04146,1e-05,17.0401,0.148584,36.2931,0.151018,-9.0,0,1,-0.125206,0.031788,-0.261406,0.20558,16.792,0.0404032,0.0034452,0.000128205,-0.00108187,6.15696e-06,-3.53719e-06,163.511,46.0267,-999,-999,-9.0,-129.538,250,0.0137279,10.9479,0.01,53874.2,0.5025,6,35.056,4.20322e-06,0.0758,0.0452,0.0481,0.003,1.0,0.002
2007kk,51,0.04285,0.00088,0.0413,0.00016,0.04177,0.00016,16.9991,0.17345,36.2521,0.175538,-9.0,0,1,-0.049623,0.042293,0.94211,0.21679,16.7327,0.12592,0.00363833,0.000421973,-0.000363324,-2.89584e-06,-1.53825e-05,55.5969,39.2418,-999,-999,-9.0,-446.686,250,0.19586,10.8891,0.002,54383.7,0.3135,50,31.1579,0.98313,0.0786,0.0455,-0.0263,0.001,1.0,0.003
2007kk,65,0.04285,0.00088,0.0413,0.00016,0.04177,0.00016,16.9541,0.164312,36.2071,0.166515,-9.0,0,1,-0.050188,0.041943,0.93536,0.13553,16.6875,0.12472,0.00379329,0.000435748,-0.00328473,2.48542e-05,-1.63887e-05,55.5969,39.2418,-999,-999,-9.0,-446.686,250,0.19586,10.8891,0.048,54383.8,0.2628,68,52.7256,0.91384,0.0683,0.0455,-0.0259,0.001,1.0,0.003
AT2016htm,150,0.04289,0.00088,0.04265,0.00015,0.04332,0.00015,16.9488,0.160264,36.2018,0.162522,-9.0,0,1,-0.07832,0.032698,-0.466558,0.20121,16.8576,0.0374754,0.00324306,0.000111938,0.000703014,-4.58578e-06,-3.14677e-06,38.0109,-26.6659,-999,-999,-9.0,-67.4911,250,0.014586,9.40838,0.014,57702.6,0.1387,10,19.5976,0.033297,0.0762,0.0455,0.0298,0.001,1.0,0.005
MASTERJ0134,150,0.04369,0.00087,0.04391,4e-05,0.04485,4e-05,17.0064,0.175714,36.2594,0.177777,-9.0,0,1,-0.070549,0.043894,0.40246,0.20036,16.8032,0.0648028,0.00340972,0.000203511,-0.000363909,2.06262e-06,-7.78747e-06,23.5627,-17.8121,-999,-999,-9.0,60.6481,250,0.0176115,9.19675,0.002,57665.8,0.6587,5,2.51605,0.86667,0.0911,0.0442,0.0219,0.001,1.0,0.005
ASASSN-15mg,150,0.04408,0.00087,0.04307,1e-05,0.04277,1e-05,17.0768,0.179185,36.3298,0.181208,-9.0,0,1,-0.044881,0.037229,-1.55653,0.1597,17.233,0.0435214,0.002295,9.19944e-05,-0.000679711,-1.12026e-06,-2.8374e-06,233.094,41.8504,-999,-999,-9.0,-289.796,250,0.0278557,9.84386,0.029,57218.1,0.1421,12,9.16036,0.68918,0.0905,0.0438,0.013,0.002,1.0,0.005
AT2016cvv,150,0.04438,0.00096,0.04404,0.0004,0.04457,0.0004,17.2939,0.229619,36.5469,0.231201,-9.0,0,1,0.054703,0.043587,1.47222,0.33066,17.2196,0.0741287,0.00232353,0.000158639,-0.00449484,1.08624e-05,-5.56977e-06,290.12,54.2087,-999,-999,-9.0,-97.4435,250,0.0886039,11.4594,0.034,57558.1,0.7166,9,24.2621,0.00390558,0.112,0.048,-0.0786,0.002,1.0,0.01
2005ku,5,0.04439,0.00087,0.04397,1e-05,0.04525,1e-05,17.0386,0.247611,36.2916,0.249078,-9.0,0,1,0.06224,0.024688,-0.1945,0.14602,17.3103,0.0377587,0.00213728,7.43281e-05,-0.000266579,1.10171e-06,-1.31858e-06,344.927,-0.0137,-999,-999,-9.0,-120.6,250,0.046251,9.64568,0.61,53699.5,0.2244,20,73.7123,4.46064e-08,0.0605,0.0435,-0.0018,0.009,1.0,0.023
1992bh,50,0.0444,0.00218,0.0451,0.002,0.045,0.002,17.298,0.269174,36.551,0.270525,-9.0,0,1,0.023653,0.045347,-0.008455,0.14974,17.3486,0.0377084,0.00206331,7.16602e-05,-0.00201556,2.97258e-06,-2.56518e-06,74.8628,-58.8304,-999,-999,-9.0,202.276,250,0.0191094,10.1363,0.3,48920.9,0.4295,24,15.9819,0.88873,0.1209,0.1089,-0.0762,0.002,1.0,0.007
PSNJ1204051,150,0.04545,0.00087,0.04502,1e-05,0.04385,1e-05,17.2011,0.1944,36.4541,0.196266,-9.0,0,1,0.035848,0.036042,1.28783,0.2333,17.1026,0.0429148,0.00258792,0.00010229,-0.000430174,-1.78793e-06,-3.04548e-06,181.021,14.0681,-999,-999,-9.0,-123.442,250,0.0270148,10.0939,0.002,57170.3,0.4117,8,14.7588,0.0640083,0.0904,0.0425,-0.0717,0.001,1.0,0.008
2005hc,64,0.04575,0.00087,0.04496,2e-05,0.04592,2e-05,17.2104,0.171419,36.4634,0.173532,-9.0,0,1,-0.026552,0.027774,0.42521,0.11499,17.1229,0.0342991,0.00253993,8.02382e-05,-0.000112077,-5.0524e-07,-1.81734e-06,29.1998,-0.2137,-999,-999,-9.0,-228.691,250,0.0281406,7.0,0.161,53668.3,0.136,54,75.9344,0.0261784,0.0649,0.0422,0.005,0.004,1.0,0.008
2005hc,5,0.04575,0.00087,0.04496,2e-05,0.04592,2e-05,17.2609,0.149515,36.5139,0.151933,-9.0,0,1,-0.058108,0.022165,0.7928,0.038244,17.0338,0.0272435,0.00275724,6.91851e-05,-0.00018788,3.18462e-07,-1.11702e-06,29.1998,-0.2137,-999,-999,-9.0,-228.691,250,0.0281406,7.0,0.14,53668.2,0.0543,60,56.1364,0.61765,0.0538,0.0422,0.0172,0.004,1.0,0.006
2008050,65,0.04625,0.0009,0.04627,0.0002,0.04526,0.0002,17.0106,0.216428,36.2636,0.218105,-9.0,0,1,-0.011597,0.034393,1.07343,0.40803,16.8728,0.0431837,0.00319807,0.000127199,-0.00164164,-1.92709e-06,-3.71568e-06,204.198,5.1418,-999,-999,-9.0,6.3868,250,0.0228029,9.02736,0.0,54621.0,0.6646,28,37.0587,0.11757,0.1034,0.0432,0.004,0.005,1.0,0.01
2005lz,64,0.04643,0.00088,0.04541,0.00014,0.04624,0.00014,17.0717,0.193143,36.3247,0.195021,-9.0,0,1,0.0596,0.03192,-1.22727,0.12822,17.3971,0.058725,0.00197312,0.000106721,-0.000161545,-1.26364e-06,-2.63131e-06,32.7073,34.9828,-999,-999,-9.0,-292.459,250,0.0772451,11.0342,3.553,53736.1,0.145,31,64.9142,0.000341974,0.0704,0.0421,-0.0923,0.003,1.0,0.011
360156,15,0.04656,0.00087,0.04673,1e-05,0.04551,1e-05,17.2551,0.207815,36.5081,0.209562,-9.0,0,1,-0.028343,0.035452,-0.863374,0.14775,17.3611,0.0425157,0.00203967,7.98704e-05,0.000139624,-4.07561e-06,-2.30678e-06,150.807,1.8953,-999,-999,15.398,46.5044,250,0.0183725,9.8038,0.045,55988.6,0.1841,10,5.54857,0.85166,0.085,0.0415,0.0139,0.017,1.0,0.011
2008cf,5,0.04682,0.00088,0.04692,9e-05,0.04603,9e-05,17.2256,0.145717,36.4786,0.148197,-9.0,0,1,-0.116433,0.024494,1.32938,0.089558,16.7783,0.0425169,0.00348872,0.000136616,-0.00053083,2.29836e-06,-2.58147e-06,211.886,-26.5518,-999,-999,-9.0,29.5697,250,0.0575987,8.91208,0.34,54594.9,0.2609,32,113.177,5.35291e-11,0.055,0.0417,0.0565,0.007,1.0,0.005
2008cf,65,0.04682,0.00088,0.04692,9e-05,0.04603,9e-05,17.2327,0.180924,36.4857,0.182928,-9.0,0,1,-0.143532,0.031128,1.28827,0.43295,16.7401,0.0484996,0.00361363,0.00016142,-0.00103476,7.98647e-06,-3.83628e-06,211.886,-26.5518,-999,-999,-9.0,29.5697,250,0.0575987,8.91208,0.0,54595.1,0.7623,19,6.71685,0.99558,0.0939,0.0417,0.0889,0.008,1.0,0.004
AT2017yk,150,0.04691,0.00089,0.04764,0.00015,0.04644,0.00015,17.5052,0.279376,36.7582,0.280677,-9.0,0,1,0.15152,0.04244,-0.599325,0.5657,17.9803,0.0524477,0.00115316,5.57046e-05,0.00524052,-1.22683e-05,-1.98782e-06,146.133,-12.3082,-999,-999,-9.0,207.291,250,0.0295285,10.0803,0.003,57788.7,0.4718,4,7.71655,0.10253,0.1183,0.0421,-0.1343,0.004,1.0,0.019
PS16fa,150,0.0476,0.00087,0.04734,1e-05,0.04611,1e-05,17.3479,0.159417,36.6009,0.161688,-9.0,0,1,-0.002868,0.032797,-0.651798,0.11284,17.4422,0.0384533,0.00189294,6.70419e-05,-0.000429945,4.25363e-08,-1.86175e-06,154.819,4.7617,-999,-999,-9.0,-74.0873,250,0.0218181,10.2881,0.013,57400.3,0.2188,18,18.7882,0.40497,0.0763,0.0406,-0.0454,0.001,1.0,0.004
PS15aii,150,0.04777,0.00087,0.04768,1e-05,0.04655,1e-05,17.3416,0.142856,36.5946,0.145385,-9.0,0,1,-0.060972,0.033404,0.34871,0.14261,17.1377,0.0388066,0.00250558,8.95548e-05,0.000214057,-2.27844e-06,-2.52369e-06,191.19,9.7597,-999,-999,-9.0,-26.3507,250,0.022432,10.3823,0.012,57159.1,0.1757,9,8.88446,0.44801,0.0772,0.0405,-0.0163,0.001,1.0,0.002
PS17akj,150,0.04777,0.00087,0.0478,1e-05,0.04681,1e-05,17.3097,0.207053,36.5627,0.208806,-9.0,0,1,-0.060006,0.03815,1.35352,0.24805,16.9973,0.0505932,0.00285151,0.000132875,-0.000149382,-8.47463e-06,-1.92692e-06,207.455,-3.08,-999,-999,-9.0,8.6079,250,0.0442696,8.85712,0.005,57798.8,0.2989,9,18.8331,0.0266502,0.1199,0.0405,0.0204,0.001,1.0,0.005
ASASSN-15pm,150,0.04837,0.00089,0.04777,0.00015,0.04879,0.00015,17.1205,0.152367,36.3735,0.154741,-9.0,0,1,-0.058198,0.034851,-0.070478,0.17495,16.9899,0.0417811,0.00287103,0.000110482,-0.000636284,-6.76251e-07,-3.17087e-06,24.6504,-4.6798,-999,-999,-9.0,-170.031,250,0.0276521,10.292,0.097,57278.7,0.3623,10,11.0193,0.35602,0.0853,0.0409,-0.0134,0.001,1.0,0.002
1995ac,61,0.0486,0.00087,0.04867,2e-05,0.0499,2e-05,17.0773,0.133124,36.3303,0.135835,-9.0,0,1,-0.061435,0.027624,0.7562,0.087741,16.8089,0.0374671,0.00339195,0.000117051,-0.000222344,-5.84772e-08,-2.5872e-06,341.392,-8.7513,-999,-999,-9.0,20.1185,250,0.036477,10.3844,0.07,49993.5,0.1192,67,143.952,1.49497e-07,0.0629,0.0398,-0.0193,0.002,1.0,0.003
PS16el,150,0.0494,0.00087,0.04896,1e-05,0.0478,1e-05,17.2161,0.174923,36.4691,0.176995,-9.0,0,1,-0.040141,0.03829,-1.31125,0.15007,17.3414,0.0476096,0.00207709,9.10807e-05,-0.000912862,-5.97029e-08,-3.02158e-06,162.802,19.3625,-999,-999,-9.0,-126.334,250,0.0333659,9.98418,0.001,57394.9,0.2031,18,15.9332,0.59721,0.0886,0.0392,0.0035,0.003,1.0,0.005
2006cq,64,0.04944,0.00088,0.04928,2e-05,0.04844,2e-05,17.3298,0.165914,36.5828,0.168097,-9.0,0,1,-0.006857,0.029073,-0.16718,0.5083,17.3241,0.0315457,0.00211032,6.13146e-05,0.00417774,-7.97852e-06,-1.53271e-06,201.105,30.9563,-999,-999,-9.0,-44.6685,250,0.0128783,10.6551,0.401,53890.0,0.3288,10,12.5204,0.25174,0.085,0.0396,-0.0615,0.002,1.0,0.004
PS15asb,150,0.04989,0.00094,0.04952,0.00033,0.04863,0.00033,17.2184,0.183555,36.4714,0.18553,-9.0,0,1,0.00342,0.040271,-1.52138,0.24469,17.4425,0.0533577,0.00189234,9.29974e-05,-0.000353429,1.17111e-06,-2.9712e-06,215.085,-9.3009,-999,-999,-9.0,-107.07,250,0.0456489,10.2884,0.1,57194.3,0.4849,8,11.995,0.15143,0.0962,0.0419,-0.0633,0.001,1.0,0.005
PS16dnp,150,0.05023,0.00088,0.04998,3e-05,0.05127,3e-05,17.6053,0.160978,36.8583,0.163226,-9.0,0,1,-0.094383,0.037287,0.80899,0.24012,17.2868,0.0643366,0.00218412,0.000129423,-0.000235212,3.63893e-07,-3.84199e-06,344.915,2.1498,-999,-999,-9.0,-70.9704,250,0.0790465,8.04941,0.285,57598.0,0.3558,16,27.0462,0.0409721,0.0839,0.039,0.0403,0.001,1.0,0.004
2007kh,65,0.05032,0.00508,0.04944,0.005,0.05,0.005,17.2873,0.452607,36.5403,0.453411,-9.0,0,1,0.11931,0.063173,0.61284,0.39568,17.6127,0.13391,0.0016178,0.000199527,-0.00318278,1.25566e-05,-1.04206e-05,48.8004,43.1703,-999,-999,-9.0,-250.684,250,0.17049,9.56783,0.063,54366.3,1.0683,20,19.3314,0.50039,0.1291,0.2246,-0.0055,0.017,1.0,0.031
PS16fbb,150,0.05106,0.00088,0.05139,0.0001,0.0525,0.0001,17.6274,0.166181,36.8804,0.16836,-9.0,0,1,-0.114949,0.038673,0.64076,0.25359,17.2831,0.0435965,0.00219154,8.79987e-05,0.00194225,-6.88919e-06,-2.89882e-06,1.7631,-20.6968,-999,-999,-9.0,91.7398,250,0.0176234,8.77965,0.014,57719.5,0.227,5,14.1608,0.0146196,0.0892,0.0384,0.0533,0.001,1.0,0.004
ASASSN-16hc,150,0.05151,0.00088,0.05165,1e-05,0.05093,1e-05,17.3332,0.154491,36.5862,0.156832,-9.0,0,1,-0.078777,0.034222,1.2185,0.27674,16.9633,0.0377,0.0029422,0.000102162,-0.000447717,1.09706e-06,-2.94508e-06,209.768,33.139,-999,-999,-9.0,40.677,250,0.0124845,10.7547,0.001,57582.4,0.4507,9,26.0474,0.00200681,0.0887,0.038,0.0011,0.001,1.0,0.002
2006ot,5,0.05202,0.00089,0.05232,0.00015,0.0531,0.00015,17.6149,0.206551,36.8679,0.208308,-9.0,0,1,0.099567,0.02315,0.82077,0.091625,17.7273,0.0254217,0.00145572,3.40846e-05,-0.000368389,6.3544e-07,-6.23376e-07,33.7702,-20.7662,-999,-999,-9.0,85.9349,250,0.0152133,11.3736,0.17,54064.2,0.2449,45,225.36,7.802730000000001e-26,0.0573,0.0381,-0.1268,0.004,1.0,0.014
AT2016htn,150,0.05222,0.00089,0.05229,0.00015,0.05312,0.00015,17.5881,0.216572,36.8411,0.218249,-9.0,0,1,0.077106,0.037473,-0.150879,0.35045,17.7995,0.0439154,0.00136201,5.50899e-05,0.00191453,-5.06457e-06,-1.76433e-06,32.8711,-16.5102,-999,-999,-9.0,20.9412,250,0.0231814,10.2648,0.001,57701.3,0.3156,6,5.59944,0.46952,0.0937,0.038,-0.1016,0.003,1.0,0.011
PS16evk,150,0.05262,0.00088,0.0532,1e-05,0.05447,1e-05,17.6614,0.205745,36.9144,0.207509,-9.0,0,1,-0.030061,0.042688,1.53705,0.34236,17.4023,0.0662794,0.0019637,0.000119875,-0.00171829,2.17616e-06,-3.88796e-06,338.344,-1.357,-999,-999,-9.0,165.11,250,0.0613596,9.93232,0.001,57694.6,0.8721,7,5.80398,0.66918,0.1109,0.0372,0.0082,0.002,1.0,0.006
2010dt,66,0.05316,0.00088,0.05291,2e-05,0.05287,2e-05,17.5944,0.170074,36.8474,0.172204,-9.0,0,1,-0.10615,0.042276,-0.080844,0.44217,17.3523,0.0599343,0.00205621,0.000113506,0.00895738,-3.84484e-05,-3.94838e-06,250.811,32.6751,-999,-999,-9.0,-69.1188,250,0.0290985,10.1659,0.441,55361.7,0.1898,4,8.14329,0.0864681,0.0993,0.0369,0.0218,0.003,1.0,0.002
2006lu,5,0.05346,0.00088,0.05449,9e-05,0.0534,9e-05,17.6101,0.131065,36.8631,0.133817,-9.0,0,1,-0.139525,0.028053,0.26916,0.066536,17.2516,0.0667191,0.00225613,0.000138641,-0.000204908,5.79106e-07,-2.84351e-06,138.824,-25.6001,-999,-999,-9.0,291.109,250,0.0992623,10.0668,0.14,54036.3,0.0201,42,53.1362,0.11642,0.061,0.0367,0.0602,0.003,1.0,0.002
PS16ayd,150,0.05469,0.00088,0.05485,1e-05,0.05399,1e-05,17.6051,0.147136,36.8581,0.149593,-9.0,0,1,-0.131506,0.034098,0.92156,0.20705,17.1682,0.0457552,0.00243624,0.000102668,0.000413598,-5.84925e-07,-2.91889e-06,216.826,-1.6753,-999,-999,-9.0,45.7329,250,0.0417231,10.4328,0.024,57460.8,0.3889,16,29.796,0.019089,0.0762,0.0359,0.0533,0.002,1.0,0.001
490007,15,0.05541,0.00088,0.05513,1e-05,0.05439,1e-05,17.6146,0.19249,36.8676,0.194374,-9.0,0,1,-0.026126,0.033123,-0.205706,0.0865,17.6246,0.0393667,0.00160009,5.80161e-05,0.000210095,-1.65238e-06,-1.62078e-06,184.268,46.6275,-999,-999,17.1094,-80.9386,250,0.0157229,9.16275,0.067,56365.7,0.0764,12,12.2048,0.42938,0.0745,0.0354,0.0081,0.005,1.0,0.011
PS16aer,150,0.05693,0.00088,0.05668,1e-05,0.05547,1e-05,17.7863,0.174228,37.0393,0.176308,-9.0,0,1,0.031526,0.035407,-0.052972,0.22047,17.8625,0.0419402,0.00128529,4.96486e-05,0.00116085,-3.17299e-06,-1.53018e-06,163.742,14.2716,-999,-999,-9.0,-71.0523,250,0.020118,10.2711,0.012,57434.1,0.1555,18,27.1974,0.0753673,0.0809,0.0345,-0.0815,0.002,1.0,0.006
2005hj,5,0.05708,0.00088,0.05631,1e-05,0.05739,1e-05,17.7373,0.169312,36.9903,0.171451,-9.0,0,1,-0.02589,0.024024,1.61884,0.10542,17.4717,0.0297356,0.00184218,5.04526e-05,-0.000376575,1.59132e-07,-8.72155e-07,21.7017,-1.2381,-999,-999,-9.0,-217.878,250,0.0333169,9.22407,0.13,53674.9,0.1735,36,94.7347,3.51981e-07,0.0616,0.0344,0.0009,0.01,1.0,0.008
2008eq,51,0.05728,0.00088,0.0568,0.0,0.0568,0.0,17.8157,0.21967,37.0687,0.221323,-9.0,0,1,0.10104,0.034055,0.50506,0.24341,17.9717,0.0532614,0.00116235,5.70198e-05,0.00102343,-3.50815e-06,-1.42302e-06,255.03,23.1324,-999,-999,-9.0,-136.253,250,0.0626303,10.1809,0.004,54690.1,0.2394,29,17.0092,0.96204,0.0839,0.0343,-0.1344,0.005,1.0,0.013
SN2016gmb,150,0.0583,0.00089,0.05708,8e-05,0.05827,8e-05,17.7015,0.180838,36.9545,0.182842,-9.0,0,1,-0.099359,0.043751,1.1287,0.28748,17.3271,0.0696605,0.00210451,0.000135024,-0.00325498,1.14792e-05,-4.74829e-06,8.6861,-6.1589,-999,-999,-9.0,-343.702,250,0.0292604,9.39885,0.003,57656.5,1.0332,9,8.85707,0.54572,0.1051,0.0341,0.047,0.002,1.0,0.003
2001ah,63,0.05886,0.00088,0.05837,1e-05,0.05776,1e-05,17.7272,0.213869,36.9802,0.215566,-9.0,0,1,-0.055128,0.029506,1.326,0.56127,17.3932,0.0585552,0.00198023,0.000106797,0.00150967,-4.22387e-05,-1.64693e-06,167.624,55.1608,-999,-999,-9.0,-138.06,250,0.0110747,10.5719,0.02,52007.0,0.6787,16,22.1318,0.13899,0.136,0.0334,-0.0203,0.003,1.0,0.003
2008bz,5,0.06099,0.00089,0.0613,1e-05,0.06015,1e-05,17.9101,0.120944,37.1631,0.123921,-9.0,0,1,-0.136015,0.022843,-0.455183,0.080157,17.6716,0.0256395,0.00153241,3.61875e-05,-0.000286604,5.55068e-07,-6.31897e-07,189.741,11.1295,-999,-999,-9.0,88.7212,250,0.0229118,10.3562,0.0,54579.8,0.1646,35,94.6359,2.16138e-07,0.0563,0.0326,0.0625,0.006,1.0,0.002
2008bz,65,0.06099,0.00089,0.0613,1e-05,0.06015,1e-05,17.9395,0.158283,37.1925,0.16057,-9.0,0,1,-0.137115,0.036335,0.013388,0.3614,17.6273,0.0550867,0.00159611,8.09814e-05,-0.00244301,1.20319e-05,-2.354e-06,189.741,11.1295,-999,-999,-9.0,88.7212,250,0.0229118,10.3562,0.016,54577.9,0.8448,22,17.879,0.71314,0.0918,0.0326,0.0614,0.005,1.0,0.002
2006oa,64,0.06153,0.00089,0.06142,1e-05,0.06257,1e-05,17.8217,0.181317,37.0747,0.183316,-9.0,0,1,-0.016435,0.029345,1.27481,0.23874,17.6386,0.0378925,0.00157968,5.51311e-05,0.00117353,-3.91737e-06,-1.29801e-06,320.929,-0.8435,-999,-999,-9.0,-33.0806,250,0.0348774,8.11091,0.115,54067.1,0.1507,37,51.7063,0.0548301,0.0716,0.0323,0.0034,0.008,1.0,0.009
1992bs,50,0.06372,0.0009,0.0637,0.00015,0.06405,0.00015,18.0987,0.204745,37.3517,0.206518,-9.0,0,1,-0.046839,0.048183,-0.254896,0.12543,18.0085,0.0409461,0.00112357,4.23728e-05,-0.00107221,1.62982e-06,-1.49697e-06,52.3749,-37.2718,-999,-999,-9.0,-4.4741,250,0.0104577,10.5104,0.28089,48986.0,0.4364,29,30.918,0.3693,0.1257,0.0316,-0.0354,0.003,1.0,0.003
2007ae,64,0.06533,0.00096,0.06485,0.00036,0.06499,0.00036,17.8321,0.150634,37.0851,0.153034,-9.0,0,1,-0.012542,0.031713,1.75915,0.28665,17.5401,0.0444305,0.00172961,7.07789e-05,-0.000475577,4.61133e-06,-1.76582e-06,255.467,79.0318,-999,-999,-9.0,-135.085,250,0.0385289,10.8837,3.812,54153.2,0.6613,32,24.1847,0.83765,0.0782,0.0329,-0.0461,0.008,1.0,0.004
PS15cms,150,0.06627,0.00089,0.06603,3e-05,0.06479,3e-05,18.1087,0.201511,37.3617,0.203312,-9.0,0,1,-0.020643,0.043274,1.37281,0.3396,17.8457,0.0492683,0.00130527,5.92301e-05,-0.00440596,2.16849e-07,-2.02662e-06,149.646,0.743,-999,-999,-9.0,-69.583,250,0.0224483,10.4286,0.001,57325.9,0.6642,12,7.54254,0.81978,0.1281,0.0301,-0.049,0.002,1.0,0.002
6057,1,0.06654,0.00089,0.06652,1e-05,0.06707,1e-05,17.9097,0.294956,37.1627,0.296189,-9.0,0,1,0.11238,0.02879,-0.423267,0.10888,18.4415,0.0662818,0.000754045,4.60327e-05,-6.67907e-05,-1.78373e-07,-9.97409e-07,52.5536,-0.9746,-9,-9,0.514,-6.3317,250,0.10056,9.52798,0.049,53663.6,0.1027,36,49.1711,0.0705395,0.062,0.03,0.0695,0.05,1.0,0.036
SN2016ixf,150,0.06711,0.0009,0.06723,0.00011,0.06602,0.00011,18.1707,0.192528,37.4237,0.194412,-9.0,0,1,-0.114194,0.043204,0.79391,0.35403,17.8074,0.0533693,0.00135219,6.64666e-05,-0.00339892,4.68293e-06,-2.29242e-06,159.936,15.0347,-999,-999,-9.0,32.3162,250,0.0293128,9.99601,0.018,57742.6,0.7832,6,19.916,0.0028663,0.1185,0.0301,0.0545,0.002,1.0,0.003
1993B,50,0.07023,0.0009,0.07076,9e-05,0.0696,9e-05,18.0414,0.276366,37.2944,0.277681,-9.0,0,1,0.034078,0.055036,-0.323197,0.16341,18.2099,0.0664935,0.000933353,5.71612e-05,-0.00100578,6.83385e-07,-1.88585e-06,158.717,-34.4417,-999,-999,-9.0,146.875,250,0.0701869,9.39781,-9.0,49005.5,0.5971,18,50.3739,6.62575e-05,0.1452,0.0288,-0.037,0.014,1.0,0.013
2008Y,51,0.07056,0.00089,0.07028,2e-05,0.06965,2e-05,18.0431,0.225296,37.2961,0.226908,-9.0,0,1,0.060506,0.042844,-0.281662,0.53662,18.203,0.0892961,0.000939307,7.72531e-05,-0.00203219,9.09747e-06,-2.15815e-06,169.877,54.4628,-999,-999,-9.0,-79.0466,250,0.0112737,10.544,0.004,54502.9,1.4542,10,6.65038,0.75799,0.123,0.0283,-0.1212,0.008,1.0,0.008
2008Y,65,0.07056,0.00089,0.07028,2e-05,0.06965,2e-05,18.0245,0.210599,37.2775,0.212322,-9.0,0,1,0.060985,0.037541,-0.607813,0.25965,18.2412,0.0565672,0.000906796,4.72444e-05,-0.000247528,-1.09395e-06,-9.01268e-07,169.877,54.4628,-999,-999,-9.0,-79.0466,250,0.0112737,10.544,0.072,54503.7,0.8603,36,36.2899,0.45514,0.11,0.0283,-0.1139,0.009,1.0,0.008
PS15bwh,150,0.07158,0.00099,0.07149,0.00043,0.07267,0.00043,17.9964,0.158791,37.2494,0.16107,-9.0,0,1,-0.081314,0.037564,0.71915,0.21376,17.6874,0.0416184,0.00151018,5.78883e-05,-0.00119804,-2.15612e-06,-1.76962e-06,352.644,-18.8915,-999,-999,-9.0,-27.116,250,0.0247259,10.6434,0.1,57279.0,0.1461,12,12.0761,0.43959,0.0996,0.0311,-0.0038,0.002,1.0,0.001
Gaia16aki,150,0.07393,0.0009,0.07398,1e-05,0.07363,1e-05,18.3005,0.174425,37.5535,0.176502,-9.0,0,1,-0.087634,0.039528,0.59125,0.24591,18.0217,0.0483116,0.00110996,4.93894e-05,-0.00261645,1.8868e-06,-1.55381e-06,239.794,14.6416,-999,-999,-9.0,15.2964,250,0.03679,9.48062,0.013,57490.7,0.5723,34,61.2757,0.00281181,0.1051,0.0274,0.027,0.002,1.0,0.003
PS17bii,150,0.07446,0.0009,0.07467,2e-05,0.07339,2e-05,18.1971,0.190211,37.4501,0.192118,-9.0,0,1,-0.096392,0.046147,-0.890865,0.37518,18.1038,0.0610157,0.00102917,5.78368e-05,-0.000339057,-3.79438e-06,-1.98173e-06,171.409,7.3336,-999,-999,-9.0,58.3422,250,0.0661965,10.167,0.002,57811.8,0.3857,10,20.1152,0.028182,0.1254,0.0272,0.0209,0.002,1.0,0.001
2005ir,5,0.0752,0.0009,0.0749,1e-05,0.07602,1e-05,18.3126,0.152624,37.5656,0.154994,-9.0,0,1,-0.025823,0.023678,0.72205,0.12811,18.1593,0.0263767,0.000977898,2.37569e-05,-7.34961e-05,-1.74379e-07,-4.11164e-07,19.1825,0.7946,-999,-999,-9.0,-83.8601,250,0.0262922,9.78987,0.09,53685.8,0.1552,40,77.8804,0.000312062,0.0611,0.0269,-0.0194,0.01,1.0,0.007
370333,15,0.07588,0.00134,0.07557,0.001,0.075,0.001,18.3812,0.196478,37.6342,0.198325,-9.0,0,1,-0.021726,0.037703,0.91969,0.16381,18.2386,0.044719,0.000909026,3.74407e-05,0.00187538,-3.32388e-06,-1.23623e-06,164.38,57.2977,-999,-999,20.0291,-84.0517,250,0.00660803,7.99137,0.1,56014.8,0.0979,15,26.4124,0.0339046,0.0808,0.0397,0.0078,0.002,1.0,0.011
2007hx,5,0.07875,0.0009,0.07849,2e-05,0.07944,2e-05,18.8412,0.178084,38.0942,0.180119,-9.0,0,1,0.090692,0.024597,0.48448,0.14,18.9579,0.0286586,0.000468634,1.23699e-05,-0.000496056,1.88636e-07,-2.23533e-07,31.6128,-0.8995,-999,-999,-9.0,-72.372,250,0.0301623,10.2646,0.11,54354.9,0.2713,34,68.6457,0.000396141,0.0646,0.0258,-0.1446,0.008,1.0,0.009
560033,15,0.07895,0.01004,0.07869,0.01,0.08,0.01,18.3458,0.502614,37.5988,0.503338,-9.0,0,1,0.09678,0.029915,-0.248002,0.14996,18.8016,0.0431323,0.000541182,2.14992e-05,0.000647543,-1.06099e-06,-5.34e-07,353.599,-0.6831,-999,-999,18.2026,-74.4184,250,0.0338446,9.07144,0.368,56578.4,0.1159,13,11.6726,0.55465,0.0659,0.2866,0.0676,0.008,1.0,0.034
12779,1,0.07906,0.0009,0.07891,3e-05,0.07995,3e-05,18.5313,0.236664,37.7843,0.238199,-9.0,0,1,0.10798,0.032149,-0.63006,0.2493,18.9489,0.0670245,0.000472527,2.917e-05,-0.00332345,3.02233e-06,-7.86477e-07,309.472,1.2211,-9,-9,6.701,-40.944,250,0.0826316,10.332,0.083,53971.9,0.906,28,21.8388,0.7887,0.0745,0.0257,-0.0616,0.008,1.0,0.021
PS15bzz,150,0.07931,0.0009,0.07901,1e-05,0.08024,1e-05,18.277,0.14472,37.53,0.147217,-9.0,0,1,-0.017322,0.032914,-0.914595,0.23732,18.3565,0.0435549,0.000815449,3.27122e-05,-0.000348888,-5.62159e-07,-8.36194e-07,9.4247,1.7628,-999,-999,-9.0,-83.7337,250,0.0172497,10.4626,0.053,57284.3,0.5886,25,35.929,0.072684,0.0846,0.0256,-0.0543,0.002,1.0,0.002
350316,15,0.07991,0.00135,0.07966,0.001,0.079,0.001,18.3473,0.155478,37.6003,0.157805,-9.0,0,1,-0.071956,0.027541,-0.427538,0.086026,18.2603,0.038239,0.000891013,3.1381e-05,0.000264816,-8.75089e-07,-7.27092e-07,131.469,43.8188,-999,-999,19.3109,-69.2072,250,0.0261874,8.61131,0.566,55965.1,0.0743,18,16.913,0.52909,0.0591,0.0381,0.02,0.003,1.0,0.007
2005ag,5,0.08009,0.0009,0.08024,1e-05,0.07954,1e-05,18.4138,0.116193,37.6668,0.119289,-9.0,0,1,-0.074453,0.023665,0.28209,0.050407,18.1867,0.0292482,0.000953488,2.56856e-05,-0.000216107,1.57051e-07,-4.22888e-07,224.182,9.3285,-999,-999,-9.0,42.0914,250,0.0343608,10.69,0.12,53415.4,0.0885,115,128.729,0.18006,0.0587,0.0253,-0.0076,0.005,1.0,0.002
12950,1,0.08167,0.0009,0.08141,1e-05,0.08273,1e-05,18.4685,0.217982,37.7215,0.219648,-9.0,0,1,0.027176,0.022079,-0.396496,0.083121,18.6972,0.0352445,0.000595828,1.93414e-05,5.2693e-05,-2.52919e-07,-3.29274e-07,351.667,-0.8403,-9,-9,1.398,-71.2932,250,0.0377921,9.42557,0.04,54000.0,0.0926,45,65.6353,0.0239368,0.0495,0.0249,0.0338,0.014,1.0,0.02
SN2016glp,150,0.0841,0.00091,0.08366,0.00012,0.08493,0.00012,18.7156,0.219943,37.9686,0.221594,-9.0,0,1,0.13583,0.043539,0.96912,0.35372,18.8788,0.0668359,0.000504065,3.10293e-05,0.00344815,-4.51383e-06,-1.18957e-06,354.058,23.696,-999,-999,-9.0,-121.995,250,0.0456357,10.5245,0.014,57658.8,0.2287,30,51.9536,0.00770469,0.096,0.0244,-0.1663,0.009,1.0,0.011
3592,1,0.08572,0.00091,0.08544,5e-05,0.08658,5e-05,18.5876,0.125696,37.8406,0.128563,-9.0,0,1,-0.039793,0.02054,-0.153731,0.071465,18.5167,0.0301175,0.000703595,1.95172e-05,6.77686e-05,-2.83837e-07,-3.17226e-07,19.0524,0.7919,-9,-9,5.299,-76.2223,250,0.0255774,10.1853,0.057,53645.1,0.0627,58,51.7626,0.70498,0.046,0.024,-0.0229,0.002,1.0,0.005
SN2016grz,150,0.08704,0.00103,0.08656,0.0005,0.08748,0.0005,18.5954,0.215122,37.8484,0.21681,-9.0,0,1,0.0535,0.038526,0.81158,0.42443,18.6515,0.0527016,0.000621466,3.01659e-05,0.00409971,-3.68863e-06,-9.76052e-07,28.8874,33.8229,-999,-999,-9.0,-133.261,250,0.0425884,8.99392,0.027,57670.6,0.598,11,13.8319,0.24244,0.0923,0.0268,-0.042,0.007,1.0,0.012
1241,1,0.0887,0.00091,0.08848,1e-05,0.08979,1e-05,18.5242,0.251737,37.7772,0.253181,-9.0,0,1,0.055246,0.024,-0.551806,0.078987,18.8841,0.0428187,0.000501615,1.97825e-05,4.96971e-05,-2.69078e-07,-3.60084e-07,337.672,-0.7766,-9,-9,3.962,-59.4892,250,0.0527951,9.91509,0.103,53635.4,0.0775,56,51.7126,0.63776,0.053,0.0232,0.0552,0.019,1.0,0.026
590194,15,0.09039,0.00091,0.09015,2e-05,0.08951,2e-05,18.6672,0.215354,37.9202,0.21704,-9.0,0,1,0.01867,0.031189,0.27044,0.20513,18.7522,0.0409527,0.00056638,2.13632e-05,0.000968031,-1.04097e-06,-5.26522e-07,130.237,44.5243,-999,-999,17.2771,-65.5475,250,0.0201998,9.75408,0.014,56682.5,0.2293,5,5.64747,0.34205,0.0734,0.0228,0.0148,0.002,1.0,0.016
370066,15,0.09089,0.00135,0.09066,0.001,0.09,0.001,18.7739,0.165363,38.0269,0.167553,-9.0,0,1,-0.101902,0.032593,-0.081354,0.46993,18.5599,0.0386281,0.000676172,2.40567e-05,0.00598568,-4.02477e-06,-6.69704e-07,130.349,43.0544,-999,-999,18.3269,-62.1878,250,0.0215796,9.12019,0.034,56001.3,0.3117,3,3.47434,0.32411,0.0792,0.0337,0.0367,0.002,1.0,0.006
300105,15,0.09205,0.00091,0.09181,1e-05,0.09314,1e-05,18.9072,0.264969,38.1602,0.266341,-9.0,0,1,0.072885,0.027341,0.32783,0.090019,19.1822,0.0399496,0.000381157,1.40246e-05,8.38124e-05,-2.72605e-07,-3.07893e-07,351.71,-0.7301,-999,-999,17.8554,-65.6529,250,0.0363902,9.04492,0.059,55784.7,0.0769,40,26.7311,0.94654,0.0606,0.0224,0.0456,0.005,1.0,0.028
iPTF17dz,150,0.09293,0.01004,0.09284,0.01,0.092,0.01,18.9696,0.492553,38.2226,0.493293,-9.0,0,1,0.11392,0.084127,1.72317,1.05757,19.0785,0.17485,0.000419383,6.75381e-05,0.0426549,-5.4867e-05,-5.13779e-06,126.107,24.9978,-999,-999,-9.0,-26.3455,250,0.0248646,8.80725,0.138,57767.8,0.9785,20,23.7412,0.30576,0.2082,0.245,-0.0416,0.021,1.0,0.016
160099,15,0.10165,0.00092,0.10142,1e-05,0.10102,1e-05,19.0452,0.16334,38.2982,0.165557,-9.0,0,1,-0.023302,0.028187,0.63877,0.12725,18.9294,0.0415475,0.000481113,1.84106e-05,-0.000207185,9.38673e-09,-4.47446e-07,214.667,54.1831,-999,-999,17.3342,-60.6658,250,0.0106541,9.5937,0.288,55701.1,0.4115,24,22.2237,0.56591,0.0604,0.0206,-0.0019,0.002,1.0,0.009
000190,15,0.10221,0.00136,0.10237,0.001,0.1011,0.001,19.1555,0.185457,38.4085,0.187412,-9.0,0,1,0.003738,0.025848,0.084611,0.098045,19.2136,0.0339766,0.000370314,1.15885e-05,0.000350899,-3.21596e-07,-2.56692e-07,148.988,2.2635,-999,-999,18.2494,44.0736,250,0.0188304,7.0,0.52,55224.4,0.0677,31,18.571,0.9617,0.0556,0.0303,0.0066,0.002,1.0,0.013
140181,15,0.10246,0.00092,0.10231,1e-05,0.10154,1e-05,18.9981,0.197718,38.2511,0.199553,-9.0,0,1,0.017158,0.026802,0.78345,0.11352,18.995,0.0358725,0.000452915,1.49642e-05,0.000353372,-6.48686e-07,-3.33992e-07,183.738,46.845,-999,-999,17.3797,-41.2939,250,0.0142722,9.67327,0.008,55642.6,0.0926,24,12.8688,0.96823,0.0604,0.0204,0.007,0.002,1.0,0.015
18697,1,0.10661,0.00092,0.10638,1e-05,0.10762,1e-05,19.0081,0.193664,38.2611,0.195537,-9.0,0,1,-0.002417,0.021137,0.73545,0.12052,18.9675,0.0277229,0.000464496,1.18603e-05,-2.88472e-06,-5.83146e-08,-1.94459e-07,11.2239,-0.9971,-9,-9,1.19,-61.7105,250,0.016865,9.67706,0.043,54384.4,0.1929,55,47.17,0.7645,0.0512,0.0197,0.023,0.005,1.0,0.015
20625,1,0.10707,0.00092,0.10684,2e-05,0.10813,2e-05,19.2094,0.14869,38.4624,0.151122,-9.0,0,1,-0.000837,0.023675,-0.101771,0.20648,19.2299,0.0321375,0.000364799,1.07979e-05,0.00136706,-5.88686e-07,-2.0592e-07,5.6834,-0.479,-9,-9,1.543,-62.2616,250,0.0210288,10.0166,0.048,54423.6,0.1794,19,14.1273,0.77622,0.0532,0.0196,-0.0444,0.002,1.0,0.008
21034,1,0.10774,0.00092,0.10751,1e-05,0.10855,1e-05,19.2454,0.178023,38.4984,0.180059,-9.0,0,1,0.035552,0.024049,0.064478,0.29463,19.3396,0.0316908,0.000329724,9.62407e-06,0.00159933,-2.98006e-07,-1.76612e-07,28.1414,1.2441,-9,-9,3.527,-62.8826,250,0.02138,10.0033,0.041,54426.1,0.2942,16,12.1883,0.73092,0.0608,0.0195,-0.0586,0.002,1.0,0.011
500038,15,0.10794,0.00092,0.1081,1e-05,0.10682,1e-05,19.1487,0.185149,38.4017,0.187108,-9.0,0,1,0.00565,0.027048,1.20471,0.19717,19.049,0.0344471,0.000430908,1.36714e-05,0.00110435,-8.20201e-07,-3.20978e-07,150.193,2.5513,-999,-999,17.35,42.5255,250,0.0154521,9.73659,0.104,56390.4,0.2124,15,31.8941,0.0066552,0.0605,0.0195,0.0082,0.003,1.0,0.013
020027,15,0.11001,0.00136,0.10988,0.001,0.1091,0.001,19.3171,0.177701,38.5701,0.179741,-9.0,0,1,0.036283,0.029087,0.29665,0.15075,19.3621,0.0335753,0.000322963,9.98731e-06,-0.000914233,2.38422e-08,-2.48305e-07,186.336,46.0152,-999,-999,16.5943,-37.194,250,0.012094,10.0054,0.107,55270.8,0.2451,14,17.6331,0.224,0.0735,0.0282,-0.0758,0.002,1.0,0.009
18650,1,0.11259,0.00093,0.11243,3e-05,0.11371,3e-05,19.3684,0.160952,38.6214,0.163201,-9.0,0,1,-0.037948,0.024519,0.88484,0.11778,19.1929,0.0523154,0.000377418,1.81856e-05,0.000259725,-2.29321e-07,-3.48776e-07,328.447,0.0151,-9,-9,0.075,-45.0863,250,0.0788783,8.53633,0.076,54387.9,0.1298,46,45.907,0.47612,0.0508,0.0189,0.02,0.004,1.0,0.01
18612,1,0.11388,0.00093,0.11365,2e-05,0.11489,2e-05,19.1346,0.193044,38.3876,0.194923,-9.0,0,1,0.064074,0.022262,-0.737167,0.13214,19.4256,0.0302881,0.00030461,8.4975e-06,8.39691e-05,-1.24299e-07,-1.5589e-07,12.2879,0.597,-9,-9,1.288,-61.6063,250,0.022574,10.2452,0.092,54383.7,0.1733,52,81.1852,0.00592922,0.0519,0.0187,-0.0682,0.003,1.0,0.015
8719,1,0.1165,0.00093,0.11628,1e-05,0.11757,1e-05,19.2878,0.157601,38.5408,0.159897,-9.0,0,1,-0.062751,0.023422,0.017727,0.16355,19.1687,0.0333505,0.000385938,1.18548e-05,0.00122473,-9.54987e-07,-2.32218e-07,7.7215,-0.7188,-9,-9,1.761,-58.0587,250,0.0198244,8.80164,0.07,53690.0,0.1065,28,36.0968,0.14015,0.0511,0.0183,0.0252,0.003,1.0,0.009
5395,1,0.11653,0.00106,0.11635,0.0005,0.117,0.0005,19.3772,0.18377,38.6302,0.185742,-9.0,0,1,-0.014134,0.023699,1.18355,0.13593,19.2338,0.044739,0.000363478,1.49775e-05,0.000279285,-2.3672e-07,-2.70251e-07,49.6409,0.1233,-9,-9,0.315,-46.6658,250,0.062183,8.49999,0.075,53663.9,0.1492,63,46.0978,0.94582,0.0527,0.0208,0.0225,0.006,1.0,0.013
2561,1,0.1176,0.00093,0.11741,2e-05,0.11813,2e-05,19.3197,0.23811,38.5727,0.239635,-9.0,0,1,0.041592,0.026424,-0.089094,0.11464,19.5522,0.0489365,0.000271087,1.22185e-05,0.000154901,-1.43633e-07,-2.31483e-07,46.3434,0.8584,-9,-9,5.908,-49.7646,250,0.0658285,7.0,0.033,53639.2,0.1406,74,54.9879,0.95205,0.0608,0.0181,0.0384,0.007,1.0,0.023
490008,15,0.12086,0.01004,0.12067,0.01,0.12,0.01,19.3818,0.30142,38.6348,0.302627,-9.0,0,1,-0.099903,0.02619,0.35309,0.10465,19.1035,0.0353142,0.00040984,1.33303e-05,0.000356043,-4.63714e-07,-2.94539e-07,131.449,44.4206,-999,-999,19.4115,-51.5834,250,0.0232605,8.89488,0.429,56362.6,0.1043,23,25.0514,0.34764,0.0574,0.1907,0.0303,0.002,1.0,0.005
19953,1,0.12207,0.00094,0.1219,2e-05,0.12323,2e-05,19.3415,0.15559,38.5945,0.157915,-9.0,0,1,-0.130952,0.02211,0.72853,0.18419,18.9546,0.0360525,0.000470077,1.56092e-05,0.000929486,-4.41351e-07,-2.51038e-07,332.931,0.5791,-9,-9,1.092,-46.2658,250,0.0445682,9.37542,0.063,54415.2,0.1577,31,35.8413,0.25168,0.0512,0.0177,0.0731,0.006,1.0,0.007
16021,1,0.12357,0.00094,0.12336,2e-05,0.1246,2e-05,19.3634,0.159899,38.6164,0.162163,-9.0,0,1,-0.036819,0.023897,-0.33583,0.12847,19.3661,0.0320816,0.000321782,9.50811e-06,0.000801358,-4.19569e-07,-1.8897e-07,13.8437,-0.3888,-9,-9,1.52,-56.0953,250,0.0220284,9.49127,0.06,54049.1,0.115,37,35.7455,0.52778,0.0514,0.0175,0.0146,0.004,1.0,0.01
6406,1,0.12393,0.00094,0.12377,1e-05,0.12449,1e-05,19.3974,0.143276,38.6504,0.145797,-9.0,0,1,-0.000358,0.023407,0.12939,0.13322,19.3822,0.0452577,0.000317033,1.32152e-05,0.000516246,-2.2248e-07,-2.3777e-07,46.0886,-1.063,-9,-9,0.54,-44.457,250,0.0647628,10.0062,0.054,53674.8,0.1092,63,59.0429,0.61808,0.0494,0.0174,-0.0474,0.001,1.0,0.007
19543,1,0.12405,0.00509,0.12384,0.005,0.1252,0.005,19.582,0.21988,38.835,0.221531,-9.0,0,1,-0.022316,0.024266,-0.83315,0.13952,19.6998,0.0341885,0.000236635,7.45135e-06,0.000626096,-2.67218e-07,-1.41918e-07,357.908,0.2798,-9,-9,0.138,-55.7173,250,0.0303466,8.61533,0.101,54401.0,0.1211,45,45.0806,0.46858,0.0551,0.0943,0.0115,0.008,1.0,0.012
13044,1,0.12472,0.00094,0.12455,2e-05,0.12588,2e-05,19.5086,0.12294,38.7616,0.12587,-9.0,0,1,-0.070705,0.022738,-0.017798,0.12882,19.3395,0.0361454,0.000329747,1.09777e-05,0.000455659,-3.41503e-07,-1.8743e-07,332.543,0.5033,-9,-9,2.61,-45.0282,250,0.0405254,10.0637,0.062,54003.2,0.0928,55,66.2859,0.14168,0.0525,0.0173,-0.0054,0.001,1.0,0.004
2992,1,0.12623,0.00094,0.12608,2e-05,0.12661,2e-05,19.2426,0.292103,38.4956,0.293348,-9.0,0,1,0.10938,0.030776,-0.956571,0.14202,19.825,0.0574565,0.000210871,1.11592e-05,0.000120276,-1.42029e-07,-2.6351e-07,55.497,-0.7827,-9,-9,1.292,-38.3957,250,0.0795535,9.72723,0.057,53641.2,0.1974,63,58.3073,0.64398,0.0675,0.0171,0.0506,0.019,1.0,0.036
744,1,0.1271,0.00094,0.12694,1e-05,0.12825,1e-05,19.4319,0.279584,38.6849,0.280884,-9.0,0,1,0.073211,0.033756,1.39569,0.31642,19.5745,0.0572095,0.000265577,1.39938e-05,0.000687979,1.27034e-07,-3.80414e-07,329.198,0.3175,-9,-9,1.615,-41.9263,250,0.0496069,9.90923,0.075,53612.9,0.7889,31,20.4068,0.92668,0.0774,0.017,0.0697,0.015,1.0,0.03
14871,1,0.1272,0.00106,0.12705,0.0005,0.1276,0.0005,19.4899,0.157206,38.7429,0.159508,-9.0,0,1,-0.053521,0.023662,1.26484,0.11312,19.2189,0.0492218,0.000368509,1.67063e-05,8.06622e-05,-1.64779e-07,-2.99052e-07,54.2771,0.0094,-9,-9,0.661,-40.3573,250,0.0747885,9.14823,0.07,54027.4,0.1274,67,59.2415,0.73885,0.0522,0.0192,0.0287,0.006,1.0,0.009
18855,1,0.12732,0.00094,0.12716,1e-05,0.12783,1e-05,19.5311,0.174841,38.7841,0.176913,-9.0,0,1,-0.022638,0.025018,0.24873,0.14548,19.4888,0.0545208,0.000287406,1.44322e-05,0.000199965,-8.61571e-08,-2.77531e-07,48.6323,0.2698,-9,-9,6.205,-44.3542,250,0.08481,9.82915,0.065,54386.0,0.2108,50,27.1309,0.99658,0.0538,0.017,0.012,0.003,1.0,0.012
15508,1,0.13372,0.00095,0.13353,3e-05,0.13461,3e-05,19.5904,0.155367,38.8434,0.157696,-9.0,0,1,-0.059426,0.022423,0.88393,0.10636,19.3537,0.0302434,0.000325471,9.06604e-06,0.000287172,-1.8711e-07,-1.50879e-07,27.169,-0.5766,-9,-9,3.553,-50.2332,250,0.0252201,9.13587,0.068,54041.6,0.0952,42,47.5662,0.25641,0.0532,0.0164,0.0251,0.003,1.0,0.009
15234,1,0.13535,0.00095,0.13514,2e-05,0.13636,2e-05,19.8245,0.312165,39.0775,0.31333,-9.0,0,1,0.13004,0.028023,0.89204,0.20739,20.2128,0.0356759,0.000147523,4.84742e-06,0.00147791,-3.50136e-07,-1.90111e-07,16.9583,0.8282,-9,-9,1.758,-53.924,250,0.0238536,9.98362,0.061,54032.8,0.2,45,50.2254,0.27408,0.0706,0.0162,0.0654,0.016,1.0,0.04
000014,15,0.13614,0.00138,0.13599,0.001,0.1369,0.001,19.7241,0.204855,38.9771,0.206627,-9.0,0,1,-0.111842,0.033921,0.47577,0.57882,19.3954,0.0448413,0.000313203,1.29354e-05,0.00104444,-7.45974e-07,-2.56801e-07,35.878,-4.6363,-999,-999,17.7487,-39.8714,250,0.0224227,9.80415,0.048,55201.2,0.4951,8,3.60351,0.89101,0.1211,0.0234,0.035,0.002,1.0,0.005
17629,1,0.13658,0.00095,0.1364,2e-05,0.13742,2e-05,19.5945,0.193696,38.8475,0.195569,-9.0,0,1,0.061157,0.027137,-0.34633,0.1476,19.8089,0.0370283,0.000214018,7.29893e-06,0.000668768,-4.35768e-07,-1.5378e-07,30.6364,-1.0892,-9,-9,2.745,-47.5279,250,0.0241298,10.6342,0.056,54370.4,0.114,61,85.4753,0.0210457,0.0645,0.0161,-0.0782,0.003,1.0,0.013
19775,1,0.137,0.00095,0.13687,3e-05,0.13809,3e-05,19.7565,0.222665,39.0095,0.224296,-9.0,0,1,0.098699,0.030737,-0.212482,0.20423,20.0509,0.0545326,0.000171256,8.60154e-06,0.00102807,-3.22228e-07,-1.95269e-07,318.956,0.6513,-9,-9,0.295,-33.2285,250,0.0750758,10.0494,0.104,54404.4,0.1864,44,32.3427,0.90328,0.0706,0.016,-0.0946,0.004,1.0,0.018
18602,1,0.13713,0.00095,0.13696,2e-05,0.13834,2e-05,19.7086,0.257725,38.9616,0.259136,-9.0,0,1,0.063535,0.029645,0.90996,0.18668,19.8656,0.0506298,0.000203124,9.47206e-06,0.00135887,-5.24753e-07,-2.10208e-07,338.984,0.6092,-9,-9,0.61,-45.3089,250,0.0644303,8.85232,0.106,54393.8,0.1341,40,43.924,0.30883,0.0665,0.016,0.0424,0.008,1.0,0.027
17366,1,0.13822,0.00095,0.13811,1e-05,0.13929,1e-05,19.6327,0.125613,38.8857,0.128482,-9.0,0,1,-0.091214,0.024381,0.56478,0.16833,19.3343,0.0470795,0.000331357,1.43682e-05,0.000141811,-3.46193e-07,-2.68908e-07,315.787,-1.0292,-9,-9,10.979,-27.9862,250,0.0687305,10.2891,0.056,54351.5,0.2557,43,33.7706,0.84221,0.0577,0.0159,0.0145,0.001,1.0,0.004
15171,1,0.13826,0.00107,0.13818,0.0005,0.1392,0.0005,19.6973,0.157441,38.9503,0.15974,-9.0,0,1,-0.072561,0.025914,0.67029,0.14725,19.4545,0.0577537,0.000296608,1.57775e-05,0.000256604,-1.44907e-07,-2.98156e-07,304.793,-1.0645,-9,-9,1.163,-19.2613,250,0.0919506,9.85121,0.142,54029.1,0.1382,65,79.4026,0.10788,0.0588,0.0179,0.0281,0.003,1.0,0.008
190340,15,0.1384,0.00138,0.13824,0.001,0.1396,0.001,19.7699,0.121281,39.0229,0.12425,-9.0,0,1,-0.06629,0.026613,0.50784,0.086677,19.5213,0.0445877,0.000278911,1.1454e-05,0.000169003,-1.88059e-07,-2.43444e-07,334.134,0.4733,-999,-999,17.9277,-42.3456,250,0.0547951,10.0088,0.034,55815.3,0.0788,38,49.1525,0.10623,0.0564,0.0231,-0.0211,0.001,1.0,0.003
20084,1,0.13851,0.00095,0.13834,1e-05,0.13973,1e-05,19.7871,0.31794,39.0401,0.319084,-9.0,0,1,0.14895,0.030753,0.078701,0.28687,20.3104,0.0437946,0.000134846,5.43918e-06,0.00181547,-3.45446e-07,-1.28782e-07,347.975,-0.5781,-9,-9,0.616,-46.7375,250,0.0453638,9.92013,0.096,54407.2,0.2574,32,37.4862,0.23196,0.0746,0.0159,0.0219,0.017,1.0,0.042
090275,15,0.13955,0.00138,0.13959,0.001,0.14,0.001,19.7683,0.143245,39.0213,0.145767,-9.0,0,1,-0.037598,0.032102,-1.10837,0.17326,19.834,0.0412607,0.000209115,7.94688e-06,0.000990293,-4.29526e-07,-1.92944e-07,54.0721,-28.0515,-999,-999,17.1626,10.2624,250,0.0091991,10.184,0.008,55494.4,0.1347,22,11.5867,0.96534,0.0763,0.0229,-0.0339,0.002,1.0,0.003
1794,1,0.14082,0.00095,0.1407,6e-05,0.14191,6e-05,19.9245,0.182028,39.1775,0.184019,-9.0,0,1,0.038687,0.028114,1.15712,0.32796,19.8715,0.0527408,0.000202022,9.81344e-06,0.000410379,-4.17509e-08,-2.14475e-07,317.837,-0.4453,-9,-9,0.495,-30.0157,250,0.0756828,11.0328,0.076,53624.7,0.5721,44,34.0941,0.85882,0.0728,0.0156,-0.0543,0.003,1.0,0.01
340229,15,0.14123,0.00138,0.14108,0.001,0.142,0.001,19.7877,0.210706,39.0407,0.212429,-9.0,0,1,-0.005584,0.08806,-1.42415,0.84878,20.0366,0.14105,0.00017352,2.25425e-05,0.0577346,-1.27586e-05,-1.85976e-06,35.879,-2.8604,-999,-999,18.0418,-41.6636,250,0.0225389,9.69378,0.1,55919.1,0.5915,3,2.31908,0.50888,0.0933,0.0226,0.0037,0.012,1.0,0.011
2635,1,0.14325,0.00108,0.14311,0.0005,0.1437,0.0005,19.794,0.158316,39.047,0.160602,-9.0,0,1,-0.045749,0.025536,0.85923,0.1362,19.5979,0.0536384,0.000259919,1.28407e-05,8.06264e-05,-1.56037e-07,-2.45247e-07,52.7043,-1.2381,-9,-9,1.933,-35.6881,250,0.0837572,9.59628,0.054,53640.3,0.1738,76,72.8334,0.58168,0.058,0.0175,0.0197,0.003,1.0,0.008
17497,1,0.14404,0.00095,0.14388,2e-05,0.14479,2e-05,19.8226,0.168444,39.0756,0.170594,-9.0,0,1,0.038584,0.022744,0.90707,0.12522,19.7966,0.0323655,0.000216445,6.45217e-06,0.000129535,-1.54011e-07,-1.08643e-07,37.1366,-1.0421,-9,-9,2.559,-43.3932,250,0.0304391,10.0189,0.052,54364.7,0.1237,89,98.6635,0.22687,0.056,0.0153,-0.0639,0.002,1.0,0.01
8921,1,0.14423,0.00095,0.1441,1e-05,0.14539,1e-05,19.763,0.239442,39.016,0.24096,-9.0,0,1,-8e-06,0.031993,0.73414,0.26961,19.7166,0.0490775,0.000233013,1.05326e-05,0.000237754,-5.71486e-07,-1.7809e-08,325.002,-0.0079,-9,-9,0.519,-34.8884,250,0.0492417,9.52063,0.058,53693.0,0.2094,23,24.2516,0.38999,0.1179,0.0153,0.0095,0.004,1.0,0.014
13796,1,0.14747,0.00096,0.14729,2e-05,0.1487,2e-05,19.7142,0.169668,38.9672,0.171803,-9.0,0,1,-0.021491,0.022257,0.79596,0.11786,19.5934,0.0330593,0.000261005,7.94728e-06,0.000169035,-1.47162e-07,-1.33949e-07,350.692,0.5329,-9,-9,2.464,-47.1324,250,0.0362902,9.66952,0.055,54010.4,0.1178,65,41.4961,0.98983,0.0527,0.0151,0.0107,0.004,1.0,0.011
14024,1,0.14771,0.00096,0.14759,4e-05,0.14881,4e-05,19.881,0.186845,39.134,0.188785,-9.0,0,1,0.041117,0.03528,-1.92744,0.20112,20.2606,0.0666102,0.000141171,8.66088e-06,0.000876396,-2.41361e-07,-2.28367e-07,318.199,0.9163,-9,-9,2.54,-31.2074,250,0.0990946,10.7329,0.198,54011.2,0.2111,77,38.7157,0.99992,0.0786,0.0151,-0.0843,0.004,1.0,0.01
180166,15,0.14778,0.00138,0.14757,0.001,0.1475,0.001,19.908,0.168022,39.161,0.170177,-9.0,0,1,0.035097,0.025671,0.60099,0.11034,19.9028,0.0312554,0.000196277,5.65027e-06,7.34394e-05,-1.03103e-07,-1.2325e-07,242.843,55.0642,-999,-999,17.9129,-54.9867,250,0.00694992,10.0333,0.078,55763.8,0.1445,38,52.2769,0.0614411,0.0591,0.0217,-0.0774,0.002,1.0,0.01
13736,1,0.14898,0.00096,0.14882,2e-05,0.15021,2e-05,19.9076,0.172844,39.1606,0.17494,-9.0,0,1,-0.022762,0.024428,1.11597,0.16716,19.7422,0.0429844,0.000227566,9.00936e-06,0.000418919,-3.35972e-07,-1.61916e-07,336.833,1.031,-9,-9,2.402,-42.1088,250,0.0586382,9.07749,0.08,54015.8,0.1337,68,90.2769,0.0367274,0.0595,0.015,0.0173,0.004,1.0,0.011
