z,log10_Lbol_erg_s,phi_dex_Mpc3
0.100000,42.000000,3.571043e-04
0.100000,42.286000,1.897468e-04
0.100000,42.571000,1.006541e-04
0.100000,42.857000,5.311526e-05
0.100000,43.143000,2.757903e-05
0.100000,43.429000,1.364850e-05
0.100000,43.714000,5.952510e-06
0.100000,44.000000,2.187415e-05
0.100000,44.000000,2.017796e-06
0.100000,44.214000,1.626462e-05
0.100000,44.286000,4.998958e-07
0.100000,44.429000,1.208821e-05
0.100000,44.571000,9.885642e-08
0.100000,44.643000,8.973437e-06
0.100000,44.857000,6.639934e-06
0.100000,44.857000,1.760315e-08
0.100000,45.071000,4.871723e-06
0.100000,45.143000,3.016308e-09
0.100000,45.286000,3.496579e-06
0.100000,45.429000,5.102772e-10
0.100000,45.500000,2.377431e-06
0.100000,45.714000,1.437339e-06
0.100000,45.714000,8.597082e-11
0.100000,45.929000,7.117321e-07
0.100000,46.000000,1.446533e-11
0.100000,46.143000,2.791034e-07
0.100000,46.357000,9.151786e-08
0.100000,46.571000,2.722698e-08
0.100000,46.786000,7.759848e-09
0.100000,47.000000,2.174044e-09
0.300000,44.000000,2.187415e-05
0.300000,44.214000,1.626462e-05
0.300000,44.429000,1.208821e-05
0.300000,44.643000,8.973437e-06
0.300000,44.857000,6.639934e-06
0.300000,45.071000,4.871723e-06
0.300000,45.286000,3.496579e-06
0.300000,45.500000,2.377431e-06
0.300000,45.714000,1.437339e-06
0.300000,45.929000,7.117321e-07
0.300000,46.143000,2.791034e-07
0.300000,46.357000,9.151786e-08
0.300000,46.571000,2.722698e-08
0.300000,46.786000,7.759848e-09
0.300000,47.000000,2.174044e-09
0.500000,42.000000,7.235048e-04
0.500000,42.286000,5.273566e-04
0.500000,42.571000,4.019384e-04
0.500000,42.857000,2.339260e-04
0.500000,43.143000,1.214614e-04
0.500000,43.429000,6.010965e-05
0.500000,43.714000,2.621557e-05
0.500000,44.000000,2.187415e-05
0.500000,44.000000,8.886616e-06
0.500000,44.214000,1.626462e-05
0.500000,44.286000,2.201601e-06
0.500000,44.429000,1.208821e-05
0.500000,44.571000,4.353756e-07
0.500000,44.643000,8.973437e-06
0.500000,44.857000,6.639934e-06
0.500000,44.857000,7.752640e-08
0.500000,45.071000,4.871723e-06
0.500000,45.143000,1.328418e-08
0.500000,45.286000,3.496579e-06
0.500000,45.429000,2.247322e-09
0.500000,45.500000,2.377431e-06
0.500000,45.714000,1.437339e-06
0.500000,45.714000,3.786258e-10
0.500000,45.929000,7.117321e-07
0.500000,46.000000,6.370706e-11
0.500000,46.143000,2.791034e-07
0.500000,46.357000,9.151786e-08
0.500000,46.571000,2.722698e-08
0.500000,46.786000,7.759848e-09
0.500000,47.000000,2.174044e-09
0.700000,44.000000,2.187415e-05
0.700000,44.214000,1.626462e-05
0.700000,44.429000,1.208821e-05
0.700000,44.643000,8.973437e-06
0.700000,44.857000,6.639934e-06
0.700000,45.071000,4.871723e-06
0.700000,45.286000,3.496579e-06
0.700000,45.500000,2.377431e-06
0.700000,45.714000,1.437339e-06
0.700000,45.929000,7.117321e-07
0.700000,46.143000,2.791034e-07
0.700000,46.357000,9.151786e-08
0.700000,46.571000,2.722698e-08
0.700000,46.786000,7.759848e-09
0.700000,47.000000,2.174044e-09
1.000000,42.000000,4.699302e-04
1.000000,42.286000,3.425282e-04
1.000000,42.571000,2.610667e-04
1.000000,42.857000,2.080751e-04
1.000000,43.143000,1.720545e-04
1.000000,43.429000,1.433048e-04
1.000000,43.714000,1.036971e-04
1.000000,44.000000,1.819586e-05
1.000000,44.000000,3.515148e-05
1.000000,44.214000,1.353178e-05
1.000000,44.286000,8.708550e-06
1.000000,44.429000,1.006144e-05
1.000000,44.571000,1.722151e-06
1.000000,44.643000,7.477510e-06
1.000000,44.857000,5.550055e-06
1.000000,44.857000,3.066598e-07
1.000000,45.071000,4.105367e-06
1.000000,45.143000,5.254629e-08
1.000000,45.286000,3.009368e-06
1.000000,45.429000,8.889402e-09
1.000000,45.500000,2.154902e-06
1.000000,45.714000,1.457186e-06
1.000000,45.714000,1.497674e-09
1.000000,45.929000,8.714963e-07
1.000000,46.000000,2.519966e-10
1.000000,46.143000,4.249006e-07
1.000000,46.357000,1.642431e-07
1.000000,46.571000,5.337970e-08
1.000000,46.786000,1.581464e-08
1.000000,47.000000,4.499569e-09
1.500000,44.000000,1.819586e-05
1.500000,44.214000,1.353178e-05
1.500000,44.429000,1.006144e-05
1.500000,44.643000,7.477510e-06
1.500000,44.857000,5.550055e-06
1.500000,45.071000,4.105367e-06
1.500000,45.286000,3.009368e-06
1.500000,45.500000,2.154902e-06
1.500000,45.714000,1.457186e-06
1.500000,45.929000,8.714963e-07
1.500000,46.143000,4.249006e-07
1.500000,46.357000,1.642431e-07
1.500000,46.571000,5.337970e-08
1.500000,46.786000,1.581464e-08
1.500000,47.000000,4.499569e-09
2.000000,42.000000,2.557976e-04
2.000000,42.286000,1.864487e-04
2.000000,42.571000,1.421067e-04
2.000000,42.857000,1.132617e-04
2.000000,43.143000,9.365462e-05
2.000000,43.429000,7.800527e-05
2.000000,43.714000,6.059473e-05
2.000000,44.000000,1.513523e-05
2.000000,44.000000,3.873339e-05
2.000000,44.214000,1.125639e-05
2.000000,44.286000,1.914538e-05
2.000000,44.429000,8.371025e-06
2.000000,44.571000,7.979327e-06
2.000000,44.643000,6.224080e-06
2.000000,44.857000,4.625404e-06
2.000000,44.857000,1.577721e-06
2.000000,45.071000,3.432651e-06
2.000000,45.143000,2.703432e-07
2.000000,45.286000,2.538189e-06
2.000000,45.429000,4.573471e-08
2.000000,45.500000,1.858771e-06
2.000000,45.714000,1.327721e-06
2.000000,45.714000,7.705323e-09
2.000000,45.929000,8.926666e-07
2.000000,46.000000,1.296487e-09
2.000000,46.143000,5.279201e-07
2.000000,46.357000,2.533920e-07
2.000000,46.571000,9.657659e-08
2.000000,46.786000,3.112244e-08
2.000000,47.000000,9.184293e-09
2.500000,44.000000,1.513523e-05
2.500000,44.214000,1.125639e-05
2.500000,44.429000,8.371025e-06
2.500000,44.643000,6.224080e-06
2.500000,44.857000,4.625404e-06
2.500000,45.071000,3.432651e-06
2.500000,45.286000,2.538189e-06
2.500000,45.500000,1.858771e-06
2.500000,45.714000,1.327721e-06
2.500000,45.929000,8.926666e-07
2.500000,46.143000,5.279201e-07
2.500000,46.357000,2.533920e-07
2.500000,46.571000,9.657659e-08
2.500000,46.786000,3.112244e-08
2.500000,47.000000,9.184293e-09
3.000000,42.000000,1.661454e-04
3.000000,42.286000,1.211020e-04
3.000000,42.571000,9.230100e-05
3.000000,42.857000,7.356564e-05
3.000000,43.143000,6.083046e-05
3.000000,43.429000,5.066591e-05
3.000000,43.714000,3.935743e-05
3.000000,44.000000,8.709498e-06
3.000000,44.000000,2.515807e-05
3.000000,44.214000,6.477540e-06
3.000000,44.286000,1.243529e-05
3.000000,44.429000,4.817343e-06
3.000000,44.571000,5.182725e-06
3.000000,44.643000,3.582225e-06
3.000000,44.857000,2.662919e-06
3.000000,44.857000,1.024760e-06
3.000000,45.071000,1.977823e-06
3.000000,45.143000,1.755931e-07
3.000000,45.286000,1.465593e-06
3.000000,45.429000,2.970557e-08
3.000000,45.500000,1.079371e-06
3.000000,45.714000,7.822491e-07
3.000000,45.714000,5.004754e-09
3.000000,45.929000,5.444369e-07
3.000000,46.000000,8.420929e-10
3.000000,46.143000,3.454174e-07
3.000000,46.357000,1.842596e-07
3.000000,46.571000,7.792811e-08
3.000000,46.786000,2.686763e-08
3.000000,47.000000,8.192711e-09
4.000000,42.000000,1.188840e-04
4.000000,42.286000,8.665354e-05
4.000000,42.571000,6.604522e-05
4.000000,42.857000,5.263929e-05
4.000000,43.143000,4.352673e-05
4.000000,43.429000,3.625357e-05
4.000000,43.714000,2.816189e-05
4.000000,44.000000,8.709498e-06
4.000000,44.000000,1.800165e-05
4.000000,44.214000,6.477540e-06
4.000000,44.286000,8.897968e-06
4.000000,44.429000,4.817343e-06
4.000000,44.571000,3.708456e-06
4.000000,44.643000,3.582225e-06
4.000000,44.857000,2.662919e-06
4.000000,44.857000,7.332585e-07
4.000000,45.071000,1.977823e-06
4.000000,45.143000,1.256442e-07
4.000000,45.286000,1.465593e-06
4.000000,45.429000,2.125557e-08
4.000000,45.500000,1.079371e-06
4.000000,45.714000,7.822491e-07
4.000000,45.714000,3.581111e-09
4.000000,45.929000,5.444369e-07
4.000000,46.000000,6.025526e-10
4.000000,46.143000,3.454174e-07
4.000000,46.357000,1.842596e-07
4.000000,46.571000,7.792811e-08
4.000000,46.786000,2.686763e-08
4.000000,47.000000,8.192711e-09
5.000000,42.000000,9.043810e-05
5.000000,42.286000,6.591958e-05
5.000000,42.571000,5.024230e-05
5.000000,42.857000,4.004406e-05
5.000000,43.143000,3.311191e-05
5.000000,43.429000,2.757903e-05
5.000000,43.714000,2.142347e-05
5.000000,44.000000,8.709498e-06
5.000000,44.000000,1.369432e-05
5.000000,44.214000,6.477540e-06
5.000000,44.286000,6.768913e-06
5.000000,44.429000,4.817343e-06
5.000000,44.571000,2.821118e-06
5.000000,44.643000,3.582225e-06
5.000000,44.857000,2.662919e-06
5.000000,44.857000,5.578086e-07
5.000000,45.071000,1.977823e-06
5.000000,45.143000,9.558076e-08
5.000000,45.286000,1.465593e-06
5.000000,45.429000,1.616966e-08
5.000000,45.500000,1.079371e-06
5.000000,45.714000,7.822491e-07
5.000000,45.714000,2.724243e-09
5.000000,45.929000,5.444369e-07
5.000000,46.000000,4.583773e-10
5.000000,46.143000,3.454174e-07
5.000000,46.357000,1.842596e-07
5.000000,46.571000,7.792811e-08
5.000000,46.786000,2.686763e-08
5.000000,47.000000,8.192711e-09
