a,E2
1.000000,1.0000000000
0.999001,1.0009009003
0.998004,1.0018036024
0.997009,1.0027081081
0.996016,1.0036144192
0.995025,1.0045225375
0.994036,1.0054324648
0.993049,1.0063442029
0.992063,1.0072577536
0.991080,1.0081731187
0.990099,1.0090903000
0.989120,1.0100092993
0.988142,1.0109301184
0.987167,1.0118527591
0.986193,1.0127772232
0.985222,1.0137035125
0.984252,1.0146316288
0.983284,1.0155615739
0.982318,1.0164933496
0.981354,1.0174269577
0.980392,1.0183624000
0.979432,1.0192996783
0.978474,1.0202387944
0.977517,1.0211797501
0.976562,1.0221225472
0.975610,1.0230671875
0.974659,1.0240136728
0.973710,1.0249620049
0.972763,1.0259121856
0.971817,1.0268642167
0.970874,1.0278181000
0.969932,1.0287738373
0.968992,1.0297314304
0.968054,1.0306908811
0.967118,1.0316521912
0.966184,1.0326153625
0.965251,1.0335803968
0.964320,1.0345472959
0.963391,1.0355160616
0.962464,1.0364866957
0.961538,1.0374592000
0.960615,1.0384335763
0.959693,1.0394098264
0.958773,1.0403879521
0.957854,1.0413679552
0.956938,1.0423498375
0.956023,1.0433336008
0.955110,1.0443192469
0.954198,1.0453067776
0.953289,1.0462961947
0.952381,1.0472875000
0.951475,1.0482806953
0.950570,1.0492757824
0.949668,1.0502727631
0.948767,1.0512716392
0.947867,1.0522724125
0.946970,1.0532750848
0.946074,1.0542796579
0.945180,1.0552861336
0.944287,1.0562945137
0.943396,1.0573048000
0.942507,1.0583169943
0.941620,1.0593310984
0.940734,1.0603471141
0.939850,1.0613650432
0.938967,1.0623848875
0.938086,1.0634066488
0.937207,1.0644303289
0.936330,1.0654559296
0.935454,1.0664834527
0.934579,1.0675129000
0.933707,1.0685442733
0.932836,1.0695775744
0.931966,1.0706128051
0.931099,1.0716499672
0.930233,1.0726890625
0.929368,1.0737300928
0.928505,1.0747730599
0.927644,1.0758179656
0.926784,1.0768648117
0.925926,1.0779136000
0.925069,1.0789643323
0.924214,1.0800170104
0.923361,1.0810716361
0.922509,1.0821282112
0.921659,1.0831867375
0.920810,1.0842472168
0.919963,1.0853096509
0.919118,1.0863740416
0.918274,1.0874403907
0.917431,1.0885087000
0.916590,1.0895789713
0.915751,1.0906512064
0.914913,1.0917254071
0.914077,1.0928015752
0.913242,1.0938797125
0.912409,1.0949598208
0.911577,1.0960419019
0.910747,1.0971259576
0.909918,1.0982119897
0.909091,1.0993000000
0.908265,1.1003899903
0.907441,1.1014819624
0.906618,1.1025759181
0.905797,1.1036718592
0.904977,1.1047697875
0.904159,1.1058697048
0.903342,1.1069716129
0.902527,1.1080755136
0.901713,1.1091814087
0.900901,1.1102893000
0.900090,1.1113991893
0.899281,1.1125110784
0.898473,1.1136249691
0.897666,1.1147408632
0.896861,1.1158587625
0.896057,1.1169786688
0.895255,1.1181005839
0.894454,1.1192245096
0.893655,1.1203504477
0.892857,1.1214784000
0.892061,1.1226083683
0.891266,1.1237403544
0.890472,1.1248743601
0.889680,1.1260103872
0.888889,1.1271484375
0.888099,1.1282885128
0.887311,1.1294306149
0.886525,1.1305747456
0.885740,1.1317209067
0.884956,1.1328691000
0.884173,1.1340193273
0.883392,1.1351715904
0.882613,1.1363258911
0.881834,1.1374822312
0.881057,1.1386406125
0.880282,1.1398010368
0.879507,1.1409635059
0.878735,1.1421280216
0.877963,1.1432945857
0.877193,1.1444632000
0.876424,1.1456338663
0.875657,1.1468065864
0.874891,1.1479813621
0.874126,1.1491581952
0.873362,1.1503370875
0.872600,1.1515180408
0.871840,1.1527010569
0.871080,1.1538861376
0.870322,1.1550732847
0.869565,1.1562625000
0.868810,1.1574537853
0.868056,1.1586471424
0.867303,1.1598425731
0.866551,1.1610400792
0.865801,1.1622396625
0.865052,1.1634413248
0.864304,1.1646450679
0.863558,1.1658508936
0.862813,1.1670588037
0.862069,1.1682688000
0.861326,1.1694808843
0.860585,1.1706950584
0.859845,1.1719113241
0.859107,1.1731296832
0.858369,1.1743501375
0.857633,1.1755726888
0.856898,1.1767973389
0.856164,1.1780240896
0.855432,1.1792529427
0.854701,1.1804839000
0.853971,1.1817169633
0.853242,1.1829521344
0.852515,1.1841894151
0.851789,1.1854288072
0.851064,1.1866703125
0.850340,1.1879139328
0.849618,1.1891596699
0.848896,1.1904075256
0.848176,1.1916575017
0.847458,1.1929096000
0.846740,1.1941638223
0.846024,1.1954201704
0.845309,1.1966786461
0.844595,1.1979392512
0.843882,1.1992019875
0.843170,1.2004668568
0.842460,1.2017338609
0.841751,1.2030030016
0.841043,1.2042742807
0.840336,1.2055477000
0.839631,1.2068232613
0.838926,1.2081009664
0.838223,1.2093808171
0.837521,1.2106628152
0.836820,1.2119469625
0.836120,1.2132332608
0.835422,1.2145217119
0.834725,1.2158123176
0.834028,1.2171050797
0.833333,1.2184000000
0.832639,1.2196970803
0.831947,1.2209963224
0.831255,1.2222977281
0.830565,1.2236012992
0.829876,1.2249070375
0.829187,1.2262149448
0.828500,1.2275250229
0.827815,1.2288372736
0.827130,1.2301516987
0.826446,1.2314683000
0.825764,1.2327870793
0.825083,1.2341080384
0.824402,1.2354311791
0.823723,1.2367565032
0.823045,1.2380840125
0.822368,1.2394137088
0.821693,1.2407455939
0.821018,1.2420796696
0.820345,1.2434159377
0.819672,1.2447544000
0.819001,1.2460950583
0.818331,1.2474379144
0.817661,1.2487829701
0.816993,1.2501302272
0.816327,1.2514796875
0.815661,1.2528313528
0.814996,1.2541852249
0.814332,1.2555413056
0.813670,1.2568995967
0.813008,1.2582601000
0.812348,1.2596228173
0.811688,1.2609877504
0.811030,1.2623549011
0.810373,1.2637242712
0.809717,1.2650958625
0.809061,1.2664696768
0.808407,1.2678457159
0.807754,1.2692239816
0.807103,1.2706044757
0.806452,1.2719872000
0.805802,1.2733721563
0.805153,1.2747593464
0.804505,1.2761487721
0.803859,1.2775404352
0.803213,1.2789343375
0.802568,1.2803304808
0.801925,1.2817288669
0.801282,1.2831294976
0.800641,1.2845323747
0.800000,1.2859375000
0.799361,1.2873448753
0.798722,1.2887545024
0.798085,1.2901663831
0.797448,1.2915805192
0.796813,1.2929969125
0.796178,1.2944155648
0.795545,1.2958364779
0.794913,1.2972596536
0.794281,1.2986850937
0.793651,1.3001128000
0.793021,1.3015427743
0.792393,1.3029750184
0.791766,1.3044095341
0.791139,1.3058463232
0.790514,1.3072853875
0.789889,1.3087267288
0.789266,1.3101703489
0.788644,1.3116162496
0.788022,1.3130644327
0.787402,1.3145149000
0.786782,1.3159676533
0.786164,1.3174226944
0.785546,1.3188800251
0.784929,1.3203396472
0.784314,1.3218015625
0.783699,1.3232657728
0.783085,1.3247322799
0.782473,1.3262010856
0.781861,1.3276721917
0.781250,1.3291456000
0.780640,1.3306213123
0.780031,1.3320993304
0.779423,1.3335796561
0.778816,1.3350622912
0.778210,1.3365472375
0.777605,1.3380344968
0.777001,1.3395240709
0.776398,1.3410159616
0.775795,1.3425101707
0.775194,1.3440067000
0.774593,1.3455055513
0.773994,1.3470067264
0.773395,1.3485102271
0.772798,1.3500160552
0.772201,1.3515242125
0.771605,1.3530347008
0.771010,1.3545475219
0.770416,1.3560626776
0.769823,1.3575801697
0.769231,1.3591000000
0.768640,1.3606221703
0.768049,1.3621466824
0.767460,1.3636735381
0.766871,1.3652027392
0.766284,1.3667342875
0.765697,1.3682681848
0.765111,1.3698044329
0.764526,1.3713430336
0.763942,1.3728839887
0.763359,1.3744273000
0.762777,1.3759729693
0.762195,1.3775209984
0.761615,1.3790713891
0.761035,1.3806241432
0.760456,1.3821792625
0.759878,1.3837367488
0.759301,1.3852966039
0.758725,1.3868588296
0.758150,1.3884234277
0.757576,1.3899904000
0.757002,1.3915597483
0.756430,1.3931314744
0.755858,1.3947055801
0.755287,1.3962820672
0.754717,1.3978609375
0.754148,1.3994421928
0.753580,1.4010258349
0.753012,1.4026118656
0.752445,1.4042002867
0.751880,1.4057911000
0.751315,1.4073843073
0.750751,1.4089799104
0.750188,1.4105779111
0.749625,1.4121783112
0.749064,1.4137811125
0.748503,1.4153863168
0.747943,1.4169939259
0.747384,1.4186039416
0.746826,1.4202163657
0.746269,1.4218312000
0.745712,1.4234484463
0.745156,1.4250681064
0.744602,1.4266901821
0.744048,1.4283146752
0.743494,1.4299415875
0.742942,1.4315709208
0.742390,1.4332026769
0.741840,1.4348368576
0.741290,1.4364734647
0.740741,1.4381125000
0.740192,1.4397539653
0.739645,1.4413978624
0.739098,1.4430441931
0.738552,1.4446929592
0.738007,1.4463441625
0.737463,1.4479978048
0.736920,1.4496538879
0.736377,1.4513124136
0.735835,1.4529733837
0.735294,1.4546368000
0.734754,1.4563026643
0.734214,1.4579709784
0.733676,1.4596417441
0.733138,1.4613149632
0.732601,1.4629906375
0.732064,1.4646687688
0.731529,1.4663493589
0.730994,1.4680324096
0.730460,1.4697179227
0.729927,1.4714059000
0.729395,1.4730963433
0.728863,1.4747892544
0.728332,1.4764846351
0.727802,1.4781824872
0.727273,1.4798828125
0.726744,1.4815856128
0.726216,1.4832908899
0.725689,1.4849986456
0.725163,1.4867088817
0.724638,1.4884216000
0.724113,1.4901368023
0.723589,1.4918544904
0.723066,1.4935746661
0.722543,1.4952973312
0.722022,1.4970224875
0.721501,1.4987501368
0.720981,1.5004802809
0.720461,1.5022129216
0.719942,1.5039480607
0.719424,1.5056857000
0.718907,1.5074258413
0.718391,1.5091684864
0.717875,1.5109136371
0.717360,1.5126612952
0.716846,1.5144114625
0.716332,1.5161641408
0.715820,1.5179193319
0.715308,1.5196770376
0.714796,1.5214372597
0.714286,1.5232000000
0.713776,1.5249652603
0.713267,1.5267330424
0.712758,1.5285033481
0.712251,1.5302761792
0.711744,1.5320515375
0.711238,1.5338294248
0.710732,1.5356098429
0.710227,1.5373927936
0.709723,1.5391782787
0.709220,1.5409663000
0.708717,1.5427568593
0.708215,1.5445499584
0.707714,1.5463455991
0.707214,1.5481437832
0.706714,1.5499445125
0.706215,1.5517477888
0.705716,1.5535536139
0.705219,1.5553619896
0.704722,1.5571729177
0.704225,1.5589864000
0.703730,1.5608024383
0.703235,1.5626210344
0.702741,1.5644421901
0.702247,1.5662659072
0.701754,1.5680921875
0.701262,1.5699210328
0.700771,1.5717524449
0.700280,1.5735864256
0.699790,1.5754229767
0.699301,1.5772621000
0.698812,1.5791037973
0.698324,1.5809480704
0.697837,1.5827949211
0.697350,1.5846443512
0.696864,1.5864963625
0.696379,1.5883509568
0.695894,1.5902081359
0.695410,1.5920679016
0.694927,1.5939302557
0.694444,1.5957952000
0.693963,1.5976627363
0.693481,1.5995328664
0.693001,1.6014055921
0.692521,1.6032809152
0.692042,1.6051588375
0.691563,1.6070393608
0.691085,1.6089224869
0.690608,1.6108082176
0.690131,1.6126965547
0.689655,1.6145875000
0.689180,1.6164810553
0.688705,1.6183772224
0.688231,1.6202760031
0.687758,1.6221773992
0.687285,1.6240814125
0.686813,1.6259880448
0.686342,1.6278972979
0.685871,1.6298091736
0.685401,1.6317236737
0.684932,1.6336408000
0.684463,1.6355605543
0.683995,1.6374829384
0.683527,1.6394079541
0.683060,1.6413356032
0.682594,1.6432658875
0.682128,1.6451988088
0.681663,1.6471343689
0.681199,1.6490725696
0.680735,1.6510134127
0.680272,1.6529569000
0.679810,1.6549030333
0.679348,1.6568518144
0.678887,1.6588032451
0.678426,1.6607573272
0.677966,1.6627140625
0.677507,1.6646734528
0.677048,1.6666354999
0.676590,1.6686002056
0.676133,1.6705675717
0.675676,1.6725376000
0.675219,1.6745102923
0.674764,1.6764856504
0.674309,1.6784636761
0.673854,1.6804443712
0.673401,1.6824277375
0.672948,1.6844137768
0.672495,1.6864024909
0.672043,1.6883938816
0.671592,1.6903879507
0.671141,1.6923847000
0.670691,1.6943841313
0.670241,1.6963862464
0.669792,1.6983910471
0.669344,1.7003985352
0.668896,1.7024087125
0.668449,1.7044215808
0.668003,1.7064371419
0.667557,1.7084553976
0.667111,1.7104763497
0.666667,1.7125000000
0.666223,1.7145263503
0.665779,1.7165554024
0.665336,1.7185871581
0.664894,1.7206216192
0.664452,1.7226587875
0.664011,1.7246986648
0.663570,1.7267412529
0.663130,1.7287865536
0.662691,1.7308345687
0.662252,1.7328853000
0.661813,1.7349387493
0.661376,1.7369949184
0.660939,1.7390538091
0.660502,1.7411154232
0.660066,1.7431797625
0.659631,1.7452468288
0.659196,1.7473166239
0.658762,1.7493891496
0.658328,1.7514644077
0.657895,1.7535424000
0.657462,1.7556231283
0.657030,1.7577065944
0.656599,1.7597928001
0.656168,1.7618817472
0.655738,1.7639734375
0.655308,1.7660678728
0.654879,1.7681650549
0.654450,1.7702649856
0.654022,1.7723676667
0.653595,1.7744731000
0.653168,1.7765812873
0.652742,1.7786922304
0.652316,1.7808059311
0.651890,1.7829223912
0.651466,1.7850416125
0.651042,1.7871635968
0.650618,1.7892883459
0.650195,1.7914158616
0.649773,1.7935461457
0.649351,1.7956792000
0.648929,1.7978150263
0.648508,1.7999536264
0.648088,1.8020950021
0.647668,1.8042391552
0.647249,1.8063860875
0.646831,1.8085358008
0.646412,1.8106882969
0.645995,1.8128435776
0.645578,1.8150016447
0.645161,1.8171625000
0.644745,1.8193261453
0.644330,1.8214925824
0.643915,1.8236618131
0.643501,1.8258338392
0.643087,1.8280086625
0.642674,1.8301862848
0.642261,1.8323667079
0.641849,1.8345499336
0.641437,1.8367359637
0.641026,1.8389248000
0.640615,1.8411164443
0.640205,1.8433108984
0.639795,1.8455081641
0.639386,1.8477082432
0.638978,1.8499111375
0.638570,1.8521168488
0.638162,1.8543253789
0.637755,1.8565367296
0.637349,1.8587509027
0.636943,1.8609679000
0.636537,1.8631877233
0.636132,1.8654103744
0.635728,1.8676358551
0.635324,1.8698641672
0.634921,1.8720953125
0.634518,1.8743292928
0.634115,1.8765661099
0.633714,1.8788057656
0.633312,1.8810482617
0.632911,1.8832936000
0.632511,1.8855417823
0.632111,1.8877928104
0.631712,1.8900466861
0.631313,1.8923034112
0.630915,1.8945629875
0.630517,1.8968254168
0.630120,1.8990907009
0.629723,1.9013588416
0.629327,1.9036298407
0.628931,1.9059037000
0.628536,1.9081804213
0.628141,1.9104600064
0.627746,1.9127424571
0.627353,1.9150277752
0.626959,1.9173159625
0.626566,1.9196070208
0.626174,1.9219009519
0.625782,1.9241977576
0.625391,1.9264974397
0.625000,1.9288000000
0.624610,1.9311054403
0.624220,1.9334137624
0.623830,1.9357249681
0.623441,1.9380390592
0.623053,1.9403560375
0.622665,1.9426759048
0.622278,1.9449986629
0.621891,1.9473243136
0.621504,1.9496528587
0.621118,1.9519843000
0.620732,1.9543186393
0.620347,1.9566558784
0.619963,1.9589960191
0.619579,1.9613390632
0.619195,1.9636850125
0.618812,1.9660338688
0.618429,1.9683856339
0.618047,1.9707403096
0.617665,1.9730978977
0.617284,1.9754584000
0.616903,1.9778218183
0.616523,1.9801881544
0.616143,1.9825574101
0.615764,1.9849295872
0.615385,1.9873046875
0.615006,1.9896827128
0.614628,1.9920636649
0.614251,1.9944475456
0.613874,1.9968343567
0.613497,1.9992241000
0.613121,2.0016167773
0.612745,2.0040123904
0.612370,2.0064109411
0.611995,2.0088124312
0.611621,2.0112168625
0.611247,2.0136242368
0.610874,2.0160345559
0.610501,2.0184478216
0.610128,2.0208640357
0.609756,2.0232832000
0.609385,2.0257053163
0.609013,2.0281303864
0.608643,2.0305584121
0.608273,2.0329893952
0.607903,2.0354233375
0.607533,2.0378602408
0.607165,2.0403001069
0.606796,2.0427429376
0.606428,2.0451887347
0.606061,2.0476375000
0.605694,2.0500892353
0.605327,2.0525439424
0.604961,2.0550016231
0.604595,2.0574622792
0.604230,2.0599259125
0.603865,2.0623925248
0.603500,2.0648621179
0.603136,2.0673346936
0.602773,2.0698102537
0.602410,2.0722888000
0.602047,2.0747703343
0.601685,2.0772548584
0.601323,2.0797423741
0.600962,2.0822328832
0.600601,2.0847263875
0.600240,2.0872228888
0.599880,2.0897223889
0.599520,2.0922248896
0.599161,2.0947303927
0.598802,2.0972389000
0.598444,2.0997504133
0.598086,2.1022649344
0.597729,2.1047824651
0.597372,2.1073030072
0.597015,2.1098265625
0.596659,2.1123531328
0.596303,2.1148827199
0.595948,2.1174153256
0.595593,2.1199509517
0.595238,2.1224896000
0.594884,2.1250312723
0.594530,2.1275759704
0.594177,2.1301236961
0.593824,2.1326744512
0.593472,2.1352282375
0.593120,2.1377850568
0.592768,2.1403449109
0.592417,2.1429078016
0.592066,2.1454737307
0.591716,2.1480427000
0.591366,2.1506147113
0.591017,2.1531897664
0.590667,2.1557678671
0.590319,2.1583490152
0.589971,2.1609332125
0.589623,2.1635204608
0.589275,2.1661107619
0.588928,2.1687041176
0.588582,2.1713005297
0.588235,2.1739000000
0.587889,2.1765025303
0.587544,2.1791081224
0.587199,2.1817167781
0.586854,2.1843284992
0.586510,2.1869432875
0.586166,2.1895611448
0.585823,2.1921820729
0.585480,2.1948060736
0.585138,2.1974331487
0.584795,2.2000633000
0.584454,2.2026965293
0.584112,2.2053328384
0.583771,2.2079722291
0.583431,2.2106147032
0.583090,2.2132602625
0.582751,2.2159089088
0.582411,2.2185606439
0.582072,2.2212154696
0.581734,2.2238733877
0.581395,2.2265344000
0.581058,2.2291985083
0.580720,2.2318657144
0.580383,2.2345360201
0.580046,2.2372094272
0.579710,2.2398859375
0.579374,2.2425655528
0.579039,2.2452482749
0.578704,2.2479341056
0.578369,2.2506230467
0.578035,2.2533151000
0.577701,2.2560102673
0.577367,2.2587085504
0.577034,2.2614099511
0.576701,2.2641144712
0.576369,2.2668221125
0.576037,2.2695328768
0.575705,2.2722467659
0.575374,2.2749637816
0.575043,2.2776839257
0.574713,2.2804072000
0.574383,2.2831336063
0.574053,2.2858631464
0.573723,2.2885958221
0.573394,2.2913316352
0.573066,2.2940705875
0.572738,2.2968126808
0.572410,2.2995579169
0.572082,2.3023062976
0.571755,2.3050578247
0.571429,2.3078125000
0.571102,2.3105703253
0.570776,2.3133313024
0.570451,2.3160954331
0.570125,2.3188627192
0.569801,2.3216331625
0.569476,2.3244067648
0.569152,2.3271835279
0.568828,2.3299634536
0.568505,2.3327465437
0.568182,2.3355328000
0.567859,2.3383222243
0.567537,2.3411148184
0.567215,2.3439105841
0.566893,2.3467095232
0.566572,2.3495116375
0.566251,2.3523169288
0.565931,2.3551253989
0.565611,2.3579370496
0.565291,2.3607518827
0.564972,2.3635699000
0.564653,2.3663911033
0.564334,2.3692154944
0.564016,2.3720430751
0.563698,2.3748738472
0.563380,2.3777078125
0.563063,2.3805449728
0.562746,2.3833853299
0.562430,2.3862288856
0.562114,2.3890756417
0.561798,2.3919256000
0.561482,2.3947787623
0.561167,2.3976351304
0.560852,2.4004947061
0.560538,2.4033574912
0.560224,2.4062234875
0.559910,2.4090926968
0.559597,2.4119651209
0.559284,2.4148407616
0.558971,2.4177196207
0.558659,2.4206017000
0.558347,2.4234870013
0.558036,2.4263755264
0.557724,2.4292672771
0.557414,2.4321622552
0.557103,2.4350604625
0.556793,2.4379619008
0.556483,2.4408665719
0.556174,2.4437744776
0.555864,2.4466856197
0.555556,2.4496000000
0.555247,2.4525176203
0.554939,2.4554384824
0.554631,2.4583625881
0.554324,2.4612899392
0.554017,2.4642205375
0.553710,2.4671543848
0.553403,2.4700914829
0.553097,2.4730318336
0.552792,2.4759754387
0.552486,2.4789223000
0.552181,2.4818724193
0.551876,2.4848257984
0.551572,2.4877824391
0.551268,2.4907423432
0.550964,2.4937055125
0.550661,2.4966719488
0.550358,2.4996416539
0.550055,2.5026146296
0.549753,2.5055908777
0.549451,2.5085704000
0.549149,2.5115531983
0.548847,2.5145392744
0.548546,2.5175286301
0.548246,2.5205212672
0.547945,2.5235171875
0.547645,2.5265163928
0.547345,2.5295188849
0.547046,2.5325246656
0.546747,2.5355337367
0.546448,2.5385461000
0.546150,2.5415617573
0.545852,2.5445807104
0.545554,2.5476029611
0.545256,2.5506285112
0.544959,2.5536573625
0.544662,2.5566895168
0.544366,2.5597249759
0.544070,2.5627637416
0.543774,2.5658058157
0.543478,2.5688512000
0.543183,2.5718998963
0.542888,2.5749519064
0.542594,2.5780072321
0.542299,2.5810658752
0.542005,2.5841278375
0.541712,2.5871931208
0.541419,2.5902617269
0.541126,2.5933336576
0.540833,2.5964089147
0.540541,2.5994875000
0.540249,2.6025694153
0.539957,2.6056546624
0.539665,2.6087432431
0.539374,2.6118351592
0.539084,2.6149304125
0.538793,2.6180290048
0.538503,2.6211309379
0.538213,2.6242362136
0.537924,2.6273448337
0.537634,2.6304568000
0.537346,2.6335721143
0.537057,2.6366907784
0.536769,2.6398127941
0.536481,2.6429381632
0.536193,2.6460668875
0.535906,2.6491989688
0.535619,2.6523344089
0.535332,2.6554732096
0.535045,2.6586153727
0.534759,2.6617609000
0.534474,2.6649097933
0.534188,2.6680620544
0.533903,2.6712176851
0.533618,2.6743766872
0.533333,2.6775390625
0.533049,2.6807048128
0.532765,2.6838739399
0.532481,2.6870464456
0.532198,2.6902223317
0.531915,2.6934016000
0.531632,2.6965842523
0.531350,2.6997702904
0.531067,2.7029597161
0.530786,2.7061525312
0.530504,2.7093487375
0.530223,2.7125483368
0.529942,2.7157513309
0.529661,2.7189577216
0.529381,2.7221675107
0.529101,2.7253807000
0.528821,2.7285972913
0.528541,2.7318172864
0.528262,2.7350406871
0.527983,2.7382674952
0.527704,2.7414977125
0.527426,2.7447313408
0.527148,2.7479683819
0.526870,2.7512088376
0.526593,2.7544527097
0.526316,2.7577000000
0.526039,2.7609507103
0.525762,2.7642048424
0.525486,2.7674623981
0.525210,2.7707233792
0.524934,2.7739877875
0.524659,2.7772556248
0.524384,2.7805268929
0.524109,2.7838015936
0.523834,2.7870797287
0.523560,2.7903613000
0.523286,2.7936463093
0.523013,2.7969347584
0.522739,2.8002266491
0.522466,2.8035219832
0.522193,2.8068207625
0.521921,2.8101229888
0.521648,2.8134286639
0.521376,2.8167377896
0.521105,2.8200503677
0.520833,2.8233664000
0.520562,2.8266858883
0.520291,2.8300088344
0.520021,2.8333352401
0.519751,2.8366651072
0.519481,2.8399984375
0.519211,2.8433352328
0.518941,2.8466754949
0.518672,2.8500192256
0.518403,2.8533664267
0.518135,2.8567171000
0.517866,2.8600712473
0.517598,2.8634288704
0.517331,2.8667899711
0.517063,2.8701545512
0.516796,2.8735226125
0.516529,2.8768941568
0.516262,2.8802691859
0.515996,2.8836477016
0.515730,2.8870297057
0.515464,2.8904152000
0.515198,2.8938041863
0.514933,2.8971966664
0.514668,2.9005926421
0.514403,2.9039921152
0.514139,2.9073950875
0.513875,2.9108015608
0.513611,2.9142115369
0.513347,2.9176250176
0.513084,2.9210420047
0.512821,2.9244625000
0.512558,2.9278865053
0.512295,2.9313140224
0.512033,2.9347450531
0.511771,2.9381795992
0.511509,2.9416176625
0.511247,2.9450592448
0.510986,2.9485043479
0.510725,2.9519529736
0.510465,2.9554051237
0.510204,2.9588608000
0.509944,2.9623200043
0.509684,2.9657827384
0.509424,2.9692490041
0.509165,2.9727188032
0.508906,2.9761921375
0.508647,2.9796690088
0.508388,2.9831494189
0.508130,2.9866333696
0.507872,2.9901208627
0.507614,2.9936119000
0.507357,2.9971064833
0.507099,3.0006046144
0.506842,3.0041062951
0.506586,3.0076115272
0.506329,3.0111203125
0.506073,3.0146326528
0.505817,3.0181485499
0.505561,3.0216680056
0.505306,3.0251910217
0.505051,3.0287176000
0.504796,3.0322477423
0.504541,3.0357814504
0.504286,3.0393187261
0.504032,3.0428595712
0.503778,3.0464039875
0.503525,3.0499519768
0.503271,3.0535035409
0.503018,3.0570586816
0.502765,3.0606174007
0.502513,3.0641797000
0.502260,3.0677455813
0.502008,3.0713150464
0.501756,3.0748880971
0.501505,3.0784647352
0.501253,3.0820449625
0.501002,3.0856287808
0.500751,3.0892161919
0.500501,3.0928071976
0.500250,3.0964017997
0.500000,3.1000000000
