a,E2
1.000000000,1.000000000
0.999001000,0.999540009
0.998004000,0.999076093
0.997009000,0.998608280
0.996016000,0.998136599
0.995025000,0.997661079
0.994036000,0.997181749
0.993049000,0.996698640
0.992063000,0.996210369
0.991080000,0.995719792
0.990099000,0.995225535
0.989120000,0.994727632
0.988142000,0.994224675
0.987167000,0.993719582
0.986193000,0.993209496
0.985222000,0.992697366
0.984252000,0.992180309
0.983284000,0.991659825
0.982318000,0.991135959
0.981354000,0.990608756
0.980392000,0.990078262
0.979432000,0.989544527
0.978474000,0.989007601
0.977517000,0.988466015
0.976562000,0.987921331
0.975610000,0.987375142
0.974659000,0.986824443
0.973710000,0.986270823
0.972763000,0.985714347
0.971817000,0.985153520
0.970874000,0.984591529
0.969932000,0.984025315
0.968992000,0.983456517
0.968054000,0.982885213
0.967118000,0.982311487
0.966184000,0.981735424
0.965251000,0.981155508
0.964320000,0.980573427
0.963391000,0.979989282
0.962464000,0.979403173
0.961538000,0.978813580
0.960615000,0.978223870
0.959693000,0.977630894
0.958773000,0.977036407
0.957854000,0.976438885
0.956938000,0.975841764
0.956023000,0.975241875
0.955110000,0.974641020
0.954198000,0.974037679
0.953289000,0.973435358
0.952381000,0.972830875
0.951475000,0.972226082
0.950570000,0.971619472
0.949668000,0.971014618
0.948767000,0.970408338
0.947867000,0.969800832
0.946970000,0.969195723
0.946074000,0.968589835
0.945180000,0.967985112
0.944287000,0.967380091
0.943396000,0.966776746
0.942507000,0.966175351
0.941620000,0.965576190
0.940734000,0.964977842
0.939850000,0.964382332
0.938967000,0.963788264
0.938086000,0.963197691
0.937207000,0.962610965
0.936330000,0.962028446
0.935454000,0.961448790
0.934579000,0.960872393
0.933707000,0.960303095
0.932836000,0.959737883
0.931966000,0.959177201
0.931099000,0.958624920
0.930233000,0.958078090
0.929368000,0.957537205
0.928505000,0.957004470
0.927644000,0.956480397
0.926784000,0.955963838
0.925926000,0.955457030
0.925069000,0.954958873
0.924214000,0.954471625
0.923361000,0.953995883
0.922509000,0.953530623
0.921659000,0.953078130
0.920810000,0.952637437
0.919963000,0.952210841
0.919118000,0.951799020
0.918274000,0.951401098
0.917431000,0.951017829
0.916590000,0.950651525
0.915751000,0.950302927
0.914913000,0.949971290
0.914077000,0.949658922
0.913242000,0.949365145
0.912409000,0.949092263
0.911577000,0.948839668
0.910747000,0.948609648
0.909918000,0.948401670
0.909091000,0.948218001
0.908265000,0.948058183
0.907441000,0.947924455
0.906618000,0.947816435
0.905797000,0.947736327
0.904977000,0.947683826
0.904159000,0.947661091
0.903342000,0.947667896
0.902527000,0.947706348
0.901713000,0.947776298
0.900901000,0.947879791
0.900090000,0.948016757
0.899281000,0.948189168
0.898473000,0.948397036
0.897666000,0.948641392
0.896861000,0.948924080
0.896057000,0.949245233
0.895255000,0.949606591
0.894454000,0.950008368
0.893655000,0.950452191
0.892857000,0.950938351
0.892061000,0.951468354
0.891266000,0.952042566
0.890472000,0.952661954
0.889680000,0.953327820
0.888889000,0.954040642
0.888099000,0.954801338
0.887311000,0.955610978
0.886525000,0.956470255
0.885740000,0.957379790
0.884956000,0.958340407
0.884173000,0.959352902
0.883392000,0.960417898
0.882613000,0.961535935
0.881834000,0.962708076
0.881057000,0.963934495
0.880282000,0.965215618
0.879507000,0.966552809
0.878735000,0.967945151
0.877963000,0.969394627
0.877193000,0.970900510
0.876424000,0.972463786
0.875657000,0.974083982
0.874891000,0.975762129
0.874126000,0.977498508
0.873362000,0.979293351
0.872600000,0.981145683
0.871840000,0.983055407
0.871080000,0.985024962
0.870322000,0.987051842
0.869565000,0.989137225
0.868810000,0.991279488
0.868056000,0.993479846
0.867303000,0.995738080
0.866551000,0.998053913
0.865801000,1.000425182
0.865052000,1.002853161
0.864304000,1.005337390
0.863558000,1.007875302
0.862813000,1.010468208
0.862069000,1.013115459
0.861326000,1.015816346
0.860585000,1.018567770
0.859845000,1.021371079
0.859107000,1.024222921
0.858369000,1.027127183
0.857633000,1.030077868
0.856898000,1.033076348
0.856164000,1.036121487
0.855432000,1.039209310
0.854701000,1.042341211
0.853971000,1.045515875
0.853242000,1.048731929
0.852515000,1.051984955
0.851789000,1.055276358
0.851064000,1.058604605
0.850340000,1.061968112
0.849618000,1.065362064
0.848896000,1.068791092
0.848176000,1.072247070
0.847458000,1.075728107
0.846740000,1.079238947
0.846024000,1.082771109
0.845309000,1.086326001
0.844595000,1.089901694
0.843882000,1.093496224
0.843170000,1.097107594
0.842460000,1.100730296
0.841751000,1.104365721
0.841043000,1.108011794
0.840336000,1.111666414
0.839631000,1.115323939
0.838926000,1.118989267
0.838223000,1.122653204
0.837521000,1.126317105
0.836820000,1.129978800
0.836120000,1.133636105
0.835422000,1.137283340
0.834725000,1.140921836
0.834028000,1.144552869
0.833333000,1.148167319
0.832639000,1.151766486
0.831947000,1.155344819
0.831255000,1.158906954
0.830565000,1.162444017
0.829876000,1.165957265
0.829187000,1.169447832
0.828500000,1.172907114
0.827815000,1.176333181
0.827130000,1.179730335
0.826446000,1.183093374
0.825764000,1.186417330
0.825083000,1.189703361
0.824402000,1.192952426
0.823723000,1.196156861
0.823045000,1.199317763
0.822368000,1.202433344
0.821693000,1.205499268
0.821018000,1.208519087
0.820345000,1.211486050
0.819672000,1.214403502
0.819001000,1.217265100
0.818331000,1.220071782
0.817661000,1.222824207
0.816993000,1.225516695
0.816327000,1.228148183
0.815661000,1.230721325
0.814996000,1.233232894
0.814332000,1.235681733
0.813670000,1.238065217
0.813008000,1.240385474
0.812348000,1.242638573
0.811688000,1.244826367
0.811030000,1.246945465
0.810373000,1.248996417
0.809717000,1.250978516
0.809061000,1.252891905
0.808407000,1.254734315
0.807754000,1.256506133
0.807103000,1.258206456
0.806452000,1.259835927
0.805802000,1.261393665
0.805153000,1.262879421
0.804505000,1.264293011
0.803859000,1.265634433
0.803213000,1.266903520
0.802568000,1.268100284
0.801925000,1.269225264
0.801282000,1.270277790
0.800641000,1.271259108
0.800000000,1.272168207
0.799361000,1.273006917
0.798722000,1.273773893
0.798085000,1.274471539
0.797448000,1.275098171
0.796813000,1.275656766
0.796178000,1.276145298
0.795545000,1.276567306
0.794913000,1.276922137
0.794281000,1.277208747
0.793651000,1.277431495
0.793021000,1.277587513
0.792393000,1.277681689
0.791766000,1.277713067
0.791139000,1.277680318
0.790514000,1.277589096
0.789889000,1.277435709
0.789266000,1.277226300
0.788644000,1.276959604
0.788022000,1.276634002
0.787402000,1.276256331
0.786782000,1.275822120
0.786164000,1.275338640
0.785546000,1.274801121
0.784929000,1.274213969
0.784314000,1.273581962
0.783699000,1.272899898
0.783085000,1.272172522
0.782473000,1.271404916
0.781861000,1.270591472
0.781250000,1.269737238
0.780640000,1.268843757
0.780031000,1.267912591
0.779423000,1.266945313
0.778816000,1.265943511
0.778210000,1.264908783
0.777605000,1.263842735
0.777001000,1.262746980
0.776398000,1.261623141
0.775795000,1.260468574
0.775194000,1.259293395
0.774593000,1.258090659
0.773994000,1.256870667
0.773395000,1.255626298
0.772798000,1.254368015
0.772201000,1.253088535
0.771605000,1.251793916
0.771010000,1.250485779
0.770416000,1.249165729
0.769823000,1.247835367
0.769231000,1.246496282
0.768640000,1.245150051
0.768049000,1.243793581
0.767460000,1.242437729
0.766871000,1.241074707
0.766284000,1.239715391
0.765697000,1.238351921
0.765111000,1.236990474
0.764526000,1.235632527
0.763942000,1.234279536
0.763359000,1.232932941
0.762777000,1.231594158
0.762195000,1.230259917
0.761615000,1.228940939
0.761035000,1.227629262
0.760456000,1.226330888
0.759878000,1.225047129
0.759301000,1.223779278
0.758725000,1.222528599
0.758150000,1.221296334
0.757576000,1.220083702
0.757002000,1.218887428
0.756430000,1.217717646
0.755858000,1.216566604
0.755287000,1.215439895
0.754717000,1.214338616
0.754148000,1.213263843
0.753580000,1.212216626
0.753012000,1.211193801
0.752445000,1.210200653
0.751880000,1.209242263
0.751315000,1.208311347
0.750751000,1.207412987
0.750188000,1.206548097
0.749625000,1.205713685
0.749064000,1.204918444
0.748503000,1.204155518
0.747943000,1.203429623
0.747384000,1.202741573
0.746826000,1.202092162
0.746269000,1.201482165
0.745712000,1.200908895
0.745156000,1.200376679
0.744602000,1.199889557
0.744048000,1.199441557
0.743494000,1.199033596
0.742942000,1.198672769
0.742390000,1.198353505
0.741840000,1.198082579
0.741290000,1.197854703
0.740741000,1.197673550
0.740192000,1.197537074
0.739645000,1.197451398
0.739098000,1.197411857
0.738552000,1.197421792
0.738007000,1.197481846
0.737463000,1.197592665
0.736920000,1.197754892
0.736377000,1.197967095
0.735835000,1.198232197
0.735294000,1.198550864
0.734754000,1.198923770
0.734214000,1.199349892
0.733676000,1.199833432
0.733138000,1.200371789
0.732601000,1.200967390
0.732064000,1.201619677
0.731529000,1.202332107
0.730994000,1.203102969
0.730460000,1.203934357
0.729927000,1.204827091
0.729395000,1.205782010
0.728863000,1.206799345
0.728332000,1.207880852
0.727802000,1.209027451
0.727273000,1.210240085
0.726744000,1.211519577
0.726216000,1.212867330
0.725689000,1.214284381
0.725163000,1.215771792
0.724638000,1.217330663
0.724113000,1.218962621
0.723589000,1.220668595
0.723066000,1.222449779
0.722543000,1.224308329
0.722022000,1.226243787
0.721501000,1.228259451
0.720981000,1.230355717
0.720461000,1.232535474
0.719942000,1.234798888
0.719424000,1.237147378
0.718907000,1.239582388
0.718391000,1.242105391
0.717875000,1.244720249
0.717360000,1.247426464
0.716846000,1.250225582
0.716332000,1.253122079
0.715820000,1.256111903
0.715308000,1.259202663
0.714796000,1.262396552
0.714286000,1.265688420
0.713776000,1.269087075
0.713267000,1.272590673
0.712758000,1.276205157
0.712251000,1.279923768
0.711744000,1.283756962
0.711238000,1.287702057
0.710732000,1.291765846
0.710227000,1.295945186
0.709723000,1.300241644
0.709220000,1.304656757
0.708717000,1.309198157
0.708215000,1.313861665
0.707714000,1.318648701
0.707214000,1.323560641
0.706714000,1.328605936
0.706215000,1.333779221
0.705716000,1.339089351
0.705219000,1.344522396
0.704722000,1.350094988
0.704225000,1.355808901
0.703730000,1.361648357
0.703235000,1.367631342
0.702741000,1.373750079
0.702247000,1.380014720
0.701754000,1.386416721
0.701262000,1.392956433
0.700771000,1.399634084
0.700280000,1.406460485
0.699790000,1.413425461
0.699301000,1.420528838
0.698812000,1.427781876
0.698324000,1.435173107
0.697837000,1.442701910
0.697350000,1.450379947
0.696864000,1.458194410
0.696379000,1.466144191
0.695894000,1.474241306
0.695410000,1.482471573
0.694927000,1.490833363
0.694444000,1.499338996
0.693963000,1.507958503
0.693481000,1.516732904
0.693001000,1.525616644
0.692521000,1.534636771
0.692042000,1.543775880
0.691563000,1.553046742
0.691085000,1.562431047
0.690608000,1.571925491
0.690131000,1.581542994
0.689655000,1.591263934
0.689180000,1.601084450
0.688705000,1.611017561
0.688231000,1.621042404
0.687758000,1.631154585
0.687285000,1.641367164
0.686813000,1.651658144
0.686342000,1.662022623
0.685871000,1.672473662
0.685401000,1.682988241
0.684932000,1.693561005
0.684463000,1.704204963
0.683995000,1.714896223
0.683527000,1.725647730
0.683060000,1.736435082
0.682594000,1.747252284
0.682128000,1.758112157
0.681663000,1.768989714
0.681199000,1.779878677
0.680735000,1.790791711
0.680272000,1.801703431
0.679810000,1.812607369
0.679348000,1.823515991
0.678887000,1.834403732
0.678426000,1.845282895
0.677966000,1.856127899
0.677507000,1.866932149
0.677048000,1.877707688
0.676590000,1.888429133
0.676133000,1.899089948
0.675676000,1.909701894
0.675219000,1.920258088
0.674764000,1.930715831
0.674309000,1.941104799
0.673854000,1.951418214
0.673401000,1.961614710
0.672948000,1.971723106
0.672495000,1.981736821
0.672043000,1.991632761
0.671592000,2.001405295
0.671141000,2.011064978
0.670691000,2.020589899
0.670241000,2.029990327
0.669792000,2.039245241
0.669344000,2.048349846
0.668896000,2.057313975
0.668449000,2.066118122
0.668003000,2.074758103
0.667557000,2.083243287
0.667111000,2.091568797
0.666667000,2.099704843
0.666223000,2.107673630
0.665779000,2.115470906
0.665336000,2.123081314
0.664894000,2.130502300
0.664452000,2.137742023
0.664011000,2.144787128
0.663570000,2.151645395
0.663130000,2.158304850
0.662691000,2.164764230
0.662252000,2.171030743
0.661813000,2.177102275
0.661376000,2.182962431
0.660939000,2.188626006
0.660502000,2.194091657
0.660066000,2.199352435
0.659631000,2.204408919
0.659196000,2.209266863
0.658762000,2.213921498
0.658328000,2.218378142
0.657895000,2.222633465
0.657462000,2.226692343
0.657030000,2.230552866
0.656599000,2.234217334
0.656168000,2.237689942
0.655738000,2.240970848
0.655308000,2.244063793
0.654879000,2.246970271
0.654450000,2.249693560
0.654022000,2.252236446
0.653595000,2.254602675
0.653168000,2.256794819
0.652742000,2.258817487
0.652316000,2.260672784
0.651890000,2.262363942
0.651466000,2.263900187
0.651042000,2.265280774
0.650618000,2.266509413
0.650195000,2.267593956
0.649773000,2.268539445
0.649351000,2.269346366
0.648929000,2.270018974
0.648508000,2.270566918
0.648088000,2.270995590
0.647668000,2.271304594
0.647249000,2.271504702
0.646831000,2.271601451
0.646412000,2.271587193
0.645995000,2.271486609
0.645578000,2.271291889
0.645161000,2.271008007
0.644745000,2.270647454
0.644330000,2.270215860
0.643915000,2.269711012
0.643501000,2.269145961
0.643087000,2.268518141
0.642674000,2.267840886
0.642261000,2.267111296
0.641849000,2.266342911
0.641437000,2.265532517
0.641026000,2.264693780
0.640615000,2.263823200
0.640205000,2.262934492
0.639795000,2.262023889
0.639386000,2.261105085
0.638978000,2.260182948
0.638570000,2.259253344
0.638162000,2.258320907
0.637755000,2.257399080
0.637349000,2.256492305
0.636943000,2.255596080
0.636537000,2.254714712
0.636132000,2.253861145
0.635728000,2.253039340
0.635324000,2.252244531
0.634921000,2.251489134
0.634518000,2.250768300
0.634115000,2.250085734
0.633714000,2.249461437
0.633312000,2.248873987
0.632911000,2.248343023
0.632511000,2.247871430
0.632111000,2.247454263
0.631712000,2.247102080
0.631313000,2.246809960
0.630915000,2.246587908
0.630517000,2.246431059
0.630120000,2.246348840
0.629723000,2.246336464
0.629327000,2.246402757
0.628931000,2.246543037
0.628536000,2.246765516
0.628141000,2.247065638
0.627746000,2.247445253
0.627353000,2.247917150
0.626959000,2.248465759
0.626566000,2.249103430
0.626174000,2.249830927
0.625782000,2.250644217
0.625391000,2.251548939
0.625000000,2.252541278
0.624610000,2.253626220
0.624220000,2.254800184
0.623830000,2.256063949
0.623441000,2.257421525
0.623053000,2.258872822
0.622665000,2.260414777
0.622278000,2.262050442
0.621891000,2.263777041
0.621504000,2.265594814
0.621118000,2.267505870
0.620732000,2.269507881
0.620347000,2.271602346
0.619963000,2.273788513
0.619579000,2.276064524
0.619195000,2.278430175
0.618812000,2.280885787
0.618429000,2.283429991
0.618047000,2.286062541
0.617665000,2.288782401
0.617284000,2.291588782
0.616903000,2.294480985
0.616523000,2.297457693
0.616143000,2.300518549
0.615764000,2.303661729
0.615385000,2.306887218
0.615006000,2.310194250
0.614628000,2.313580269
0.614251000,2.317043836
0.613874000,2.320585626
0.613497000,2.324204741
0.613121000,2.327897734
0.612745000,2.331665791
0.612370000,2.335505047
0.611995000,2.339417029
0.611621000,2.343397479
0.611247000,2.347448254
0.610874000,2.351564724
0.610501000,2.355749075
0.610128000,2.360000240
0.609756000,2.364313055
0.609385000,2.368685956
0.609013000,2.373126159
0.608643000,2.377619404
0.608273000,2.382173065
0.607903000,2.386786040
0.607533000,2.391457224
0.607165000,2.396175294
0.606796000,2.400954054
0.606428000,2.405782059
0.606061000,2.410657825
0.605694000,2.415585506
0.605327000,2.420564017
0.604961000,2.425586420
0.604595000,2.430657267
0.604230000,2.435769412
0.603865000,2.440927661
0.603500000,2.446130975
0.603136000,2.451371917
0.602773000,2.456649161
0.602410000,2.461968000
0.602047000,2.467327438
0.601685000,2.472719715
0.601323000,2.478150454
0.600962000,2.483611750
0.600601000,2.489109438
0.600240000,2.494642588
0.599880000,2.500203100
0.599520000,2.505797102
0.599161000,2.511416381
0.598802000,2.517067250
0.598444000,2.522741393
0.598086000,2.528445299
0.597729000,2.534170563
0.597372000,2.539923835
0.597015000,2.545704324
0.596659000,2.551503502
0.596303000,2.557328244
0.595948000,2.563169957
0.595593000,2.569035659
0.595238000,2.574924633
0.594884000,2.580828194
0.594530000,2.586753551
0.594177000,2.592691971
0.593824000,2.598650781
0.593472000,2.604621207
0.593120000,2.610610685
0.592768000,2.616618605
0.592417000,2.622636141
0.592066000,2.628670873
0.591716000,2.634713953
0.591366000,2.640773052
0.591017000,2.646839300
0.590667000,2.652928799
0.590319000,2.659015986
0.589971000,2.665117017
0.589623000,2.671231401
0.589275000,2.677358660
0.588928000,2.683489890
0.588582000,2.689624596
0.588235000,2.695779215
0.587889000,2.701936409
0.587544000,2.708095727
0.587199000,2.714265219
0.586854000,2.720444485
0.586510000,2.726624640
0.586166000,2.732813788
0.585823000,2.739003058
0.585480000,2.745200588
0.585138000,2.751397522
0.584795000,2.757610532
0.584454000,2.763813765
0.584112000,2.770032419
0.583771000,2.776249172
0.583431000,2.782463722
0.583090000,2.788692774
0.582751000,2.794910557
0.582411000,2.801142270
0.582072000,2.807370666
0.581734000,2.813595500
0.581395000,2.819833454
0.581058000,2.826058897
0.580720000,2.832296960
0.580383000,2.838530511
0.580046000,2.844767769
0.579710000,2.851000095
0.579374000,2.857235700
0.579039000,2.863465985
0.578704000,2.869699148
0.578369000,2.875934985
0.578035000,2.882164954
0.577701000,2.888397231
0.577367000,2.894631627
0.577034000,2.900859662
0.576701000,2.907089482
0.576369000,2.913312652
0.576037000,2.919537296
0.575705000,2.925763246
0.575374000,2.931982134
0.575043000,2.938202044
0.574713000,2.944414655
0.574383000,2.950628021
0.574053000,2.956841997
0.573723000,2.963056437
0.573394000,2.969263117
0.573066000,2.975461964
0.572738000,2.981660951
0.572410000,2.987859947
0.572082000,2.994058825
0.571755000,3.000249488
0.571429000,3.006431884
0.571102000,3.012621816
0.570776000,3.018803294
0.570451000,3.024976276
0.570125000,3.031156434
0.569801000,3.037320097
0.569476000,3.043490722
0.569152000,3.049652575
0.568828000,3.055813383
0.568505000,3.061965319
0.568182000,3.068116068
0.567859000,3.074265537
0.567537000,3.080405985
0.567215000,3.086545023
0.566893000,3.092682563
0.566572000,3.098810954
0.566251000,3.104937733
0.565931000,3.111055303
0.565611000,3.117171156
0.565291000,3.123285211
0.564972000,3.129389962
0.564653000,3.135492823
0.564334000,3.141593719
0.564016000,3.147685233
0.563698000,3.153774697
0.563380000,3.159862044
0.563063000,3.165939948
0.562746000,3.172015661
0.562430000,3.178081915
0.562114000,3.184145910
0.561798000,3.190207585
0.561482000,3.196266881
0.561167000,3.202316655
0.560852000,3.208363991
0.560538000,3.214401812
0.560224000,3.220437146
0.559910000,3.226469939
0.559597000,3.232493207
0.559284000,3.238513892
0.558971000,3.244531945
0.558659000,3.250540474
0.558347000,3.256546334
0.558036000,3.262542700
0.557724000,3.268543117
0.557414000,3.274527290
0.557103000,3.280515428
0.556793000,3.286494079
0.556483000,3.292469921
0.556174000,3.298436321
0.555864000,3.304406456
0.555556000,3.310360601
0.555247000,3.316318406
0.554939000,3.322266802
0.554631000,3.328212285
0.554324000,3.334148414
0.554017000,3.340081623
0.553710000,3.346011879
0.553403000,3.351939150
0.553097000,3.357857123
0.552792000,3.363765862
0.552486000,3.369677866
0.552181000,3.375580639
0.551876000,3.381480402
0.551572000,3.387371004
0.551268000,3.393258603
0.550964000,3.399143173
0.550661000,3.405018661
0.550358000,3.410891131
0.550055000,3.416760560
0.549753000,3.422620991
0.549451000,3.428478397
0.549149000,3.434332754
0.548847000,3.440184039
0.548546000,3.446026428
0.548246000,3.451859996
0.547945000,3.457696295
0.547645000,3.463523796
0.547345000,3.469348251
0.547046000,3.475163995
0.546747000,3.480976719
0.546448000,3.486786405
0.546150000,3.492587487
0.545852000,3.498385559
0.545554000,3.504180604
0.545256000,3.509972606
0.544959000,3.515756132
0.544662000,3.521536646
0.544366000,3.527308780
0.544070000,3.533077938
0.543774000,3.538844106
0.543478000,3.544607271
0.543183000,3.550362189
0.542888000,3.556114140
0.542594000,3.561857947
0.542299000,3.567603959
0.542005000,3.573341866
0.541712000,3.579071749
0.541419000,3.584798733
0.541126000,3.590522804
0.540833000,3.596243954
0.540541000,3.601957227
0.540249000,3.607667621
0.539957000,3.613375123
0.539665000,3.619079726
0.539374000,3.624776600
0.539084000,3.630465832
0.538793000,3.636157017
0.538503000,3.641840603
0.538213000,3.647521369
0.537924000,3.653194645
0.537634000,3.658869777
0.537346000,3.664532864
0.537057000,3.670197791
0.536769000,3.675855382
0.536481000,3.681510229
0.536193000,3.687162324
0.535906000,3.692807215
0.535619000,3.698449401
0.535332000,3.704088876
0.535045000,3.709725630
0.534759000,3.715355338
0.534474000,3.720978086
0.534188000,3.726602473
0.533903000,3.732219949
0.533618000,3.737834793
0.533333000,3.743447000
0.533049000,3.749052427
0.532765000,3.754655265
0.532481000,3.760255506
0.532198000,3.765849101
0.531915000,3.771440147
0.531632000,3.777028638
0.531350000,3.782610615
0.531067000,3.788194007
0.530786000,3.793767041
0.530504000,3.799341477
0.530223000,3.804909554
0.529942000,3.810475159
0.529661000,3.816038283
0.529381000,3.821595181
0.529101000,3.827149646
0.528821000,3.832701670
0.528541000,3.838251247
0.528262000,3.843794753
0.527983000,3.849335857
0.527704000,3.854874553
0.527426000,3.860407305
0.527148000,3.865937695
0.526870000,3.871465715
0.526593000,3.876987920
0.526316000,3.882507799
0.526039000,3.888025345
0.525762000,3.893540552
0.525486000,3.899050091
0.525210000,3.904557333
0.524934000,3.910062271
0.524659000,3.915561666
0.524384000,3.921058798
0.524109000,3.926553661
0.523834000,3.932046246
0.523560000,3.937533430
0.523286000,3.943018377
0.523013000,3.948498024
0.522739000,3.953978500
0.522466000,3.959453717
0.522193000,3.964926720
0.521921000,3.970394563
0.521648000,3.975863136
0.521376000,3.981326590
0.521105000,3.986785000
0.520833000,3.992244081
0.520562000,3.997698158
0.520291000,4.003150068
0.520021000,4.008597070
0.519751000,4.014041940
0.519481000,4.019484669
0.519211000,4.024925246
0.518941000,4.030363658
0.518672000,4.035797310
0.518403000,4.041228833
0.518135000,4.046655689
0.517866000,4.052082947
0.517598000,4.057505573
0.517331000,4.062923640
0.517063000,4.068342043
0.516796000,4.073755921
0.516529000,4.079167698
0.516262000,4.084577363
0.515996000,4.089982609
0.515730000,4.095385773
0.515464000,4.100786840
0.515198000,4.106185800
0.514933000,4.111580458
0.514668000,4.116973036
0.514403000,4.122363520
0.514139000,4.127749805
0.513875000,4.133134025
0.513611000,4.138516163
0.513347000,4.143896205
0.513084000,4.149272163
0.512821000,4.154646051
0.512558000,4.160017853
0.512295000,4.165387554
0.512033000,4.170753281
0.511771000,4.176116933
0.511509000,4.181478491
0.511247000,4.186837939
0.510986000,4.192193522
0.510725000,4.197547020
0.510465000,4.202896734
0.510204000,4.208246038
0.509944000,4.213591581
0.509684000,4.218935026
0.509424000,4.224276355
0.509165000,4.229614015
0.508906000,4.234949581
0.508647000,4.240283035
0.508388000,4.245614356
0.508130000,4.250942110
0.507872000,4.256267751
0.507614000,4.261591263
0.507357000,4.266911296
0.507099000,4.272230516
0.506842000,4.277546277
0.506586000,4.282858647
0.506329000,4.288170114
0.506073000,4.293478210
0.505817000,4.298784151
0.505561000,4.304087918
0.505306000,4.309388399
0.505051000,4.314686724
0.504796000,4.319982870
0.504541000,4.325276817
0.504286000,4.330568543
0.504032000,4.335857085
0.503778000,4.341143421
0.503525000,4.346426648
0.503271000,4.351708539
0.503018000,4.356987337
0.502765000,4.362263901
0.502513000,4.367537446
0.502260000,4.372809506
0.502008000,4.378078561
0.501756000,4.383345353
0.501505000,4.388609215
0.501253000,4.393871440
0.501002000,4.399130750
0.500751000,4.404387762
0.500501000,4.409641934
0.500250000,4.414894315
0.500000000,4.420143869
