z,mu,sigma
0.00122,9.74571,588.6207494728673
0.00122,9.80286,1.5285922097472564
0.00256,11.4703,1.868355581012351
0.00256,11.4919,3.5119021679141347
0.00299,11.5227,4.536610574757327
0.00317,11.5416,4.438298734537819
0.00331,11.2074,1.0947484820268079
0.00331,11.2998,1.5675140455511076
0.00331,11.1483,1.4322410486018056
0.00331,11.2577,1.37056014833352
0.00333,12.2481,1.2279507514554482
0.00349,12.5403,1.2459165443560014
0.00349,12.2437,1.0833893022362737
0.00359,12.4439,1.2249492951138834
0.00384,11.7469,1.744487931113311
0.00407,12.1403,1.6594626370605636
0.00407,12.1249,1.675248283270274
0.00432,12.246,1.6659801496116333
0.00432,12.3081,3.2005120748092795
0.00465,12.6779,1.8965720911950592
0.00465,12.78,1.4374974306759647
0.00482,11.9946,2.5687846724083356
0.00483,11.8801,3.3460031292573533
0.00483,12.3995,3.1881349155893637
0.00483,11.9704,3.4787644253383987
0.00483,12.087,2.6377135341048694
0.00483,12.5105,1.656742509897057
0.00488,12.1943,1.3819582860926014
0.00488,12.286,1.7071243516217558
0.00538,12.3982,2.380366694524186
0.00548,12.4752,3.041407573575104
0.0057,12.6587,2.683533199515147
0.0057,12.6455,2.835388414838433
0.00571,12.4269,2.2966976113977218
0.00571,12.3762,2.23983608621256
0.00587,12.4873,2.552650872113145
0.00588,12.9292,2.473502574104179
0.00592,13.2155,2.4689047442337664
0.00602,12.6874,2.501918595078585
0.00602,12.8136,1.7890708122654062
0.00602,12.6572,1.7807877685451459
0.00616,11.6549,2.4806891595885205
0.00616,11.9327,3.0381820312318353
0.00625,12.8137,1.8796493382011443
0.00625,12.7493,1.5812664370687186
0.00625,12.8469,1.6043625603335425
0.00625,12.7807,1.3691085609622051
0.0063,12.8224,2.3735346788492473
0.0063,12.8313,4.2332915929569515
0.0063,12.7673,4.1762715511566055
0.00631,13.5803,3.395476610138848
0.00634,13.1471,3.200926897790701
0.00648,13.2078,2.1615081601974118
0.00648,13.1808,1.5275470477533581
0.00665,12.4791,2.5763227851726964
0.00668,11.9687,2.9723187217726164
0.00673,13.1063,1.8152120460431063
0.00676,12.7203,2.189386510463605
0.00677,12.9421,2.1303230951665526
0.00677,12.9199,2.307191423419392
0.00677,12.9518,2.4178759943801915
0.00692,13.1875,2.340471222724176
0.0071,13.0663,2.325251061541527
0.0071,13.0797,2.318507772922058
0.0071,13.0691,2.3257104089288503
0.00719,13.1893,1.2866623813961455
0.00719,13.2112,1.5969574687824344
0.00747,13.5413,1.18115703947443
0.00747,13.4893,1.7154798603889234
0.00747,13.5155,1.6604309972714915
0.0075,13.0782,1.793677242259599
0.0075,13.0468,2.3808719408863634
0.00795,13.3888,2.234836807285937
0.00814,13.4634,1.8509349443727081
0.00814,13.3621,2.2888245921651578
0.00814,13.4562,1.976342185882799
0.00815,13.1181,1.8782770873862036
0.00815,13.4904,2.1106058584207523
0.00815,13.4177,2.1132263819572197
0.00817,13.1925,2.5008542472523265
0.00818,13.231,2.6497583256402835
0.00821,13.9608,2.4154875610319335
0.00838,13.268,2.8221329802651045
0.00838,13.4392,3.696511345579775
0.00855,13.4398,2.520414419673876
0.00855,13.599,1.762308660053624
0.00857,13.4997,1.3222638102890059
0.00861,13.4693,1.9505123179821244
0.00863,13.1214,2.1864499434700075
0.00863,13.1415,2.119151645470423
0.00863,13.082,2.1174671716227387
0.00864,13.1668,2.2696852753630843
0.00883,13.6086,2.270549137917962
0.00906,13.546,1.9589888321784787
0.00906,13.4968,2.9739184348936
0.00925,13.6384,2.1252717571877717
0.00925,13.6443,2.352497934600581
0.00925,13.6629,2.344661496826354
0.00935,13.0823,2.165092722702656
0.00954,13.7869,2.100854545655172
0.00954,13.9605,1.568265162623974
0.00954,13.9779,1.7122001332788175
0.00954,13.9939,1.5891882189344344
0.00957,13.648,1.5459678823313245
0.00957,13.6124,2.062173105949159
0.00966,13.5499,2.06715270064889
0.00966,13.6635,2.6340803972734013
0.00993,14.2223,2.1264983682335616
0.00996,13.3927,2.415270056142791
0.00996,13.4928,3.8100117657298647
0.00996,13.6485,3.4387143673181115
0.01016,13.5264,2.107113884036646
0.01017,13.6652,2.139537539235991
0.01017,13.7144,2.6612876869478055
0.01026,14.0848,1.924412600327695
0.01026,13.9723,2.065204752706133
0.01028,14.0258,1.5040384157327897
0.01042,13.8706,1.6035681307633924
0.01044,13.8339,2.17622844262729
0.01061,14.1276,2.0414890845654794
0.01061,14.0401,2.652779379160657
0.01073,13.8551,1.9998081198455016
0.01079,13.8153,2.2257774419963914
0.01079,13.9279,3.465357111756305
0.01096,14.3179,2.1770562983992856
0.01114,14.4807,1.977191028049642
0.01114,14.3839,2.301418586633036
0.01122,14.5817,1.9978854748458432
0.01122,14.1806,1.9672241117371452
0.01122,14.2417,2.0535979776723585
0.01155,14.3303,1.8337714155532034
0.01195,14.2444,1.6621607511308887
0.01213,14.6253,2.045282777588468
0.0122,14.4493,1.9346125777788172
0.01233,14.4873,1.4797209793403618
0.01246,14.5756,1.553189638775639
0.01258,14.455,1.4789675896381231
0.01258,14.4716,1.5824003711450525
0.01259,14.3344,1.513578223317183
0.01259,14.2648,1.7237873866866529
0.01279,14.4962,2.6214622302829387
0.01283,14.3835,2.596465047039917
0.01283,14.2498,2.2391888570864227
0.01303,14.4825,1.7503008096895802
0.01303,14.5077,1.7273582166128716
0.01304,14.3222,1.6966876497163526
0.01304,14.3143,1.7137958349815186
0.01312,14.267,1.717253054619499
0.01312,14.2187,2.489584474545903
0.01325,14.7152,1.7350889620708212
0.01325,14.7316,2.476646638117759
0.01325,14.6717,2.464247383928813
0.01375,14.544,1.7112177575048713
0.01375,14.5153,1.7601396971547456
0.01375,14.519,1.6189042569898937
0.01376,14.5119,1.46769355517424
0.01386,14.4211,2.063063968761027
0.01388,14.4438,1.9308873197574217
0.01389,14.5523,1.5401062713657132
0.01389,14.4121,2.1653083923543086
0.01411,14.5676,1.5888770370296124
0.01424,14.5914,1.5814020772719377
0.01442,14.7657,1.774825558667668
0.01442,14.7719,2.9360041223404303
0.01442,15.0836,2.2855718971189685
0.01442,14.9251,3.4593104476181376
0.01442,14.999,3.7061254567270114
0.01446,14.6548,1.9729752305845099
0.0145,14.9197,2.0200714101981645
0.01453,14.4996,1.9960665978118064
0.0146,14.6296,1.3618127700238385
0.01462,14.6723,1.4964738138036362
0.01463,14.5023,2.0374035687119036
0.01463,14.4659,3.547264603606559
0.01467,14.6386,1.9994444557426445
0.01472,14.5364,2.0854045609425524
0.01484,14.7579,2.1561397928937724
0.01492,14.9372,2.021873789112466
0.01493,14.5994,2.1543399847285016
0.01499,14.721,1.4141373832481765
0.01499,14.6731,1.6182420462650202
0.01515,14.6347,1.6391280139147155
0.01519,14.9263,1.6880847994991246
0.01525,14.5176,1.691302131672517
0.01529,14.7804,2.183725123498834
0.01542,15.0896,2.380680953256862
0.01543,14.8214,2.242847957307851
0.01546,14.7801,1.6593438200987762
0.01549,15.0202,1.8213859003242558
0.0155,15.0051,1.9208331833347736
0.0155,14.9582,1.7598380295924962
0.0155,14.7464,1.766798613622956
0.0155,14.6322,2.22346979367834
0.01557,14.5372,1.905145050330814
0.01557,14.5542,1.8858295881123512
0.01562,14.9202,1.6447137846142106
0.01562,14.8772,2.3299110719510305
0.01565,15.0787,1.8891189930229382
0.01576,14.9127,1.6842761232648287
0.01578,14.7456,1.5285994885188208
0.01578,14.8167,1.7481828616308994
0.01581,14.7396,1.691993885745454
0.01581,14.6474,1.419468691729409
0.01587,15.1386,1.4800759657193276
0.01588,14.7757,1.4990745359054032
0.0159,14.9133,1.3818856649158786
0.0159,14.8793,1.5089652986400979
0.0159,14.7799,1.4014122089520984
0.01603,14.8532,1.6487906196057764
0.01652,15.1607,2.0583404212131677
0.01652,14.7469,2.4335104352971246
0.01656,14.9078,1.689357235933241
0.01657,14.7196,2.139859338017338
0.01662,15.0263,2.31926260350138
0.01666,15.0878,1.2160563147321757
0.01671,14.6455,1.3260038518420676
0.01678,14.9149,1.4449897799292561
0.01682,15.2119,2.233455728439675
0.01682,15.2811,4.111345660972816
0.01682,14.7143,2.252069393779863
0.0169,14.588,1.9971758226055112
0.0169,14.6445,1.9937174216272475
0.01692,15.2364,2.071708825969518
0.01698,15.0879,1.8547296372787059
0.01699,14.8225,1.6230788328359163
0.01705,14.9443,1.6205478072553121
0.01718,14.769,1.5577674341184566
0.01718,14.9473,2.431409114916698
0.0172,15.3554,1.6996800366245408
0.0173,14.8906,1.6035044902649944
0.0173,14.8987,1.9817079565869438
0.01733,15.1479,1.4934952579101146
0.01733,15.2571,1.3289842006209103
0.01734,15.108,1.3366256506217438
0.01737,15.057,1.4906229655415886
0.01737,15.0139,2.1708668834362
0.01743,14.5269,2.1928030358880846
0.01747,15.0698,2.1081845632202127
0.01747,15.0603,1.3386147132763782
0.01752,14.8935,1.2434408174899199
0.01776,14.9691,1.73429604742097
0.01778,15.0834,1.6939356980121767
0.01778,14.9934,1.4225777843759546
0.01784,15.0409,1.4071227592147033
0.01784,14.9888,1.6994913101866687
0.0179,15.0445,1.7389092870819916
0.01802,15.0131,1.806487037152495
0.01808,15.3548,1.2693362872383347
0.01826,15.7262,1.2438435643198866
0.01826,14.9475,1.5654264603615209
0.01839,15.1863,1.536811863436771
0.01855,15.239,1.5785007473865826
0.01855,15.323,2.045050947115988
0.01865,15.3641,1.5033431186858175
0.01865,15.3186,1.412496946403779
0.01866,15.3536,1.5697907198413423
0.01875,15.2936,1.5123859449889105
0.01875,15.2336,1.844468837714533
0.01905,15.1756,1.8935619538847943
0.01947,15.5217,1.4290025248403166
0.01947,15.5555,1.333783118389193
0.01975,15.504,2.8383370825009493
0.01975,15.4863,3.628475423369986
0.01976,15.4335,2.9704480407170903
0.01995,15.1118,2.3707873018893957
0.02001,15.4324,1.454480376835659
0.02006,15.2591,1.1808400023288506
0.02019,15.2542,1.3154590524603949
0.02019,15.449,1.4461975008621748
0.02023,15.3465,0.9921926926207429
0.02023,15.2482,1.7280241833666565
0.02023,15.323,1.7523324259968485
0.02023,15.3952,1.2533022211342322
0.02024,15.7458,1.1011658465008802
0.02034,15.5635,1.1352509011667862
0.02034,15.3219,2.0994060279517157
0.02035,15.3179,1.9970975864238583
0.02035,15.3126,1.236404825532479
0.02035,15.2401,1.328579483470974
0.02044,15.4022,1.0589939479997041
0.02049,15.8733,1.8770117740973284
0.02052,15.303,2.343051861397865
0.02056,15.1638,1.7049100674229125
0.02056,15.3117,1.3201361375252174
0.02081,15.2333,1.8059038572692623
0.02082,15.421,1.7622052540495956
0.02082,15.3819,2.0278736864262528
0.0209,15.5588,1.7017305757375343
0.02096,15.4426,1.5772329725503458
0.02106,15.4163,1.2593847391087443
0.02116,15.122,1.2772373043017495
0.02116,15.5664,1.0855514624834697
0.02118,15.865,1.654138743485564
0.02118,15.9526,2.7771511168641867
0.02131,15.5031,1.564854943309443
0.02131,15.4814,0.9929760575109553
0.02131,15.4889,1.2338584286699994
0.02134,15.5097,1.8256448668895056
0.02137,15.0938,1.878600171484076
0.02151,15.3369,0.8967927705495846
0.02153,15.3584,2.14075706354084
0.0217,15.5179,2.1317536385098537
0.02183,15.5053,1.34262047731293
0.02183,15.5212,2.344055304445695
0.02197,15.6059,1.6499507589016105
0.02198,15.7124,1.3414221286008368
0.02203,15.4209,1.3693478192555755
0.02205,15.4947,1.3675777759966707
0.02207,15.6317,1.0775461323303053
0.02215,15.7951,1.4900861688506473
0.02219,15.7606,1.6503461464492835
0.02228,15.5529,1.17173699450858
0.02228,15.5704,1.553705192853522
0.02231,15.6715,1.3595637459126364
0.02234,15.5197,1.1432687023180508
0.02234,15.6174,1.7270688067069013
0.02236,15.5284,1.2919636793269382
0.02239,15.5184,1.4972088011363012
0.02239,15.6073,2.1964703740547016
0.0224,15.506,1.9190377473098335
0.0224,15.5467,2.2885541738835897
0.02241,15.7862,1.379658246958282
0.02255,15.4776,1.3628767306693588
0.02266,15.5908,1.5278005970675623
0.0227,15.6163,1.3086301407196763
0.02273,15.4319,1.7991827564480491
0.02295,16.0155,2.03767207062373
0.02295,15.6054,1.4342494366043865
0.02298,15.7462,1.4185770157802502
0.02298,15.7182,2.0843682404028323
0.02303,15.732,1.2554621698004285
0.02307,15.5136,1.749733326567223
0.02313,15.7695,1.8971877727573516
0.02316,15.63,1.63983064826829
0.02321,15.6638,1.4351206343022178
0.02325,15.8007,1.1644959848792953
0.02331,15.3948,1.7166898133034982
0.02331,15.1771,2.4129020871970748
0.02342,15.7321,1.9593213608798328
0.02342,15.7551,2.1082156709644297
0.02342,15.7253,1.8843500970891796
0.02343,15.6052,1.5089474775153706
0.02343,15.6052,1.5533570564747823
0.02344,15.5801,1.392607552614878
0.02352,15.5861,1.5038056669663138
0.02354,15.7468,1.3366154744727445
0.02357,15.7876,1.2365873826786362
0.02357,15.6979,1.7930768460386743
0.02357,15.3185,1.6229629686163514
0.02365,15.7013,1.6144128410973446
0.02369,15.69,1.5546392087555234
0.02388,15.7419,1.0965158893513582
0.0239,15.636,2.1923195158096824
0.0239,15.741,2.422219487288466
0.02391,15.6463,1.3345567571294974
0.02401,15.8488,1.0727068372113604
0.02411,15.8519,2.001560235066634
0.02411,15.2181,2.278768531180822
0.02412,15.6252,1.5118878400860296
0.02417,15.6891,1.2862576733687539
0.02417,15.831,1.4435415963871634
0.02428,15.9273,1.2799805506334851
0.02429,15.8241,1.3229319714558265
0.02432,15.7341,1.184264176567036
0.02432,15.7,1.4298328677156642
0.02432,15.9787,1.2921397323819124
0.02434,15.7572,1.356535738600351
0.02453,15.755,1.2395035623587372
0.02453,15.8216,1.3458409966634246
0.02453,15.6963,1.208539559096019
0.02457,15.9254,1.029027912838131
0.02462,15.8531,1.346228878757249
0.02462,15.7991,1.7240846065376259
0.02462,15.6368,1.6285711753251682
0.02464,15.6998,1.3901900705299257
0.02464,15.554,1.1807167214874192
0.02466,15.5582,1.6679502542042433
0.02491,15.8332,1.836857974286526
0.02494,15.9443,1.326670263441523
0.02509,15.9622,1.546376862346304
0.0251,15.5839,1.464493943620116
0.0251,15.5952,1.0502502455129443
0.0251,15.826,1.78828518505858
0.0251,15.756,1.8407535701717381
0.02512,15.7746,0.9461676757847945
0.02513,15.2053,1.6991530417534495
0.02517,15.6587,2.017493897859421
0.02517,15.9459,1.5697796715144454
0.02517,15.9747,1.2952847002493313
0.02519,15.8609,1.0258480239782108
0.02519,15.8615,1.1703430561591759
0.02521,15.7312,1.0298603562134043
0.02525,15.6911,1.2288238831093738
0.02525,15.6533,1.6820274321484772
0.02534,15.9352,1.4109553063084599
0.02534,15.9444,0.9738653863599425
0.02556,15.9298,1.282899203484046
0.02557,15.8091,1.2567263607882186
0.02585,15.5134,1.9254446773407954
0.02591,15.8651,1.9352586366168218
0.02596,16.1484,1.113572137851877
0.02598,16.0401,1.1309594096164548
0.02598,15.8551,1.340556312916395
0.02598,15.582,2.14669085475762
0.02598,16.0581,1.7874421416090647
0.02626,16.0325,1.5243057014588641
0.02626,16.0899,3.0729256189338523
0.02632,15.7693,2.4406156857645573
0.02669,16.055,1.9546986326541491
0.02691,16.0158,1.054386342049251
0.02691,16.0362,1.3583089335272738
0.02695,15.8654,1.0252639776662398
0.02713,15.9983,1.1369933926369142
0.02714,16.0694,1.139593307368905
0.0273,16.0362,1.6213898333220176
0.02731,16.0143,1.5520127508496828
0.02731,16.0907,1.0567787495497816
0.02731,15.8588,2.451603504667914
0.02731,15.974,2.6861887763521013
0.02736,16.06,1.3483046527398768
0.0274,16.0512,1.8534891519240138
0.02741,16.2706,1.8682526059930975
0.02748,15.86,1.0352595435928131
0.02748,15.9008,1.4224314508263658
0.02748,15.8587,1.4286296382197872
0.02773,16.0937,1.5313375457422835
0.02803,16.4728,2.3841906275715457
0.02805,15.8776,1.9484916329817792
0.0281,16.4209,1.2249816603525132
0.02816,16.1083,1.243833456938669
0.02819,16.0644,1.0062329626880646
0.0282,16.0344,1.5383168217568186
0.02823,16.2531,1.5279981541546444
0.02823,16.3033,1.2607066745282187
0.02823,16.305,1.2665576519448296
0.02833,16.0135,0.9728545429045392
0.02844,16.119,1.007774374252491
0.02844,16.0891,1.1727485251323064
0.02849,15.8519,1.059520679505596
0.02849,16.1838,1.1022369197227972
0.02849,16.0383,1.5196589327214183
0.02849,16.106,1.5112999686362731
0.02849,15.9433,1.8907089339451486
0.02857,16.3466,2.008959467535371
0.02858,16.4066,1.4000948220031384
0.02866,16.0919,1.423502627359711
0.02866,16.1575,1.3848675490457563
0.02873,15.6957,1.2121590277269727
0.02888,16.0233,3.422490406998974
0.02898,16.2249,3.5386966855044246
0.02902,15.8028,1.3593760084685915
0.02913,16.2622,1.442716560728406
0.02915,16.4418,1.2760895513638533
0.02917,15.9861,1.0642219476218295
0.02919,16.3494,1.0282643085802403
0.02938,16.3692,1.5826374078733259
0.02938,16.219,1.7826180671136485
0.02944,16.0231,1.130358471326685
0.02947,15.8409,1.4588540392376477
0.02949,16.3549,1.5074038982966709
0.0295,16.1108,1.5562852406933634
0.02953,16.2124,1.530481145849239
0.02956,16.2534,1.0779521066355406
0.02969,16.0251,1.1669389026851404
0.02978,16.2485,1.1217145452386716
0.02978,16.2586,1.1346380974566297
0.0299,16.1824,1.0869328048688198
0.02996,16.608,1.1157095698254094
0.03012,16.2665,1.126435516929398
0.03012,16.2308,1.6530423731411121
0.03012,16.2231,1.8489432698977002
0.03023,16.2655,1.1803784513028015
0.03031,16.3012,1.211601247523293
0.03036,16.2273,1.186027526662008
0.03047,16.2815,1.4078274811566933
0.03059,16.1056,1.3757534915456329
0.03075,16.0992,1.78007782152916
0.03076,16.3554,1.8384283921871964
0.03083,16.2118,1.568267335564954
0.03086,16.1634,1.5871867140005929
0.03091,16.2396,1.030442527557942
0.03096,16.3951,1.1150556769058664
0.03108,16.6694,2.3580802863346277
0.03108,16.153,2.999604482110933
0.03108,16.0844,2.8980359391146275
0.0311,16.312,2.1566639904491383
0.03114,16.417,1.2392310832124895
0.03114,16.2879,1.6947921841039981
0.03116,16.3347,0.9909272506647498
0.03117,16.2774,1.5455443466623662
0.03118,16.4145,1.576100674544618
0.0312,16.2427,0.9705557715968722
0.0312,16.3263,1.211655775416434
0.0312,16.2311,1.1376818415972016
0.03121,16.519,1.1628172631157485
0.03121,16.4898,2.1078100023958517
0.03121,16.5337,2.036627990502929
0.03132,16.3701,2.0710982888313145
0.03143,16.3931,1.8887675620890993
0.03143,16.3072,1.0118646918437266
0.03147,16.6589,1.4205847811024868
0.03148,16.4487,1.5223048314316026
0.03148,16.454,1.087978362009098
0.03162,16.3944,1.0555732245088447
0.03162,16.4317,1.551238167078157
0.03166,16.4749,1.0567034507372444
0.03192,16.2062,1.4741709642711052
0.03201,16.2366,1.3968520923132843
0.03236,16.4216,1.0309428409955617
0.03255,16.323,1.1811407535514131
0.0326,16.6032,1.4297994213175498
0.0326,16.6047,2.6819966191813145
0.03264,16.6278,1.7472902663553072
0.03264,16.4126,1.9466383977770498
0.03264,16.6552,1.5228985915680662
0.03272,16.4108,1.001938625665265
0.03272,16.3836,1.213094567212301
0.03272,16.3901,1.162251627703743
0.03282,16.3799,1.0748418246886375
0.03289,16.5851,1.1774536336094088
0.0329,16.4718,0.8971819657962369
0.03294,16.5462,1.9261986042721555
0.03296,16.4794,2.025811557968806
0.03296,16.6377,2.025855144698159
0.03298,16.3634,1.23345258084776
0.03333,16.4113,1.1027710325357662
0.03333,16.4738,1.2388819488958582
0.03335,16.5629,1.1395855465475155
0.03341,16.6117,1.0999197420266627
0.03341,16.5986,1.1359441437412316
0.03371,16.5267,0.8982171397997257
0.03373,16.576,1.4693259620315704
0.03375,16.7699,1.6207855329438254
0.03378,16.5746,1.5212605794537635
0.03393,16.6559,1.365336436487359
0.03403,16.5057,1.6488188896601106
0.03428,16.6658,1.7208025637765652
0.03428,16.6848,1.877322359345885
0.03437,16.5307,1.3336837712516412
0.03441,16.572,2.0730447447655345
0.03451,16.7227,2.4318962734458887
0.03459,16.4818,1.740409991180239
0.03479,16.6036,1.0673595071483646
0.03491,16.6588,1.138037975816273
0.03512,16.6286,0.9609617101633134
0.03515,16.6407,1.0323349203141392
0.03516,16.5482,2.287588365593775
0.03516,16.5508,3.02595783688405
0.03522,16.5819,2.5742588348105166
0.03529,16.608,1.7229832990194651
0.03551,16.7375,2.0119403390756894
0.03568,16.981,2.0388849281899164
0.03576,16.7061,1.1714428105972565
0.03576,16.9015,1.4760738572307281
0.03583,16.6795,1.3376943620648178
0.03585,16.2985,1.2784508184517698
0.03599,16.7379,1.1531908753541193
0.03616,16.6056,1.2427015592651358
0.03624,16.9315,1.2117827965027397
0.03635,16.7505,1.101687527341578
0.03682,16.6752,1.011536460094247
0.03682,16.6306,1.2801894082517633
0.03697,16.8218,1.513896862966563
0.03702,16.5526,2.160056098808547
0.03702,16.6757,3.1954586567502323
0.03702,16.8165,1.7294158894262537
0.03702,16.827,1.73764628207239
0.03705,16.7107,1.7436820988356794
0.03707,16.7945,0.8946800513256121
0.03725,16.7537,0.9053814706133543
0.03725,16.7397,1.0642660553639771
0.0373,16.6168,1.0444813776224064
0.0374,16.7259,1.0512949412985872
0.03753,16.696,1.4530885089353642
0.03756,17.0803,1.4349832849200719
0.03756,16.9655,1.322316701815416
0.03787,16.7533,1.2030883888559478
0.0379,16.8094,1.1553528217388833
0.03796,16.8359,1.1045486308895593
0.03818,16.6408,1.0748394889005521
0.03818,16.6087,1.0894508718157052
0.03828,16.8611,1.210315970934863
0.03834,17.2647,1.4274834847731164
0.03847,16.9724,1.971050427107333
0.03848,17.0034,1.8210477130761842
0.03873,16.7595,0.9840627147290969
0.03884,16.773,1.2093620676621208
0.03902,16.7595,1.3203056238235145
0.03909,16.9432,1.3053094953305135
0.0391,16.9595,1.242714540793661
0.04014,17.031,0.9200431763781524
0.04035,17.2956,1.270314190702442
0.04056,16.7637,1.250543764967864
0.04056,16.8288,1.0472581771941434
0.04077,16.7388,1.1329445569841448
0.04089,16.8733,1.1793538648344695
0.04095,17.1574,1.5968494591225562
0.04099,16.7873,1.568409741585406
0.04101,17.0623,0.613263397423978
0.04167,17.3071,1.58049249530012
0.04222,16.9571,1.602861662153038
0.04258,17.2576,2.200839921302774
0.04268,17.0401,2.158558364835197
0.04268,16.6608,1.5580453510729397
0.04285,16.9991,1.6301871379077926
0.04285,16.9541,1.299186874202476
0.04289,16.9488,1.0006887629028318
0.04306,16.9927,1.131594422397
0.04349,17.1635,1.1517842007077541
0.04349,16.9607,1.296485525912264
0.04349,17.0352,1.046055400158137
0.04369,17.0064,0.990922408455879
0.04408,17.0768,1.033214334008196
0.04438,17.2939,1.2250876139280815
0.04439,17.0386,1.4460184791350352
0.0444,17.298,1.5215500134402418
0.04464,17.2584,1.819542416213483
0.04487,17.2035,1.5419236180174425
0.04521,17.4336,1.653347466142553
0.04545,17.2011,1.7486758767421708
0.04575,17.2104,0.9485084597935856
0.04575,17.2609,1.3225829544871657
0.04583,16.9049,1.056479248684043
0.0459,17.1281,1.09746623337577
0.04625,17.0106,1.2724636745306328
0.04631,17.2864,1.177252881032788
0.04643,17.0717,1.0811313687059496
0.04656,17.2551,1.2505711349219604
0.04664,17.2183,1.2366853424375983
0.04682,17.2256,1.094935420059101
0.04682,17.2327,1.3321412309511331
0.04691,17.5052,1.5481924385876582
0.04738,17.3112,1.6363102986903186
0.0476,17.3479,1.261720030315759
0.04777,17.3416,0.9191183830606371
0.04777,17.3097,1.09561868854999
0.04819,17.2446,1.1290134341539078
0.04837,17.1205,0.9101050718625845
0.0486,17.0773,0.8650005633524177
0.04865,17.388,0.9509781747653308
0.04934,17.3467,1.1708888718832373
0.0494,17.2161,1.1346410113776075
0.04944,17.3298,0.9561340396984096
0.04985,17.3872,1.3035138133905602
0.04989,17.2184,1.3644605448308134
0.05018,17.3163,1.002596923743535
0.05023,17.6053,0.8313460933931187
0.05032,17.2873,2.302022891893128
0.05044,17.2091,2.3782148530147564
0.05049,17.2931,1.0833727460574223
0.05052,17.4506,0.9957034667259124
0.05066,17.5993,1.584402432527797
0.05106,17.6274,1.601237243789939
0.05126,17.14,1.107578206177785
0.05151,17.3332,1.1405581031670418
0.05194,17.5229,1.339344988641836
0.05202,17.6149,1.4708884763298677
0.05202,17.2903,2.2240889853825543
0.05222,17.5881,1.7187613084427982
0.05262,17.6614,1.2784861053214462
0.05309,17.5222,1.130469546958254
0.05316,17.5944,0.9774176318288923
0.05346,17.6101,0.9921442757230422
0.05468,17.5797,0.982340339256207
0.05469,17.6051,1.0426453533680566
0.05502,17.3903,1.014721705198031
0.05541,17.6146,1.10470542050811
0.05614,17.5579,1.1706989605786793
0.05653,17.6568,1.1492214859199248
0.05693,17.7863,1.1327371938362403
0.05708,17.7373,1.0237599898902086
0.05728,17.8157,1.2574692227247553
0.05824,17.7291,1.175566265082492
0.05824,17.6794,1.070747073495884
0.0583,17.7015,0.8919618261786768
0.05886,17.7272,1.357976499759845
0.05886,17.893,1.4074044152623653
0.05974,17.0471,3.173538428473807
0.06092,17.779,3.1826679424658804
0.06099,17.9101,0.7611904162494428
0.06099,17.9395,1.1122419640527865
0.06121,17.8853,1.2393201311202848
0.06137,17.7078,1.2581890108803209
0.06137,17.7161,1.2425933844182497
0.06153,17.8217,0.9611098015263396
0.06372,18.0987,1.2095823148508744
0.06384,17.7667,1.0956596697880232
0.06446,17.8256,0.9420400161139653
0.06533,17.8321,0.9334736439289543
0.06627,18.1087,0.998414753256381
0.06654,17.9097,1.5852062361409005
0.06711,18.1707,1.5617740708566012
0.06725,17.9814,1.1272944283105457
0.06786,18.2405,1.2138863095034889
0.06844,17.9851,1.248027240848532
0.06886,18.1683,1.1286210506188514
0.06897,18.0287,0.918475944774821
0.07023,18.0414,1.486579890688691
0.07056,18.0431,1.55547001800099
0.07056,18.0245,1.6523604061765702
0.07073,18.2257,1.091600628984795
0.07083,18.2284,2.3451452173586183
0.07089,18.2013,2.4994936227564173
0.0709,18.4761,2.5728063190026567
0.07091,18.1182,2.602161682428669
0.07116,18.1022,1.2048767500869124
0.07158,17.9964,1.133384503996768
0.07167,18.1625,1.114859617350992
0.07193,18.3088,1.2033761522898814
0.07222,18.3789,1.0043536468296415
0.07252,18.3695,1.69384473287843
0.07393,18.3005,1.6421773390227987
0.0744,18.1816,1.1599089623328203
0.07446,18.1971,1.2811520035499302
0.0752,18.2233,0.9991939132470734
0.0752,18.3126,0.9145517031639053
0.0756,18.5612,1.4671258141004813
0.07575,18.2931,1.552705416555246
0.07588,18.3812,1.159185137930952
0.07845,18.3185,1.0680163188828156
0.07859,18.5785,0.8142378189570907
0.07875,18.7624,1.3191486760028226
0.07875,18.8412,1.3891866584084371
0.07895,18.3458,2.598423971083241
0.07906,18.5313,2.6272899813686346
0.07931,18.277,0.895612694790555
0.07991,18.3473,0.9380126577504164
0.08009,18.4138,0.7927541665800313
0.08167,18.4685,1.1121871143382305
0.08245,18.5662,1.2798579364913905
0.08282,18.4244,1.502124306007995
0.08309,18.7409,1.4486693200313174
0.0841,18.7156,1.386621143211079
0.08572,18.5876,1.1958699782166955
0.08704,18.5954,1.0378030353588295
0.0887,18.5242,1.5137671579869871
0.09039,18.6672,1.5253858627573549
0.09089,18.7739,1.1437233052622473
0.09205,18.9072,1.127637174937045
0.09293,18.9696,2.5981213102932665
0.0995,19.1847,2.505212411892453
0.10165,19.0452,0.9465476445377697
0.10221,19.1555,1.0873953111449395
0.10246,18.9981,1.1911342345848348
0.10294,18.9285,1.1720177035352324
0.10361,19.0808,0.9175526320435248
0.10374,18.9549,0.9191585609512648
0.10507,19.1765,1.2834601933055814
0.10661,19.0081,1.2674451822071044
0.10707,19.2094,1.0001990226949835
0.10711,19.1765,0.8141075914889874
0.10713,19.5271,2.3852729476938275
0.10774,19.2454,2.36407934219645
0.10794,19.1487,0.9994219812121404
0.10908,19.1486,0.9972177417545277
0.11001,19.3171,0.9338164546526261
0.11259,19.3684,1.0056767644725615
0.11388,19.1346,1.068877553885383
0.1165,19.2878,1.089512587582172
0.11653,19.3772,0.9655093149731907
0.1176,19.3197,1.287554705944567
0.11792,19.3558,1.3793549921974402
0.11818,19.1627,1.0470939215275772
0.11901,19.3099,1.0386964241779213
0.12014,19.3428,1.2340234336510794
0.12058,19.5396,1.2850023019045531
0.12086,19.3818,1.7851037967860581
0.12207,19.3415,1.556464157505723
0.12231,19.3589,1.2881945291763974
0.12278,19.4323,1.206645388587716
0.12316,19.3437,1.4223999868883577
0.12357,19.3634,1.4300221497235628
0.12377,19.5479,1.7653628013810645
0.12383,19.5712,1.7670759602235553
0.12393,19.3974,0.6293806533807661
0.12405,19.582,1.1673570551891996
0.12472,19.5086,1.101519362335497
0.1256,19.8887,1.428458873121659
0.12623,19.2426,1.8834786702800752
0.12706,19.5595,1.633779154781943
0.1271,19.4319,1.7369824056103735
0.1272,19.4899,1.4159872784386165
0.12732,19.5311,0.9644755085641107
0.1292,19.5017,0.9571544809956227
0.12921,19.5873,1.015632073636905
0.1295,19.58,1.5359888683515905
0.12958,19.5899,1.3053486901207663
0.13169,19.549,0.8028409450569894
0.13281,19.5311,0.707047028294441
0.13366,19.5736,1.4691249543180456
0.13372,19.5904,1.5016429035892656
0.13477,19.9836,0.897394809111352
0.13535,19.8245,1.662170682962493
0.13614,19.7241,1.6685853796255077
0.13658,19.5945,1.1442472875650613
0.137,19.7565,1.335784730411304
0.13713,19.7086,1.4505571804654926
0.13745,20.0981,1.481632665035433
0.13822,19.6327,1.080281753294019
0.13826,19.6973,0.8924298603531821
0.1384,19.7699,0.8370299314003055
0.13851,19.7871,1.6317130873103887
0.13875,19.7469,1.6949934062703607
0.1388,19.7937,0.7447659312159761
0.13955,19.7683,0.8488309496006846
0.14082,19.9245,0.9382465826316662
0.14104,20.0305,1.148487201626557
0.14123,19.7877,1.183832980956351
0.14134,19.8707,1.637184161785106
0.14325,19.794,1.3546837247490648
0.14345,20.2624,1.9733905062860722
0.14359,19.8605,1.9416517128465651
0.14404,19.8226,0.7402818317438298
0.14423,19.763,1.2535981397561182
0.14542,19.8988,1.320020120642106
0.14638,19.9327,1.2037434533155311
0.14652,19.905,1.2289339730026183
0.14737,19.7624,1.1895028092442657
0.14747,19.7142,1.0761409833753197
0.14771,19.881,1.048177306136705
0.14778,19.908,1.0538370054235142
0.14803,19.9755,1.0314121477857434
0.14806,19.7852,1.0309751631343986
0.14834,19.7709,0.8542154159987982
0.14898,19.9076,0.9308439061196029
0.1494,19.8574,1.0739480672267165
0.1505,19.8528,1.0661784360978233
0.15084,19.9157,0.9206623345939596
0.15195,19.7947,0.8826477381662516
0.15291,20.0709,1.0782986219039696
0.15318,19.9645,0.9258775633149342
0.15336,19.8461,0.8366929989189583
0.15341,20.0034,1.0349002133056115
0.15357,20.1109,1.0392649350382221
0.15511,19.9546,1.0777108034625986
0.15526,20.025,1.1112701477138671
0.15536,20.1464,1.0535294106003876
0.15601,19.7174,1.031555617841326
0.15671,19.9557,1.2243290803129687
0.15856,19.8264,1.123365477883311
0.15921,20.1737,1.4680070048879195
0.15931,19.6973,1.4552218403391284
0.15948,19.8378,0.6374393073226658
0.16004,19.7898,1.4227382553723646
0.16008,19.9756,1.4620078009709798
0.16053,19.9527,1.1436087738383263
0.16061,20.1712,1.5909934236821974
0.16077,19.9632,1.402598630720849
0.16122,20.0576,1.3773718539668218
0.16236,20.0722,1.4331641802668669
0.16375,20.0277,1.2057608397190547
0.16448,20.0104,1.1727485464497494
0.16471,20.0763,1.0149762043516095
0.16495,20.0652,0.7505286490801001
0.16603,20.2408,1.2405933989829223
0.16606,19.9287,1.3240421522368537
0.16828,20.0227,1.0166053906506693
0.16924,20.2625,0.9436701139699191
0.16971,20.4191,1.4795694152015986
0.17042,20.2212,1.3840617041158245
0.17124,20.2894,1.3643633446410088
0.17169,20.2073,1.560203765826759
0.17256,20.2491,1.1186046703818109
0.1727,20.0146,0.9395813921741959
0.17297,20.4733,1.3482487566840178
0.17331,20.1341,1.3221674924153899
0.17374,20.2873,0.9638308194180139
0.17378,20.0963,0.9705239446608208
0.17392,20.3456,1.6681551328338742
0.17417,20.3204,1.6711015567283756
0.1742,20.0787,0.821927097460596
0.17438,20.2523,0.9821411175131606
0.17443,20.3016,1.261321579098685
0.17444,20.2319,1.1874260403494612
0.17498,20.4904,0.9987462184559198
0.17666,20.2634,0.9813019668583163
0.17713,20.2565,0.9851652767226421
0.17737,20.2241,0.9625263785580113
0.17786,20.0864,1.483330915911888
0.17791,20.3947,1.4186780897723064
0.17852,20.7139,1.0519815508363253
0.17901,20.388,1.1160013409042124
0.17911,20.5142,1.0427973423441392
0.17931,20.2825,1.2455050082998462
0.17952,20.2979,1.6073689878805053
0.17973,20.2989,1.499218965728489
0.17975,20.3432,1.0385891807639824
0.18004,20.7449,1.5221429589233726
0.1805,20.1158,1.357534220231667
0.18073,20.2505,0.6956834220247022
0.18078,20.4636,0.9910492668127049
0.18082,20.3861,0.9523670315587368
0.18086,20.3621,1.2345905694601753
0.18092,20.3683,1.3569613435171983
0.18126,20.4055,1.2645054705694239
0.18136,20.2338,1.1476296746773325
0.18145,20.1423,1.151962941721651
0.18217,20.3333,1.3172122915840103
0.18229,20.2729,0.9714554825878539
0.18231,20.4355,0.9040482058551966
0.18252,20.5291,0.9239335013679285
0.1836,20.3465,1.5388746601981593
0.18375,20.427,1.520277426162738
0.18389,20.499,1.093031289167881
0.18402,20.543,1.1929047575980238
0.18458,20.6854,1.603877868324144
0.18459,20.5361,1.470102854871046
0.18484,20.4018,1.5488099348532085
0.18493,20.36,1.6050393351254666
0.18506,20.4905,0.8389712668679422
0.18515,20.3817,1.0335572162681657
0.18522,20.2897,1.0477006198337386
0.18527,20.5352,0.9192890815244137
0.18667,20.5029,0.8112846912644167
0.18728,20.5164,0.8119668140940244
0.18809,20.4921,1.0328113774063492
0.18906,20.1854,1.0339067805658302
0.18908,20.5559,1.272084440632775
0.18929,20.6829,1.4641039489394188
0.18929,20.8878,1.2048484961189103
0.18948,20.4883,1.2322531661148208
0.18952,20.5094,1.2980656623992486
0.18995,20.4756,1.4093705431858579
0.19025,20.6277,1.1062887579651164
0.19042,20.4362,1.644265008233162
0.19044,20.6652,1.6299870068500546
0.19413,20.5453,1.1553708679900148
0.19434,20.6257,1.3001170871502306
0.19546,20.8813,2.4480967856071376
0.19553,20.4581,2.2807236765772396
0.19557,20.6552,0.9787438365629691
0.19568,20.705,1.2447526576794283
0.19616,20.4758,1.012154645397629
0.19621,20.5217,0.7967505878504264
0.19627,20.5867,1.203668489493681
0.19635,20.6397,1.7218729837011788
0.19733,20.5488,1.5597705562357562
0.19741,20.4402,0.797660815491146
0.19782,20.239,0.9712367526046365
0.19817,20.5031,1.110191244696156
0.19828,20.6349,1.00942793150378
0.19861,21.0716,1.2667682700083707
0.19877,20.6351,1.3607909244994252
0.19878,20.636,1.0960783071021887
0.19908,20.7686,1.1812751756470632
0.19953,20.5981,1.3747860947798387
0.19961,20.4234,1.4815712730746369
0.1997,20.6435,1.2312656436366607
0.20077,20.4307,1.0408538127422122
0.20083,20.7308,1.266388640425995
0.20087,20.5142,1.7118838976986728
0.20128,20.6045,1.6202553004696514
0.20231,20.3654,1.1601554349310268
0.20249,20.7419,1.0585437597473237
0.20279,20.5843,1.019535244314781
0.2032,20.7128,1.0045655369362418
0.20329,20.6292,0.9214621095085788
0.20331,20.6747,1.089953003803375
0.20334,20.6805,1.233114932153528
0.20382,20.6511,1.1921879574966356
0.20469,20.6279,0.9472345676599857
0.20483,20.5897,1.0461841685382167
0.20523,20.9131,1.2743997401129679
0.20562,20.5596,1.2057240537535943
0.20691,20.6695,1.2835192615227868
0.20748,21.063,1.9479114543017606
0.20751,20.8195,1.6693449982852555
0.2084,20.4769,1.5137808777693025
0.20856,20.6228,1.5499124749804423
0.20868,20.8504,1.1650760398360271
0.2087,20.6109,1.3248683029267474
0.20879,20.6268,0.9332786041799094
0.20948,20.5883,1.3745801691789388
0.21015,20.8949,1.3369837690862219
0.21037,20.2013,0.8845039890752331
0.21084,20.7102,1.2239680031765536
0.21095,20.553,1.134252648354854
0.21114,20.7022,0.8653784742065174
0.21134,20.8885,1.3466301223424344
0.21174,20.7146,1.6582618743431328
0.212,20.6606,1.58996303780937
0.21225,20.6844,1.6529980444029568
0.2135,20.7688,1.3646375897284964
0.21365,20.7554,0.9952496479225702
0.21398,20.6344,1.169781508658775
0.2144,20.7649,1.302225301205594
0.21507,20.6295,2.51127952372889
0.21521,21.2111,2.390968424571935
0.21578,20.9723,1.4535866889869349
0.2165,20.5723,1.34059091474618
0.21689,20.8142,1.0318434994707288
0.21692,20.8402,1.2761073380010006
0.21742,20.8865,1.4810045104927938
0.21794,20.7412,1.4311527503379924
0.21845,20.9686,1.0334702113268674
0.21881,20.8886,1.3682499156952286
0.21897,20.9395,1.4111315388368302
0.21898,20.8762,1.3793216186952193
0.21899,20.7766,1.048021106085178
0.21941,20.7518,1.0496521535727918
0.2195,20.8568,1.1389836851772723
0.21972,20.8086,0.7640805320252572
0.21978,20.8352,0.8732595143770264
0.2199,20.9857,1.1525051726998885
0.22017,20.6698,1.4151428487612125
0.22066,20.9346,1.3832601644665403
0.22083,20.8268,1.5418488369811094
0.22132,20.7911,1.3464748215989781
0.22132,20.8058,1.0681112337205334
0.2215,20.9407,1.1030038400658448
0.22299,21.0727,1.4571385173688876
0.22349,20.8981,1.4689352162706155
0.22385,20.7632,0.9241107113652562
0.22449,20.8763,1.0667984208837207
0.22449,20.6919,1.3454273489118616
0.22493,20.8596,1.2917371491909644
0.22542,20.8961,1.0792086987232823
0.22543,20.8799,1.150237464787163
0.22551,20.9326,1.1622842398914304
0.22578,20.7335,1.0828950563651123
0.22645,21.1382,1.0390214694124467
0.22726,20.844,1.2886978518256325
0.22818,20.9706,1.241543985930422
0.22865,20.9074,1.6414093826038647
0.22928,20.9699,1.6745458532688795
0.22978,20.8821,1.0877580788484174
0.2302,20.8753,1.4005987003064082
0.23041,21.0532,1.5139632864108694
0.23082,20.8187,1.9324668644507206
0.23086,20.8519,1.7046779941678136
0.23092,21.0428,1.2510536126801282
0.23125,21.0639,1.2234549159654393
0.23162,20.948,1.1722448722003436
0.23164,20.8345,1.4131474521790004
0.23205,20.9515,1.2378144916343483
0.23282,20.5811,0.9089978690019026
0.23367,20.9327,1.3866997119419906
0.23378,21.1618,1.3722191639457597
0.23391,20.9258,1.6142424202083157
0.23395,20.8859,1.6079694628941186
0.23472,20.9382,1.7613960139048799
0.23481,21.0254,1.7008040266591562
0.23494,20.905,0.9140128041280384
0.2352,20.9099,1.5291422858256194
0.23556,20.9806,1.557217554486206
0.23639,21.1275,1.0808861718978553
0.23662,21.0106,0.8753899628622663
0.23664,21.2144,1.013849946145878
0.23685,20.866,1.2994539223843222
0.23693,20.9749,1.3625169136931843
0.23721,20.9715,1.118504050819665
0.23746,21.4835,1.6290777528098528
0.23789,20.9787,1.6239007038917128
0.2395,20.6529,1.133396034138112
0.23981,20.877,1.1935968012272822
0.2402,21.1317,1.4508328578785359
0.24085,21.1486,1.39942338321896
0.24122,21.0761,0.7471114249628364
0.24151,20.8684,0.888375644719057
0.24164,20.919,1.3660634292740583
0.2422,21.311,1.5357897868849109
0.2428,21.1687,1.2433793205615091
0.24284,21.3204,1.4779444021004309
0.24329,20.9986,1.3448986374816505
0.24354,21.285,1.8023321029987787
0.2441,21.0426,2.1238581980913884
0.24444,20.9534,1.500008915540171
0.24459,20.8733,1.2905789467134507
0.24511,21.0806,1.1903891153316213
0.24523,21.2427,1.1561437568918496
0.24553,21.1052,1.1939918602318862
0.24585,21.1788,1.185362442673126
0.24617,21.0943,0.8899630116246405
0.2465,21.125,0.9911315814360876
0.24656,21.0299,1.2619357184500326
0.2466,21.1377,1.1345079386236132
0.24711,20.9453,0.8106499429655195
0.24846,20.95,0.893784069006603
0.2486,21.2382,1.2410842531834814
0.24861,21.1746,1.2286866635965412
0.24862,21.1127,1.3849923207368335
0.24865,21.0726,1.3551532759802487
0.24896,21.174,1.0864899863781534
0.24909,21.0637,1.075561580059459
0.24972,21.4203,1.3572483391406305
0.24983,21.0431,1.4086256333746026
0.24986,21.1385,1.1872683617868371
0.25019,21.3435,1.1657332680334727
0.25022,21.1234,1.302791650456818
0.25043,21.1615,1.175295998802004
0.25051,21.3162,1.190740497085742
0.25063,21.0479,1.159557050213572
0.2509,21.1343,1.1840564513569445
0.25199,21.2168,1.2910983249931045
0.2526,21.2092,1.0584788004490218
0.2526,21.1536,1.3566216274260114
0.2533,21.1158,1.3497348613709288
0.25358,20.7773,1.4002351023310335
0.25407,21.2016,1.460175646146723
0.25616,21.3928,0.9312356336180441
0.2562,21.3063,1.4330264011873612
0.25637,21.1199,1.4724828420052982
0.25683,21.2493,1.3448246258899337
0.25731,21.3246,1.5173150843183496
0.25736,21.2411,1.3087452528280665
0.25772,21.3558,1.2417414392698667
0.25813,21.275,1.4192530629172515
0.25859,21.2133,1.4065974611096097
0.25865,21.257,1.1283426883265562
0.25904,21.2888,0.9011216174634809
0.25919,21.0349,1.0247068939945705
0.25923,21.1725,0.9785235978196949
0.25948,21.2708,1.2379257656661
0.25952,21.189,1.3103095020261435
0.26062,21.2503,1.0058277267007507
0.26094,21.3598,1.0303511478617375
0.26141,21.194,1.1512037844795333
0.26162,21.1652,1.2921707066018793
0.26172,21.4344,1.447425273062482
0.26173,21.428,1.5426059505914012
0.26175,21.139,1.3988921111722663
0.26184,21.4405,1.5498287395709243
0.262,21.4686,1.3939837283124936
0.26303,22.0111,2.6916710534350217
0.26323,21.3858,2.6134188240693454
0.2636,21.1467,0.8894118881317025
0.26393,21.3058,1.046316867349466
0.26397,21.0505,0.9930733262050693
0.26408,21.3812,1.931025541001465
0.26419,21.2544,2.0103346019008876
0.2646,21.2623,1.1266066456842867
0.26463,21.4189,1.3522957284188988
0.26582,21.3557,1.4925021502162066
0.26583,21.0714,1.6610165095206009
0.2664,21.0371,1.5398209771268867
0.267,21.2933,1.4250551662304165
0.26791,21.2573,1.101269541574632
0.26818,21.2093,1.2794652076551358
0.26859,21.326,1.2136222457173402
0.2686,21.2023,1.2958553964466868
0.26887,21.3509,1.4019614629511041
0.2702,21.3833,1.2328327674100814
0.27021,21.2559,1.0541276068389442
0.27057,21.2609,1.1253900324332005
0.27094,21.2357,1.1550981685120967
0.27141,21.3147,0.7886384419998812
0.27276,21.2885,0.8821170366396968
0.27351,21.2191,1.1041803378524724
0.27456,21.4869,1.6656139656294913
0.27509,21.5239,1.7243714368430023
0.27516,21.2756,1.4647500865335357
0.27585,21.4101,1.3970553023055314
0.27631,21.4219,1.213469174433368
0.27668,21.5974,1.441072972718592
0.27776,21.3656,1.6274985900454721
0.27782,21.6657,1.2296780106597012
0.27935,21.4507,0.9791745637014884
0.2799,21.2526,1.1896871027291167
0.27995,21.3134,1.107638626403034
0.2806,21.4133,0.8826135054484494
0.28132,21.3694,1.0166177162040804
0.28207,21.3456,0.9811038996355075
0.28266,21.491,1.595695553230628
0.28344,21.4066,1.6587021624752287
0.28405,21.3205,0.8854111292953122
0.28446,21.2901,1.0415219249732577
0.28446,21.4389,1.178833141118793
0.28478,21.8605,1.8794526024882883
0.28557,21.4516,1.8090784960305066
0.28588,21.418,0.935319985320532
0.28665,21.3859,1.1575077364320292
0.28734,21.3161,1.496102452140227
0.28758,21.2849,1.6181116368470996
0.28775,21.6223,1.572555576124418
0.28814,21.4545,1.262584930965042
0.28844,21.496,0.922494732602848
0.28854,21.4928,0.8646818881935714
0.28894,21.6903,1.240715500386773
0.28901,21.4898,1.5743777621968622
0.28905,21.4233,1.171674374517084
0.28907,21.449,1.4214004826930375
0.28949,21.7235,1.6257790704766746
0.28995,21.4863,1.5296156985007705
0.29008,21.4768,1.5308828258230607
0.29045,21.5331,1.3545555259567619
0.29123,21.231,1.4796048411315772
0.29193,21.5076,1.20844251199633
0.29196,21.5123,0.9044944521278171
0.29215,21.4975,2.4059905262074497
0.29221,21.1699,2.5663115238411724
0.29251,21.3848,1.4732613063200974
0.29256,21.4422,1.39219565424548
0.29293,21.4928,1.1567242285869177
0.29298,21.5738,1.0702584861144526
0.29365,21.604,1.2369043795702237
0.29504,21.509,1.047610602800487
0.2958,21.7679,1.6285600335879546
0.29587,21.7459,1.5952931550345222
0.29647,21.7408,1.85773749989066
0.29692,21.4065,1.98258347741022
0.29695,21.4975,1.1762788753097626
0.29853,22.0175,1.3448829951337775
0.29855,21.4009,1.5060302475050096
0.29893,21.6665,1.551424080192131
0.29933,21.7583,1.964101827171901
0.29945,21.7683,1.837294138236989
0.29947,21.4805,1.130535964399187
0.3002,21.7307,1.1748370793859035
0.3003,21.6265,1.2980999173022083
0.30089,21.9199,1.6974539460026596
0.30142,21.6055,1.5315063721055815
0.30152,21.8556,1.1400579410714176
0.30251,21.6364,1.2457535895192113
0.30304,21.5674,1.5174473675880822
0.30352,21.6674,1.356831140599301
0.30365,21.8248,0.9553882999806937
0.30404,21.466,1.2976393220768243
0.30406,21.4522,1.1647760302307049
0.30476,21.7881,1.3554827286247508
0.30486,21.6488,1.29649447904725
0.30526,21.3394,1.6053127658808424
0.30538,21.6524,1.6056202849366346
0.30548,21.7511,1.1767417874368191
0.30581,21.6921,1.2838739986462846
0.30652,21.6429,1.0002621311936186
0.30681,21.907,1.317725638894531
0.30691,21.7043,1.1968682757931217
0.30818,21.9488,0.7337966456723553
0.30834,21.7003,1.3225872858908028
0.30878,21.7424,1.3301609062064634
0.30922,21.793,1.27160251592233
0.30938,21.7227,1.7329354568765682
0.30949,21.7647,1.8675444958554535
0.30962,21.467,1.7836699317698888
0.31052,21.3667,1.9126504351292213
0.31061,21.7432,1.817096290596621
0.31088,21.793,1.1489177197258296
0.31144,21.7593,0.9458776136424839
0.31179,21.7847,1.1246569643673576
0.31203,21.6973,1.227810303630003
0.31262,21.7035,0.7446156236743895
0.31267,21.7822,1.4776779882978566
0.3127,21.3709,1.7607869545461767
0.31296,21.7665,1.2730805710166186
0.31303,21.7531,1.140002944426022
0.31387,21.7698,1.192794501161034
0.31453,21.8721,1.155317055747036
0.31506,21.7664,1.198032602227502
0.3152,21.6307,1.4927674940860685
0.31588,21.9503,1.396923923196965
0.31593,21.68,1.4230141718549398
0.31623,21.9449,1.7787287358953865
0.31782,21.8208,1.4740213904825126
0.31804,21.8242,1.022126450054004
0.31822,21.7669,0.8866358037999593
0.3185,22.0815,1.6750172015534646
0.31901,21.888,1.7033888888037283
0.31901,21.6411,1.0249273689876761
0.32096,21.9785,1.2580044059938742
0.32104,21.7016,1.0103378255316386
0.32118,21.9391,1.5343520979879421
0.32206,21.4741,1.6721890696628776
0.32223,21.6098,0.9959234893856054
0.32223,21.6244,0.8883735168778952
0.32276,21.6786,1.2473303153535553
0.32446,21.8169,1.1635717886318833
0.32548,21.9743,0.9635124968779595
0.3256,22.0095,1.4197839624745732
0.3258,21.9109,1.7180889573302076
0.32581,21.7948,1.3890894634255924
0.32632,21.7974,0.9229735339325825
0.32804,21.7472,1.0178980497083192
0.32842,22.0549,1.6654583055423513
0.32848,22.098,1.801982686653787
0.32851,21.681,1.6911935520808965
0.32868,21.8186,1.4911414514391317
0.32868,21.847,0.796297598388944
0.32871,21.6746,1.4022824001605383
0.32907,21.8036,1.2345083454152912
0.32941,22.1579,1.6213112143879103
0.32952,21.9861,1.6339166549123612
0.32968,21.8501,0.6241284912740325
0.32995,21.5914,1.1121312454921857
0.33047,21.9776,1.1146842010632427
0.33056,21.9144,1.0569611696273427
0.33063,21.9159,1.3915720657946538
0.33089,21.9056,1.397146419957479
0.3309,21.743,1.353202810557235
0.33103,21.7568,0.991777982347864
0.33147,21.7771,1.507297694252864
0.33147,21.9805,1.535767856773933
0.33147,21.8482,1.1986767336108597
0.33189,21.7619,1.1796905686662076
0.33237,21.724,0.7787385325319404
0.33298,22.0769,1.0932774819779285
0.3335,21.7495,1.0501752300925784
0.3335,21.7836,0.8639987920246185
0.3345,21.8674,1.284633310520944
0.33498,21.7721,1.2695313365963048
0.3351,21.7712,1.0077326132461923
0.33671,21.7837,1.0299495033252843
0.33749,21.9148,1.4618551425500408
0.33751,21.7568,1.6234761924647987
0.33762,21.8947,1.198136315742078
0.33778,21.9007,1.2349563912543633
0.33818,21.892,1.4397058795115063
0.33848,21.8601,1.1160696494842963
0.33897,21.8025,1.91249105299868
0.34061,21.9207,1.9024058119129053
0.34098,21.8057,1.0928432997003734
0.34111,21.8111,1.3718640905716573
0.34169,21.9592,1.9125518421470304
0.34446,22.0551,1.750910204722104
0.34448,22.0384,1.5948278028677578
0.34487,21.9803,1.5916269366594673
0.34545,21.9503,1.2595584469170138
0.34602,22.0788,1.185719767525194
0.34696,22.1633,1.8525200312817134
0.34717,21.8644,2.024329244490629
0.34881,22.1191,1.3798286557757815
0.3491,21.9969,1.1632740716615324
0.34912,22.029,1.0866866610481607
0.34932,21.8876,1.1437628664631494
0.34939,21.9503,0.8912024899482721
0.34949,21.752,1.2168736745036437
0.34949,22.1226,1.2427928768302463
0.34949,21.8996,0.9891369411208946
0.34968,22.2343,1.5768806017260786
0.35015,21.9337,1.5651219590178909
0.35059,21.9812,0.9111417264619155
0.35099,22.0002,0.9451515624808542
0.35149,22.2268,1.127752062201617
0.35149,22.0813,1.0925620108259302
0.35372,22.1127,0.996245581169623
0.35519,22.2117,1.2418854313905128
0.35774,22.1044,1.611562642189251
0.358,22.1009,1.5918879462135518
0.35842,21.9893,1.2171275707582998
0.3585,21.8954,1.530816852076041
0.35909,21.9002,1.9588573478689049
0.35909,22.1899,1.5621706307890955
0.35946,22.1683,0.8996157533469498
0.36017,21.934,0.9944418349104185
0.36034,21.8261,1.3183885735245129
0.36091,22.1798,1.2429220208846572
0.36147,21.8629,1.4933886463677162
0.3628,21.9922,1.5307797735468025
0.36325,22.111,1.140397012228636
0.36499,22.2096,1.5854833896007867
0.36623,21.883,1.5922903647576343
0.36656,21.9797,1.1089038628754073
0.36713,21.9558,0.8924589996128673
0.3679,22.0097,0.9408062318245984
0.36799,22.2169,0.9120718500754204
0.36839,22.2949,1.5791698734145103
0.36857,22.21,2.150526743521224
0.36962,22.1968,1.8439469775457211
0.36987,21.9655,1.7848102633333327
0.37023,22.1264,1.4463483943711488
0.37052,22.1229,0.9945407746191204
0.37053,22.1303,0.9484070769558819
0.37057,22.3865,1.2817234678353986
0.37062,22.02,1.69064076953089
0.37062,21.8168,1.351264289915189
0.37095,22.1568,1.9709158632980759
0.37138,22.081,2.0013764837731056
0.37153,22.1312,0.56547442001385
0.37153,22.1759,0.8735350213986843
0.37353,22.0584,0.9041135688949702
0.37436,22.2192,1.3410572526555307
0.37676,22.1625,1.2785420235174125
0.37805,22.1068,1.1562224887537864
0.37852,22.1741,1.2211462351823388
0.37991,22.0429,1.260903858032007
0.37997,22.1624,1.2380778683103904
0.38061,22.2084,1.0164407457397602
0.38092,22.1981,1.1855448685309216
0.38129,22.2019,1.2096913953980164
0.38153,22.4245,1.3654988478574415
0.38185,22.3085,1.2400240827500084
0.38248,22.1196,1.4221053487347552
0.38291,22.1148,1.4340007080542185
0.38402,22.2652,1.1790553890297095
0.386,22.2687,1.0732134454058988
0.38672,22.1261,1.435929844421377
0.38744,22.3037,1.6434595755904677
0.38781,22.3772,1.6399097297412442
0.38895,22.13,1.456578576321923
0.38949,22.291,1.0560738224196262
0.39255,22.2212,1.2986417981491278
0.3951,22.2147,1.3487885890309126
0.39706,22.006,1.0273592562487575
0.39944,22.4589,1.5035835810822091
0.4005,22.2388,1.4913355833279107
0.40221,22.2265,0.9262199788225257
0.40293,22.2948,1.5573485022306344
0.40368,22.363,1.5828399112354983
0.40463,22.4217,1.0417945236945718
0.40483,22.0843,1.1152261675104294
0.4055,22.5277,1.05036027085948
0.40646,22.4384,0.8231175105354034
0.40895,22.4472,1.187917873929002
0.4092,22.4875,1.8923897930394784
0.40935,22.4531,1.9759707791867773
0.40949,22.4254,1.2264111524280916
0.41004,22.4306,1.3476234358677501
0.41123,22.409,1.7997106144322204
0.4114,22.5805,1.702955947492477
0.41161,22.5601,1.187160836365486
0.41266,22.5363,1.7695625160756543
0.41657,22.4765,1.699660930803553
0.41857,22.3644,1.0455650064438844
0.41936,22.4333,1.1642741421589675
0.41939,22.2074,1.2110095999206612
0.4196,22.6132,1.4033766729570505
0.41965,22.5451,1.4160881935105596
0.41995,22.1864,1.6149427529172666
0.42036,22.5813,2.0239593864008243
0.42088,22.3648,1.7873143146072545
0.42094,22.475,1.1845285968688135
0.42195,22.2806,1.5834165208181958
0.42247,22.3953,1.407737158350237
0.42249,22.4266,1.5290689832378395
0.42348,22.3425,1.3715320295931845
0.4236,22.5873,2.0638760485794685
0.42399,22.4734,2.0578436803605857
0.42459,22.4953,0.9900858204014438
0.42568,22.4509,1.2116677163727685
0.42602,22.4987,1.0434084784972757
0.427,22.56,1.196526027171996
0.42703,22.5818,1.3298412762807448
0.42793,23.0227,1.2096224048437596
0.42859,22.6295,2.3156837652408413
0.42895,22.3913,2.2704010677631388
0.42903,22.5736,1.3564751550618241
0.42976,22.6689,1.448187171431925
0.4302,22.5824,1.0354256294394109
0.43494,22.5298,1.1049727029207554
0.43546,22.3309,0.9539473552088711
0.43683,22.7521,0.9885338139740086
0.4376,22.3723,0.9890027608707672
0.43783,22.629,1.8512769338216257
0.4389,22.2149,1.9141360047290266
0.43891,22.4152,1.5159742973085
0.43935,22.5732,1.4659589186945179
0.44013,22.8871,2.2674230705582934
0.44067,22.3834,2.2668466087717536
0.44149,22.4293,0.9219256482656288
0.44245,22.5993,1.067541138364232
0.44263,22.6509,0.8893690812649155
0.44361,22.54,0.8944622699141647
0.44391,22.5539,1.489798637266124
0.44764,22.6022,1.6014676902766412
0.44886,22.6323,1.2605517601431526
0.44891,22.7345,1.318529461521433
0.45068,22.3916,1.1675296992796371
0.45106,22.6751,1.10614865994585
0.45162,22.3362,1.3153841259875383
0.45162,22.7393,1.1349069988770004
0.45163,22.4632,1.6004844548760853
0.45218,22.7429,1.985311860791649
0.45328,22.5423,1.586253387577155
0.45346,22.6333,1.0011951156492924
0.45458,22.5343,1.039247369397681
0.45477,22.631,1.5198056186236448
0.45885,22.7149,1.598890133530131
0.46064,22.7491,1.253121537641102
0.46104,22.7632,1.273145907152829
0.46164,22.7309,1.148572474987974
0.46643,23.0894,2.103711320690175
0.46654,22.795,2.105478291077825
0.46842,22.7203,1.0818828380189789
0.46887,22.5101,1.2743674944457741
0.47042,22.9621,2.349074928690015
0.47065,22.7605,2.161831092153131
0.47163,22.7268,1.063606607303659
0.47204,22.7844,1.4903915683806053
0.47565,22.685,1.3677462420712403
0.47786,22.9739,1.3569915069741594
0.47941,22.6165,1.384750806607456
0.47946,22.7577,1.1320372519047242
0.47988,22.6426,1.2999238855025321
0.48064,22.7511,1.2218282087920544
0.48065,22.7218,0.8097661470758085
0.48164,23.0525,1.154518732329623
0.48888,22.8312,1.2433743700511122
0.49244,23.0253,1.7515926250986558
0.49499,22.8291,1.7698071484204148
0.49566,22.8923,0.7825367779663778
0.49579,22.8287,0.7714559532403649
0.49739,22.8738,1.1541472582387398
0.50067,23.004,1.4351505662124793
0.50098,22.8635,1.664592867700688
0.50282,22.908,1.4910990492921656
0.50285,22.8173,1.5441407552098352
0.50306,22.8954,1.8528090954547907
0.50316,22.8914,1.5938662033244824
0.50593,22.826,1.16516187523451
0.50615,22.8513,0.8966370113931278
0.50725,22.9828,0.9077236095585484
0.50739,22.9889,1.5536531701766645
0.50825,22.7663,1.566771943647192
0.51016,22.8415,0.8140089180899679
0.51095,22.8053,1.293142274809698
0.51169,23.1355,1.5042549802144582
0.51387,23.0037,2.1024305453688594
0.51437,22.9729,1.9387552177879497
0.51469,23.0729,2.235660886136357
0.51726,22.8402,2.2563962629378733
0.51883,22.9419,1.3133837245451156
0.51885,22.9294,1.3854265638062524
0.51941,22.9908,1.6452464799536877
0.51968,23.0375,1.783938566935532
0.52271,23.0966,1.3838359304122725
0.524,22.9244,2.0490723636806973
0.5262,22.9172,1.9243113974094734
0.52859,22.8325,1.1810077863418174
0.52937,23.0383,0.9515885550120914
0.53099,22.6272,1.1868462662872559
0.53111,23.2579,1.4802714114985804
0.53124,23.2723,2.048835466210013
0.53225,22.7291,1.9431499401229952
0.53271,22.9942,1.5816339272410667
0.53372,22.9119,1.735801949388236
0.53435,22.8903,1.4601679394850444
0.53534,23.0675,1.4369896393154684
0.53572,22.9604,1.3799430067216545
0.53942,23.0808,1.338851246890408
0.54097,23.0261,1.4718024683699915
0.54152,23.277,1.4394228751482312
0.54545,23.3103,1.27259936350762
0.54834,22.7705,1.8078219089832936
0.54881,22.9165,2.3852414537316764
0.55021,23.0723,1.8921142369846489
0.55033,23.1198,1.0402226565980959
0.55046,23.1574,1.9190584531483141
0.55267,22.9408,1.968446777436464
0.55375,23.237,1.2325281452770156
0.55384,22.8297,1.1245247191147023
0.55782,23.1859,1.0114233182500787
0.55882,23.4801,1.8028315519759466
0.55882,23.0445,2.6738696192222986
0.56181,23.0407,1.9761228516213256
0.56269,23.3486,1.5186446885627987
0.56283,23.1766,1.5158439736661553
0.56437,23.1398,1.3542088802692147
0.56437,23.2351,1.2262890251078657
0.56437,23.1439,1.5730765420983177
0.56481,23.2343,1.5327263012684293
0.56879,22.9877,1.1023602476958247
0.57542,22.9382,2.417507758105442
0.57577,23.3385,2.2829968144962445
0.57619,23.2357,1.1221479198840054
0.57668,23.1733,1.0914393334949954
0.57737,23.392,1.4532289746629745
0.5783,23.1644,1.6332748983866738
0.57831,23.1982,1.4240965254855444
0.57882,23.1742,1.3586413209894657
0.57891,23.2787,1.2943554836288214
0.57967,23.1393,1.365198859763661
0.58067,23.32,1.4398169837170278
0.5808,23.4531,1.5090446603397794
0.58301,23.2878,1.1913688159424016
0.5833,23.5444,1.0336722846724682
0.58382,23.2235,1.150262368375146
0.58382,23.3959,1.18080906847805
0.5839,23.1669,0.990214483296422
0.58582,23.454,1.9920766634846159
0.5873,23.3711,2.0336746583217287
0.58879,23.2491,1.1958312686579156
0.59029,23.2626,1.392812084058722
0.59179,23.1978,1.4959542311180514
0.60067,23.3586,1.49137974074345
0.60155,23.5032,2.111487688952981
0.60328,23.4973,2.0087460056463087
0.60626,23.3628,1.4602499283341877
0.60827,23.3374,1.5443926205469902
0.60876,23.1752,1.8696234571966623
0.60878,23.3649,1.8881523148040784
0.60981,23.4346,1.8215039531112744
0.61071,23.4156,1.7293405784575808
0.61127,23.6519,1.3201939991531548
0.61177,23.448,1.2953952406891112
0.61577,23.4555,1.7462591807919006
0.61875,23.4634,2.3180334365146678
0.61941,23.4418,1.991182200904779
0.61983,23.5027,1.3068201304311164
0.6207,23.4458,1.3275677177455016
0.62183,23.3364,1.6788349271146343
0.62525,23.4047,1.4243867823733833
0.62725,23.332,1.3747185838199758
0.63077,23.4102,1.3802929680687357
0.63183,23.0581,1.609413674913942
0.63225,23.5963,1.9851296900202766
0.63399,23.3442,1.4778521886169809
0.63777,23.2768,2.323016508550897
0.63794,23.6107,2.5119124984162964
0.63824,23.4064,2.079995735788898
0.63873,23.5274,2.0659412330460905
0.63934,23.537,1.289582387441764
0.64185,23.5946,1.2242932225165668
0.64311,23.1079,2.1221788392828724
0.64371,23.5462,2.2145712366957175
0.64371,23.5504,1.7633037640179867
0.6477,23.566,1.8224350991187588
0.64852,23.7867,1.59202326412022
0.6487,23.4805,1.8404111442827116
0.64962,23.5275,1.6103248090369844
0.66213,23.7263,1.4184748428153386
0.6647,23.6168,1.7183001739800878
0.67072,23.8147,1.5451173516597372
0.67773,23.9721,1.7745358994959781
0.6819,23.5846,1.71182099157593
0.68372,23.9186,2.088693154989502
0.68519,23.7636,2.3768729838171834
0.68872,23.5607,1.7767519403394498
0.68935,23.6005,1.1216192672649663
0.68936,23.7914,1.242536937036481
0.69072,23.6613,2.4400762217193135
0.69318,23.6632,2.6741150935963844
0.69718,23.7162,1.5856782123747555
0.69818,23.7141,1.8579958698016528
0.69918,23.6872,2.156547471075005
0.69918,23.8161,1.8244131981818155
0.69932,23.8577,1.278509121672583
0.69992,23.8617,1.5720769365078797
0.7007,23.664,1.7382837887698315
0.70117,23.8438,1.205870237380457
0.70192,23.6432,2.485698678319639
0.70192,23.7903,2.5390880175763897
0.71571,23.7414,1.3995948240115779
0.71874,23.6209,1.34144138645712
0.71968,23.9108,1.0543506216624525
0.71969,23.717,1.7614110313893234
0.72015,23.9082,1.8758869502984448
0.72074,23.7929,1.6469515774606125
0.72674,23.8281,1.6776449383287275
0.72774,23.755,1.433768077096153
0.72866,23.752,1.5680029016554784
0.73014,23.6656,1.856007318978026
0.73161,23.9269,1.7022598941994727
0.73368,23.7315,0.951199281728072
0.73395,23.967,1.9879704935687552
0.73495,24.0007,2.0108413902891495
0.73568,23.9277,1.1787224007797594
0.73596,23.9145,2.5478535924970256
0.73675,23.739,2.346389334829154
0.74196,24.2283,1.9926278686950054
0.74276,23.8295,2.0941989703941695
0.74573,23.9145,1.5936862822400149
0.74607,23.7287,1.2702808537878543
0.74911,23.6866,1.5853737175505338
0.7493,23.9242,1.2913765989826516
0.75074,23.6482,1.6071367373375547
0.75899,23.9939,1.7451658230666793
0.76076,23.8137,1.2304731226239767
0.7611,23.9237,1.3904827446250456
0.76165,23.878,1.4624644718419657
0.76566,23.9839,1.5073689778219532
0.76666,24.1694,1.448885637170857
0.76674,24.1093,1.589471188792046
0.76709,24.3057,1.5763871080416765
0.76865,24.0399,1.924598963628527
0.76932,23.9638,1.6762149892540634
0.77309,24.1038,1.4120239427502637
0.77929,23.7865,1.8601483093291244
0.78807,24.0512,1.6050203370985678
0.78907,24.1307,1.5596020090394858
0.78928,23.9465,1.4103410024884053
0.79662,23.6496,2.072891868019169
0.79863,24.1808,2.589292930531422
0.83981,24.107,1.443348560085193
0.83981,23.9482,2.0160901228863755
0.85482,24.3638,2.172012289721216
0.93585,24.2801,1.597842162918478
0.97423,24.8581,1.3369416142449901
1.01242,24.8647,1.9619163443939194
1.01988,25.0227,1.9608463549702206
1.02088,24.7176,2.4814664594751226
1.02789,25.2834,2.6911299514701996
1.04817,25.1699,2.794607134893919
1.12092,25.1875,2.545895238968014
1.23225,25.0677,3.135181081420976
1.23597,25.652,3.1700465610145225
1.29911,25.6111,1.507243784296356
1.3041,25.4676,1.7790435476401358
1.30611,25.7667,2.5408693042539596
1.31317,25.5337,2.635051216485175
1.3291,25.6215,1.6451574055086644
1.34101,25.5011,1.6966796247966203
1.35136,25.2962,1.9352648126031744
1.35608,25.5564,1.7690997811033724
1.39103,25.5414,1.5226666673635434
1.41633,25.2049,3.7866816529779737
1.5429,25.8372,3.980442011636396
1.54901,26.04,1.737472458975969
1.61505,25.9065,1.7267661752246597
1.69706,26.0333,2.2324731261764383
1.80119,26.2335,2.0321151649943463
1.91165,26.1703,2.1423549900284966
2.26137,26.9298,2.1551314149721823
